time_step,gamma_dose,is_anomaly
0.000000000000000000e+00,9.918195093980502008e+01,0.000000000000000000e+00
1.000000000000000000e+00,9.868444663363870006e+01,0.000000000000000000e+00
2.000000000000000000e+00,1.009750580400744440e+02,0.000000000000000000e+00
3.000000000000000000e+00,9.987405983595310488e+01,0.000000000000000000e+00
4.000000000000000000e+00,9.776677572376075886e+01,0.000000000000000000e+00
5.000000000000000000e+00,1.023872645996321182e+02,0.000000000000000000e+00
6.000000000000000000e+00,9.875360352782590212e+01,0.000000000000000000e+00
7.000000000000000000e+00,9.959109105347167201e+01,0.000000000000000000e+00
8.000000000000000000e+00,1.047458658856157712e+02,0.000000000000000000e+00
9.000000000000000000e+00,9.441701852430720976e+01,0.000000000000000000e+00
1.000000000000000000e+01,1.046361473783741189e+02,0.000000000000000000e+00
1.100000000000000000e+01,1.056314977096766796e+02,0.000000000000000000e+00
1.200000000000000000e+01,1.007483057180638184e+02,0.000000000000000000e+00
1.300000000000000000e+01,9.811731029864323261e+01,0.000000000000000000e+00
1.400000000000000000e+01,9.973858640332055359e+01,0.000000000000000000e+00
1.500000000000000000e+01,1.004801982209249473e+02,0.000000000000000000e+00
1.600000000000000000e+01,1.025547045185523558e+02,0.000000000000000000e+00
1.700000000000000000e+01,9.599867914102605937e+01,0.000000000000000000e+00
1.800000000000000000e+01,1.043222068809076291e+02,0.000000000000000000e+00
1.900000000000000000e+01,9.887579865989081895e+01,0.000000000000000000e+00
2.000000000000000000e+01,1.035169417701772687e+02,0.000000000000000000e+00
2.100000000000000000e+01,9.705235581965141023e+01,0.000000000000000000e+00
2.200000000000000000e+01,9.849411936777300980e+01,0.000000000000000000e+00
2.300000000000000000e+01,1.022358452084919236e+02,0.000000000000000000e+00
2.400000000000000000e+01,1.041539306048483837e+02,0.000000000000000000e+00
2.500000000000000000e+01,1.082018411235467426e+02,0.000000000000000000e+00
2.600000000000000000e+01,1.070261956482049754e+02,0.000000000000000000e+00
2.700000000000000000e+01,9.821019750830299699e+01,0.000000000000000000e+00
2.800000000000000000e+01,9.741896414448871155e+01,0.000000000000000000e+00
2.900000000000000000e+01,9.443244396714602829e+01,0.000000000000000000e+00
3.000000000000000000e+01,1.009187698351816778e+02,0.000000000000000000e+00
3.100000000000000000e+01,1.029323169236213005e+02,0.000000000000000000e+00
3.200000000000000000e+01,1.033749266536566012e+02,0.000000000000000000e+00
3.300000000000000000e+01,1.048372786097486085e+02,0.000000000000000000e+00
3.400000000000000000e+01,1.005513415825204646e+02,0.000000000000000000e+00
3.500000000000000000e+01,9.846031286845156671e+01,0.000000000000000000e+00
3.600000000000000000e+01,1.072403569903148650e+02,0.000000000000000000e+00
3.700000000000000000e+01,1.037494985876232931e+02,0.000000000000000000e+00
3.800000000000000000e+01,9.829942029619496680e+01,0.000000000000000000e+00
3.900000000000000000e+01,1.054562349444887275e+02,0.000000000000000000e+00
4.000000000000000000e+01,1.027672540743641463e+02,0.000000000000000000e+00
4.100000000000000000e+01,9.622079184662966611e+01,0.000000000000000000e+00
4.200000000000000000e+01,1.004455328122834743e+02,0.000000000000000000e+00
4.300000000000000000e+01,9.854871177582360531e+01,0.000000000000000000e+00
4.400000000000000000e+01,1.037615550376032445e+02,0.000000000000000000e+00
4.500000000000000000e+01,1.005202968464472804e+02,0.000000000000000000e+00
4.600000000000000000e+01,1.054062360453565219e+02,0.000000000000000000e+00
4.700000000000000000e+01,9.236361809182851346e+01,0.000000000000000000e+00
4.800000000000000000e+01,9.488617535504812395e+01,0.000000000000000000e+00
4.900000000000000000e+01,1.035898913670721839e+02,0.000000000000000000e+00
5.000000000000000000e+01,1.024199918945199812e+02,0.000000000000000000e+00
5.100000000000000000e+01,9.826310306272132777e+01,0.000000000000000000e+00
5.200000000000000000e+01,1.023227587782461683e+02,0.000000000000000000e+00
5.300000000000000000e+01,9.914395070036184165e+01,0.000000000000000000e+00
5.400000000000000000e+01,9.549725747027214595e+01,0.000000000000000000e+00
5.500000000000000000e+01,1.076158878565890404e+02,0.000000000000000000e+00
5.600000000000000000e+01,1.022209027016964882e+02,0.000000000000000000e+00
5.700000000000000000e+01,9.988273568319225149e+01,0.000000000000000000e+00
5.800000000000000000e+01,1.012488572488946232e+02,0.000000000000000000e+00
5.900000000000000000e+01,9.457235510578230731e+01,0.000000000000000000e+00
6.000000000000000000e+01,1.021304193492783980e+02,0.000000000000000000e+00
6.100000000000000000e+01,9.717345675928329740e+01,0.000000000000000000e+00
6.200000000000000000e+01,1.017123574484769364e+02,0.000000000000000000e+00
6.300000000000000000e+01,1.002022313573850454e+02,0.000000000000000000e+00
6.400000000000000000e+01,9.858672224385583149e+01,0.000000000000000000e+00
6.500000000000000000e+01,9.733384395494226737e+01,0.000000000000000000e+00
6.600000000000000000e+01,1.005724770397458627e+02,0.000000000000000000e+00
6.700000000000000000e+01,1.006538540078688300e+02,0.000000000000000000e+00
6.800000000000000000e+01,1.040800853960396211e+02,0.000000000000000000e+00
6.900000000000000000e+01,1.013524660532579986e+02,0.000000000000000000e+00
7.000000000000000000e+01,9.942745247173584744e+01,0.000000000000000000e+00
7.100000000000000000e+01,9.565183542219135404e+01,0.000000000000000000e+00
7.200000000000000000e+01,9.545421670134385295e+01,0.000000000000000000e+00
7.300000000000000000e+01,9.908989514062500348e+01,0.000000000000000000e+00
7.400000000000000000e+01,1.062099267748097304e+02,0.000000000000000000e+00
7.500000000000000000e+01,9.596925569563579472e+01,0.000000000000000000e+00
7.600000000000000000e+01,1.025696661146973270e+02,0.000000000000000000e+00
7.700000000000000000e+01,1.003104205158256548e+02,0.000000000000000000e+00
7.800000000000000000e+01,1.056237655871807277e+02,0.000000000000000000e+00
7.900000000000000000e+01,1.017450417316600380e+02,0.000000000000000000e+00
8.000000000000000000e+01,1.034763037783664998e+02,0.000000000000000000e+00
8.100000000000000000e+01,1.016928056587843940e+02,0.000000000000000000e+00
8.200000000000000000e+01,9.706982564532259516e+01,0.000000000000000000e+00
8.300000000000000000e+01,1.026744515912596682e+02,0.000000000000000000e+00
8.400000000000000000e+01,9.455113037251260266e+01,0.000000000000000000e+00
8.500000000000000000e+01,9.924648120888421943e+01,0.000000000000000000e+00
8.600000000000000000e+01,9.932373635257943079e+01,0.000000000000000000e+00
8.700000000000000000e+01,9.920358324178039311e+01,0.000000000000000000e+00
8.800000000000000000e+01,1.052458190866903891e+02,0.000000000000000000e+00
8.900000000000000000e+01,1.025317929850151017e+02,0.000000000000000000e+00
9.000000000000000000e+01,9.826210615780884439e+01,0.000000000000000000e+00
9.100000000000000000e+01,1.005923250494394381e+02,0.000000000000000000e+00
9.200000000000000000e+01,1.002925865156316405e+02,0.000000000000000000e+00
9.300000000000000000e+01,1.015182827429636916e+02,0.000000000000000000e+00
9.400000000000000000e+01,1.019112852920639511e+02,0.000000000000000000e+00
9.500000000000000000e+01,1.011498676233474754e+02,0.000000000000000000e+00
9.600000000000000000e+01,9.693353802980591638e+01,0.000000000000000000e+00
9.700000000000000000e+01,9.901631537974833464e+01,0.000000000000000000e+00
9.800000000000000000e+01,1.017519711252480903e+02,0.000000000000000000e+00
9.900000000000000000e+01,9.948445536558784852e+01,0.000000000000000000e+00
1.000000000000000000e+02,1.016833953674592976e+02,0.000000000000000000e+00
1.010000000000000000e+02,1.085111558334284041e+02,0.000000000000000000e+00
1.020000000000000000e+02,9.657185291415517270e+01,0.000000000000000000e+00
1.030000000000000000e+02,1.089806354073747627e+02,0.000000000000000000e+00
1.040000000000000000e+02,9.827356965887490503e+01,0.000000000000000000e+00
1.050000000000000000e+02,1.022797115118929554e+02,0.000000000000000000e+00
1.060000000000000000e+02,9.881513261307287621e+01,0.000000000000000000e+00
1.070000000000000000e+02,1.006593373686220616e+02,0.000000000000000000e+00
1.080000000000000000e+02,9.846072499410345813e+01,0.000000000000000000e+00
1.090000000000000000e+02,9.575989458641409158e+01,0.000000000000000000e+00
1.100000000000000000e+02,9.750443100502634763e+01,0.000000000000000000e+00
1.110000000000000000e+02,1.047284239274013515e+02,0.000000000000000000e+00
1.120000000000000000e+02,1.071111729840043978e+02,0.000000000000000000e+00
1.130000000000000000e+02,1.029072567751008336e+02,0.000000000000000000e+00
1.140000000000000000e+02,1.016118560833020865e+02,0.000000000000000000e+00
1.150000000000000000e+02,9.811227815747615466e+01,0.000000000000000000e+00
1.160000000000000000e+02,9.965503388743647406e+01,0.000000000000000000e+00
1.170000000000000000e+02,9.938856087491612357e+01,0.000000000000000000e+00
1.180000000000000000e+02,1.044726032653512533e+02,0.000000000000000000e+00
1.190000000000000000e+02,1.028811938391452685e+02,0.000000000000000000e+00
1.200000000000000000e+02,1.073083848668802176e+02,0.000000000000000000e+00
1.210000000000000000e+02,1.073424514025654446e+02,0.000000000000000000e+00
1.220000000000000000e+02,9.633374208956136897e+01,0.000000000000000000e+00
1.230000000000000000e+02,9.659411220331378445e+01,0.000000000000000000e+00
1.240000000000000000e+02,1.018092918883854310e+02,0.000000000000000000e+00
1.250000000000000000e+02,9.702376919351723927e+01,0.000000000000000000e+00
1.260000000000000000e+02,1.026389639824362234e+02,0.000000000000000000e+00
1.270000000000000000e+02,1.003873480228443924e+02,0.000000000000000000e+00
1.280000000000000000e+02,1.026524570484761796e+02,0.000000000000000000e+00
1.290000000000000000e+02,1.049847958974863076e+02,0.000000000000000000e+00
1.300000000000000000e+02,1.012915685926159739e+02,0.000000000000000000e+00
1.310000000000000000e+02,1.003100343378410884e+02,0.000000000000000000e+00
1.320000000000000000e+02,1.052277193336632308e+02,0.000000000000000000e+00
1.330000000000000000e+02,1.011882621955497257e+02,0.000000000000000000e+00
1.340000000000000000e+02,1.016372106310534775e+02,0.000000000000000000e+00
1.350000000000000000e+02,1.002119930592944570e+02,0.000000000000000000e+00
1.360000000000000000e+02,1.016398251404215500e+02,0.000000000000000000e+00
1.370000000000000000e+02,1.092061585137505375e+02,0.000000000000000000e+00
1.380000000000000000e+02,1.053199979137349658e+02,0.000000000000000000e+00
1.390000000000000000e+02,1.004736945109449806e+02,0.000000000000000000e+00
1.400000000000000000e+02,1.007579278239409177e+02,0.000000000000000000e+00
1.410000000000000000e+02,9.748671767263739696e+01,0.000000000000000000e+00
1.420000000000000000e+02,1.026848401680327925e+02,0.000000000000000000e+00
1.430000000000000000e+02,1.047594897692684555e+02,0.000000000000000000e+00
1.440000000000000000e+02,9.679088856655010886e+01,0.000000000000000000e+00
1.450000000000000000e+02,1.046318379882848717e+02,0.000000000000000000e+00
1.460000000000000000e+02,1.032037278821855182e+02,0.000000000000000000e+00
1.470000000000000000e+02,1.035851074194345358e+02,0.000000000000000000e+00
1.480000000000000000e+02,1.014444442647539404e+02,0.000000000000000000e+00
1.490000000000000000e+02,1.051056798298234298e+02,0.000000000000000000e+00
1.500000000000000000e+02,9.846614630327972861e+01,0.000000000000000000e+00
1.510000000000000000e+02,1.026146638090653482e+02,0.000000000000000000e+00
1.520000000000000000e+02,9.905093790926002839e+01,0.000000000000000000e+00
1.530000000000000000e+02,1.019402926344506284e+02,0.000000000000000000e+00
1.540000000000000000e+02,9.660213601800857930e+01,0.000000000000000000e+00
1.550000000000000000e+02,9.977023130853551436e+01,0.000000000000000000e+00
1.560000000000000000e+02,8.943335936968277622e+01,0.000000000000000000e+00
1.570000000000000000e+02,1.038465240088730610e+02,0.000000000000000000e+00
1.580000000000000000e+02,1.050463370102658018e+02,0.000000000000000000e+00
1.590000000000000000e+02,1.038005400934732734e+02,0.000000000000000000e+00
1.600000000000000000e+02,9.940812248961805153e+01,0.000000000000000000e+00
1.610000000000000000e+02,1.033154880210598918e+02,0.000000000000000000e+00
1.620000000000000000e+02,1.014776880849998264e+02,0.000000000000000000e+00
1.630000000000000000e+02,1.007091539784291996e+02,0.000000000000000000e+00
1.640000000000000000e+02,9.853990472795585731e+01,0.000000000000000000e+00
1.650000000000000000e+02,1.066220750561811172e+02,0.000000000000000000e+00
1.660000000000000000e+02,1.077474212771864046e+02,0.000000000000000000e+00
1.670000000000000000e+02,1.058875097119154418e+02,0.000000000000000000e+00
1.680000000000000000e+02,1.001063517789854842e+02,0.000000000000000000e+00
1.690000000000000000e+02,1.013468686881078753e+02,0.000000000000000000e+00
1.700000000000000000e+02,9.893934115015335351e+01,0.000000000000000000e+00
1.710000000000000000e+02,9.613400627089225736e+01,0.000000000000000000e+00
1.720000000000000000e+02,1.070044669262890409e+02,0.000000000000000000e+00
1.730000000000000000e+02,9.741841874386747691e+01,0.000000000000000000e+00
1.740000000000000000e+02,1.003932935586688728e+02,0.000000000000000000e+00
1.750000000000000000e+02,1.034575823891452302e+02,0.000000000000000000e+00
1.760000000000000000e+02,1.050840176946577031e+02,0.000000000000000000e+00
1.770000000000000000e+02,1.096008361392102302e+02,0.000000000000000000e+00
1.780000000000000000e+02,1.062117558791441496e+02,0.000000000000000000e+00
1.790000000000000000e+02,1.053886433057906515e+02,0.000000000000000000e+00
1.800000000000000000e+02,1.017802964837449764e+02,0.000000000000000000e+00
1.810000000000000000e+02,1.045551881017558458e+02,0.000000000000000000e+00
1.820000000000000000e+02,9.988662171929205158e+01,0.000000000000000000e+00
1.830000000000000000e+02,1.031078940581339936e+02,0.000000000000000000e+00
1.840000000000000000e+02,9.922063118659859526e+01,0.000000000000000000e+00
1.850000000000000000e+02,1.016607386108164519e+02,0.000000000000000000e+00
1.860000000000000000e+02,1.014578010135878685e+02,0.000000000000000000e+00
1.870000000000000000e+02,9.873492905587197299e+01,0.000000000000000000e+00
1.880000000000000000e+02,1.088339727502249872e+02,0.000000000000000000e+00
1.890000000000000000e+02,1.002971346146675273e+02,0.000000000000000000e+00
1.900000000000000000e+02,1.007874662294249077e+02,0.000000000000000000e+00
1.910000000000000000e+02,9.954776488053337857e+01,0.000000000000000000e+00
1.920000000000000000e+02,9.989246737612317872e+01,0.000000000000000000e+00
1.930000000000000000e+02,9.800497711177334281e+01,0.000000000000000000e+00
1.940000000000000000e+02,1.018196317927019976e+02,0.000000000000000000e+00
1.950000000000000000e+02,1.001656582110440468e+02,0.000000000000000000e+00
1.960000000000000000e+02,1.057496930659471133e+02,0.000000000000000000e+00
1.970000000000000000e+02,1.095443663742070584e+02,0.000000000000000000e+00
1.980000000000000000e+02,1.042477124071047143e+02,0.000000000000000000e+00
1.990000000000000000e+02,1.072866889049723795e+02,0.000000000000000000e+00
2.000000000000000000e+02,1.025232062510678333e+02,0.000000000000000000e+00
2.010000000000000000e+02,1.089817844309449413e+02,0.000000000000000000e+00
2.020000000000000000e+02,1.010426066414949418e+02,0.000000000000000000e+00
2.030000000000000000e+02,9.114161305598848628e+01,0.000000000000000000e+00
2.040000000000000000e+02,1.019475119952229534e+02,0.000000000000000000e+00
2.050000000000000000e+02,1.034164206069371090e+02,0.000000000000000000e+00
2.060000000000000000e+02,1.019389395357614632e+02,0.000000000000000000e+00
2.070000000000000000e+02,1.072398330820951884e+02,0.000000000000000000e+00
2.080000000000000000e+02,9.961173151263422199e+01,0.000000000000000000e+00
2.090000000000000000e+02,1.006909438680016535e+02,0.000000000000000000e+00
2.100000000000000000e+02,1.015349283210366309e+02,0.000000000000000000e+00
2.110000000000000000e+02,9.288344335301403021e+01,0.000000000000000000e+00
2.120000000000000000e+02,1.021767866961970128e+02,0.000000000000000000e+00
2.130000000000000000e+02,1.001870468990466208e+02,0.000000000000000000e+00
2.140000000000000000e+02,1.002588212109744603e+02,0.000000000000000000e+00
2.150000000000000000e+02,9.742445517547459133e+01,0.000000000000000000e+00
2.160000000000000000e+02,9.302092089141486042e+01,0.000000000000000000e+00
2.170000000000000000e+02,1.087154637946754008e+02,0.000000000000000000e+00
2.180000000000000000e+02,1.031688964731483793e+02,0.000000000000000000e+00
2.190000000000000000e+02,1.030958121539811714e+02,0.000000000000000000e+00
2.200000000000000000e+02,9.632299300663832753e+01,0.000000000000000000e+00
2.210000000000000000e+02,9.994861075854733201e+01,0.000000000000000000e+00
2.220000000000000000e+02,1.042250486605496462e+02,0.000000000000000000e+00
2.230000000000000000e+02,1.060926619491334151e+02,0.000000000000000000e+00
2.240000000000000000e+02,1.010701669179039186e+02,0.000000000000000000e+00
2.250000000000000000e+02,9.936496648726757996e+01,0.000000000000000000e+00
2.260000000000000000e+02,1.038038208542537291e+02,0.000000000000000000e+00
2.270000000000000000e+02,1.024850531762531460e+02,0.000000000000000000e+00
2.280000000000000000e+02,1.088623982668599410e+02,0.000000000000000000e+00
2.290000000000000000e+02,9.955311038839974458e+01,0.000000000000000000e+00
2.300000000000000000e+02,1.082768536447259038e+02,0.000000000000000000e+00
2.310000000000000000e+02,9.796594116340975233e+01,0.000000000000000000e+00
2.320000000000000000e+02,1.072111758069053309e+02,0.000000000000000000e+00
2.330000000000000000e+02,9.539431238379786748e+01,0.000000000000000000e+00
2.340000000000000000e+02,1.059514566421694042e+02,0.000000000000000000e+00
2.350000000000000000e+02,9.766800795766432941e+01,0.000000000000000000e+00
2.360000000000000000e+02,1.013092713851001179e+02,0.000000000000000000e+00
2.370000000000000000e+02,1.024508084944470880e+02,0.000000000000000000e+00
2.380000000000000000e+02,1.031809945972728286e+02,0.000000000000000000e+00
2.390000000000000000e+02,1.029390836385894659e+02,0.000000000000000000e+00
2.400000000000000000e+02,1.030289605579531838e+02,0.000000000000000000e+00
2.410000000000000000e+02,9.578916086674232133e+01,0.000000000000000000e+00
2.420000000000000000e+02,1.088124188666732266e+02,0.000000000000000000e+00
2.430000000000000000e+02,1.022497131238128674e+02,0.000000000000000000e+00
2.440000000000000000e+02,9.620335846870548835e+01,0.000000000000000000e+00
2.450000000000000000e+02,9.861802411681179592e+01,0.000000000000000000e+00
2.460000000000000000e+02,1.067479912680907148e+02,0.000000000000000000e+00
2.470000000000000000e+02,1.021012287927335507e+02,0.000000000000000000e+00
2.480000000000000000e+02,1.027800149496876827e+02,0.000000000000000000e+00
2.490000000000000000e+02,1.034031137525399799e+02,0.000000000000000000e+00
2.500000000000000000e+02,1.000681345092543921e+02,0.000000000000000000e+00
2.510000000000000000e+02,9.741361123708128389e+01,0.000000000000000000e+00
2.520000000000000000e+02,1.013635863774444346e+02,0.000000000000000000e+00
2.530000000000000000e+02,9.686581254373511740e+01,0.000000000000000000e+00
2.540000000000000000e+02,1.001391965049269714e+02,0.000000000000000000e+00
2.550000000000000000e+02,1.022898315198542463e+02,0.000000000000000000e+00
2.560000000000000000e+02,1.020593323698248014e+02,0.000000000000000000e+00
2.570000000000000000e+02,9.808974791004546034e+01,0.000000000000000000e+00
2.580000000000000000e+02,1.060451276673384626e+02,0.000000000000000000e+00
2.590000000000000000e+02,1.056211017516402393e+02,0.000000000000000000e+00
2.600000000000000000e+02,1.033526629477572385e+02,0.000000000000000000e+00
2.610000000000000000e+02,1.007810971339262807e+02,0.000000000000000000e+00
2.620000000000000000e+02,1.058040021853124131e+02,0.000000000000000000e+00
2.630000000000000000e+02,1.020818209930467191e+02,0.000000000000000000e+00
2.640000000000000000e+02,1.039386710533509586e+02,0.000000000000000000e+00
2.650000000000000000e+02,9.963875112736344875e+01,0.000000000000000000e+00
2.660000000000000000e+02,9.953282539595910805e+01,0.000000000000000000e+00
2.670000000000000000e+02,1.053797417223138666e+02,0.000000000000000000e+00
2.680000000000000000e+02,1.090792454474769642e+02,0.000000000000000000e+00
2.690000000000000000e+02,1.030290557389365347e+02,0.000000000000000000e+00
2.700000000000000000e+02,1.030076519943902866e+02,0.000000000000000000e+00
2.710000000000000000e+02,1.032671586784180562e+02,0.000000000000000000e+00
2.720000000000000000e+02,9.949542141646486471e+01,0.000000000000000000e+00
2.730000000000000000e+02,9.982248556693230057e+01,0.000000000000000000e+00
2.740000000000000000e+02,1.005164881409007052e+02,0.000000000000000000e+00
2.750000000000000000e+02,9.735389516683133593e+01,0.000000000000000000e+00
2.760000000000000000e+02,9.957709179687901724e+01,0.000000000000000000e+00
2.770000000000000000e+02,1.046619080317925494e+02,0.000000000000000000e+00
2.780000000000000000e+02,1.017531393586380091e+02,0.000000000000000000e+00
2.790000000000000000e+02,9.827688462996633234e+01,0.000000000000000000e+00
2.800000000000000000e+02,1.006654862890612918e+02,0.000000000000000000e+00
2.810000000000000000e+02,1.050920126249805833e+02,0.000000000000000000e+00
2.820000000000000000e+02,1.001596634961705377e+02,0.000000000000000000e+00
2.830000000000000000e+02,1.022137645490905555e+02,0.000000000000000000e+00
2.840000000000000000e+02,9.673068382291451428e+01,0.000000000000000000e+00
2.850000000000000000e+02,1.106055519250239598e+02,0.000000000000000000e+00
2.860000000000000000e+02,1.030670764720904486e+02,0.000000000000000000e+00
2.870000000000000000e+02,1.000012076646929557e+02,0.000000000000000000e+00
2.880000000000000000e+02,1.054031929688700160e+02,0.000000000000000000e+00
2.890000000000000000e+02,9.816986605728628490e+01,0.000000000000000000e+00
2.900000000000000000e+02,1.025802756598637018e+02,0.000000000000000000e+00
2.910000000000000000e+02,9.921551439887643653e+01,0.000000000000000000e+00
2.920000000000000000e+02,9.906165372776389688e+01,0.000000000000000000e+00
2.930000000000000000e+02,1.028255902197936393e+02,0.000000000000000000e+00
2.940000000000000000e+02,1.008336844479406977e+02,0.000000000000000000e+00
2.950000000000000000e+02,1.010368476085410094e+02,0.000000000000000000e+00
2.960000000000000000e+02,1.017291175417611697e+02,0.000000000000000000e+00
2.970000000000000000e+02,1.036923898077887713e+02,0.000000000000000000e+00
2.980000000000000000e+02,1.015933194401161614e+02,0.000000000000000000e+00
2.990000000000000000e+02,1.015104367034247446e+02,0.000000000000000000e+00
3.000000000000000000e+02,1.046526310685943884e+02,0.000000000000000000e+00
3.010000000000000000e+02,1.018893595099603857e+02,0.000000000000000000e+00
3.020000000000000000e+02,1.036874815405190020e+02,0.000000000000000000e+00
3.030000000000000000e+02,9.327221678037150809e+01,0.000000000000000000e+00
3.040000000000000000e+02,1.003159445581681837e+02,0.000000000000000000e+00
3.050000000000000000e+02,1.004412765109552197e+02,0.000000000000000000e+00
3.060000000000000000e+02,9.945572356490436050e+01,0.000000000000000000e+00
3.070000000000000000e+02,9.501325536054142162e+01,0.000000000000000000e+00
3.080000000000000000e+02,9.798655079753501695e+01,0.000000000000000000e+00
3.090000000000000000e+02,1.020234070189532645e+02,0.000000000000000000e+00
3.100000000000000000e+02,1.064106401191868656e+02,0.000000000000000000e+00
3.110000000000000000e+02,9.908601934269705680e+01,0.000000000000000000e+00
3.120000000000000000e+02,1.062546649619823995e+02,0.000000000000000000e+00
3.130000000000000000e+02,9.764414465736868465e+01,0.000000000000000000e+00
3.140000000000000000e+02,1.023411182895356575e+02,0.000000000000000000e+00
3.150000000000000000e+02,1.082322271547897685e+02,0.000000000000000000e+00
3.160000000000000000e+02,1.008255293366676000e+02,0.000000000000000000e+00
3.170000000000000000e+02,1.037880944112087604e+02,0.000000000000000000e+00
3.180000000000000000e+02,1.020194929387547802e+02,0.000000000000000000e+00
3.190000000000000000e+02,1.015555998005709171e+02,0.000000000000000000e+00
3.200000000000000000e+02,1.035972443531413347e+02,0.000000000000000000e+00
3.210000000000000000e+02,9.814296267820262187e+01,0.000000000000000000e+00
3.220000000000000000e+02,9.719682101285819442e+01,0.000000000000000000e+00
3.230000000000000000e+02,1.021004339341752853e+02,0.000000000000000000e+00
3.240000000000000000e+02,1.012839868440458844e+02,0.000000000000000000e+00
3.250000000000000000e+02,9.877323023383797818e+01,0.000000000000000000e+00
3.260000000000000000e+02,1.059981775272262610e+02,0.000000000000000000e+00
3.270000000000000000e+02,1.050513934525459945e+02,0.000000000000000000e+00
3.280000000000000000e+02,9.950771122897353393e+01,0.000000000000000000e+00
3.290000000000000000e+02,1.016876162231867369e+02,0.000000000000000000e+00
3.300000000000000000e+02,9.816332185154837475e+01,0.000000000000000000e+00
3.310000000000000000e+02,9.999599147161721646e+01,0.000000000000000000e+00
3.320000000000000000e+02,9.889286063679884364e+01,0.000000000000000000e+00
3.330000000000000000e+02,9.556181930185569229e+01,0.000000000000000000e+00
3.340000000000000000e+02,1.018226928605018315e+02,0.000000000000000000e+00
3.350000000000000000e+02,9.836303745511018803e+01,0.000000000000000000e+00
3.360000000000000000e+02,9.830574327315530070e+01,0.000000000000000000e+00
3.370000000000000000e+02,9.937083924335348684e+01,0.000000000000000000e+00
3.380000000000000000e+02,1.071414384534399176e+02,0.000000000000000000e+00
3.390000000000000000e+02,9.938006502542208409e+01,0.000000000000000000e+00
3.400000000000000000e+02,9.816198085846886556e+01,0.000000000000000000e+00
3.410000000000000000e+02,1.069390769789002036e+02,0.000000000000000000e+00
3.420000000000000000e+02,1.028028565467289894e+02,0.000000000000000000e+00
3.430000000000000000e+02,1.045798526730436748e+02,0.000000000000000000e+00
3.440000000000000000e+02,9.594108872053421067e+01,0.000000000000000000e+00
3.450000000000000000e+02,1.017232465217743851e+02,0.000000000000000000e+00
3.460000000000000000e+02,1.032384053899777996e+02,0.000000000000000000e+00
3.470000000000000000e+02,1.108256682344117507e+02,0.000000000000000000e+00
3.480000000000000000e+02,1.060653065173593177e+02,0.000000000000000000e+00
3.490000000000000000e+02,1.024199864460589708e+02,0.000000000000000000e+00
3.500000000000000000e+02,1.061515655865541135e+02,0.000000000000000000e+00
3.510000000000000000e+02,1.066792629683368290e+02,0.000000000000000000e+00
3.520000000000000000e+02,1.000229793697486258e+02,0.000000000000000000e+00
3.530000000000000000e+02,1.028554344275634520e+02,0.000000000000000000e+00
3.540000000000000000e+02,1.017999930820563179e+02,0.000000000000000000e+00
3.550000000000000000e+02,1.020021616230102950e+02,0.000000000000000000e+00
3.560000000000000000e+02,1.037252312198746438e+02,0.000000000000000000e+00
3.570000000000000000e+02,1.051263498243948078e+02,0.000000000000000000e+00
3.580000000000000000e+02,9.938452996839863829e+01,0.000000000000000000e+00
3.590000000000000000e+02,1.058897405233919784e+02,0.000000000000000000e+00
3.600000000000000000e+02,9.307362731272735346e+01,0.000000000000000000e+00
3.610000000000000000e+02,9.928956864566643503e+01,0.000000000000000000e+00
3.620000000000000000e+02,1.022523324105833780e+02,0.000000000000000000e+00
3.630000000000000000e+02,1.004043871889487747e+02,0.000000000000000000e+00
3.640000000000000000e+02,1.013403372066655947e+02,0.000000000000000000e+00
3.650000000000000000e+02,9.708319037333919255e+01,0.000000000000000000e+00
3.660000000000000000e+02,1.055435675955766044e+02,0.000000000000000000e+00
3.670000000000000000e+02,9.862727289592538682e+01,0.000000000000000000e+00
3.680000000000000000e+02,1.048631993449568398e+02,0.000000000000000000e+00
3.690000000000000000e+02,1.066317376972656916e+02,0.000000000000000000e+00
3.700000000000000000e+02,1.011259011708491471e+02,0.000000000000000000e+00
3.710000000000000000e+02,1.030247626917530539e+02,0.000000000000000000e+00
3.720000000000000000e+02,1.010757210541604394e+02,0.000000000000000000e+00
3.730000000000000000e+02,9.647482661912596313e+01,0.000000000000000000e+00
3.740000000000000000e+02,9.564792079280476855e+01,0.000000000000000000e+00
3.750000000000000000e+02,9.775425457386535300e+01,0.000000000000000000e+00
3.760000000000000000e+02,9.928763680985593965e+01,0.000000000000000000e+00
3.770000000000000000e+02,9.853652661261071444e+01,0.000000000000000000e+00
3.780000000000000000e+02,9.777426341186068726e+01,0.000000000000000000e+00
3.790000000000000000e+02,9.819938141996907177e+01,0.000000000000000000e+00
3.800000000000000000e+02,9.682708758004996241e+01,0.000000000000000000e+00
3.810000000000000000e+02,1.044855967689273371e+02,0.000000000000000000e+00
3.820000000000000000e+02,9.946673717501141709e+01,0.000000000000000000e+00
3.830000000000000000e+02,1.012351360493597667e+02,0.000000000000000000e+00
3.840000000000000000e+02,1.072742904543613349e+02,0.000000000000000000e+00
3.850000000000000000e+02,1.023768555746248978e+02,0.000000000000000000e+00
3.860000000000000000e+02,1.006914570055574387e+02,0.000000000000000000e+00
3.870000000000000000e+02,1.024838986161506256e+02,0.000000000000000000e+00
3.880000000000000000e+02,1.048107640563992362e+02,0.000000000000000000e+00
3.890000000000000000e+02,1.033532491823857242e+02,0.000000000000000000e+00
3.900000000000000000e+02,9.962524664803862606e+01,0.000000000000000000e+00
3.910000000000000000e+02,1.037412693862183914e+02,0.000000000000000000e+00
3.920000000000000000e+02,1.064220139014088744e+02,0.000000000000000000e+00
3.930000000000000000e+02,9.973493074173279638e+01,0.000000000000000000e+00
3.940000000000000000e+02,1.039494138701434309e+02,0.000000000000000000e+00
3.950000000000000000e+02,9.947437532892088541e+01,0.000000000000000000e+00
3.960000000000000000e+02,9.829130722714562296e+01,0.000000000000000000e+00
3.970000000000000000e+02,1.060592248142619098e+02,0.000000000000000000e+00
3.980000000000000000e+02,1.049712898663045735e+02,0.000000000000000000e+00
3.990000000000000000e+02,9.389307452569163104e+01,0.000000000000000000e+00
4.000000000000000000e+02,1.001006535692890793e+02,0.000000000000000000e+00
4.010000000000000000e+02,1.053684958853204279e+02,0.000000000000000000e+00
4.020000000000000000e+02,1.038860855645034889e+02,0.000000000000000000e+00
4.030000000000000000e+02,1.024551754735813773e+02,0.000000000000000000e+00
4.040000000000000000e+02,9.982154334309711885e+01,0.000000000000000000e+00
4.050000000000000000e+02,9.870653822586369586e+01,0.000000000000000000e+00
4.060000000000000000e+02,9.972280918649036607e+01,0.000000000000000000e+00
4.070000000000000000e+02,1.023974951925368089e+02,0.000000000000000000e+00
4.080000000000000000e+02,1.061048441250090946e+02,0.000000000000000000e+00
4.090000000000000000e+02,9.781092951565348415e+01,0.000000000000000000e+00
4.100000000000000000e+02,9.537428648801198960e+01,0.000000000000000000e+00
4.110000000000000000e+02,1.040219594864831123e+02,0.000000000000000000e+00
4.120000000000000000e+02,9.718287674735432802e+01,0.000000000000000000e+00
4.130000000000000000e+02,9.984759417055585118e+01,0.000000000000000000e+00
4.140000000000000000e+02,1.010057450440194344e+02,0.000000000000000000e+00
4.150000000000000000e+02,1.045758147802231690e+02,0.000000000000000000e+00
4.160000000000000000e+02,1.049111866587369803e+02,0.000000000000000000e+00
4.170000000000000000e+02,9.893460679857554396e+01,0.000000000000000000e+00
4.180000000000000000e+02,1.007829753500528369e+02,0.000000000000000000e+00
4.190000000000000000e+02,9.688749961581326886e+01,0.000000000000000000e+00
4.200000000000000000e+02,9.722001403384881257e+01,0.000000000000000000e+00
4.210000000000000000e+02,1.062638621918648312e+02,0.000000000000000000e+00
4.220000000000000000e+02,9.710972056214437487e+01,0.000000000000000000e+00
4.230000000000000000e+02,9.772618190191209919e+01,0.000000000000000000e+00
4.240000000000000000e+02,1.015039995381689408e+02,0.000000000000000000e+00
4.250000000000000000e+02,9.779785092173585781e+01,0.000000000000000000e+00
4.260000000000000000e+02,1.004782695056947119e+02,0.000000000000000000e+00
4.270000000000000000e+02,1.002524329827543852e+02,0.000000000000000000e+00
4.280000000000000000e+02,1.082778458543023277e+02,0.000000000000000000e+00
4.290000000000000000e+02,1.013314854537805871e+02,0.000000000000000000e+00
4.300000000000000000e+02,9.950342255320845197e+01,0.000000000000000000e+00
4.310000000000000000e+02,1.065085024370656441e+02,0.000000000000000000e+00
4.320000000000000000e+02,1.055962330450948912e+02,0.000000000000000000e+00
4.330000000000000000e+02,9.892585680359016465e+01,0.000000000000000000e+00
4.340000000000000000e+02,1.026549333353831202e+02,0.000000000000000000e+00
4.350000000000000000e+02,1.012161780925160173e+02,0.000000000000000000e+00
4.360000000000000000e+02,1.042320489126725391e+02,0.000000000000000000e+00
4.370000000000000000e+02,1.013484887534377776e+02,0.000000000000000000e+00
4.380000000000000000e+02,9.880042898652747851e+01,0.000000000000000000e+00
4.390000000000000000e+02,1.082781746091021802e+02,0.000000000000000000e+00
4.400000000000000000e+02,9.894873429533949150e+01,0.000000000000000000e+00
4.410000000000000000e+02,1.013691669186250977e+02,0.000000000000000000e+00
4.420000000000000000e+02,1.075353171465043403e+02,0.000000000000000000e+00
4.430000000000000000e+02,1.007115400260813090e+02,0.000000000000000000e+00
4.440000000000000000e+02,1.061776721702947981e+02,0.000000000000000000e+00
4.450000000000000000e+02,1.000769143621180319e+02,0.000000000000000000e+00
4.460000000000000000e+02,9.449011061950723445e+01,0.000000000000000000e+00
4.470000000000000000e+02,9.589868292922366777e+01,0.000000000000000000e+00
4.480000000000000000e+02,1.012387569666591247e+02,0.000000000000000000e+00
4.490000000000000000e+02,1.052803821910555655e+02,0.000000000000000000e+00
4.500000000000000000e+02,1.005160616047569135e+02,0.000000000000000000e+00
4.510000000000000000e+02,9.912263948087583287e+01,0.000000000000000000e+00
4.520000000000000000e+02,9.755845348938322559e+01,0.000000000000000000e+00
4.530000000000000000e+02,1.060556281164936792e+02,0.000000000000000000e+00
4.540000000000000000e+02,9.760636715171226285e+01,0.000000000000000000e+00
4.550000000000000000e+02,1.009670946949646293e+02,0.000000000000000000e+00
4.560000000000000000e+02,1.051533193023357029e+02,0.000000000000000000e+00
4.570000000000000000e+02,9.779585640094481391e+01,0.000000000000000000e+00
4.580000000000000000e+02,9.697446609799931139e+01,0.000000000000000000e+00
4.590000000000000000e+02,1.012953472043193841e+02,0.000000000000000000e+00
4.600000000000000000e+02,1.105968918705305271e+02,0.000000000000000000e+00
4.610000000000000000e+02,1.043770509943224312e+02,0.000000000000000000e+00
4.620000000000000000e+02,1.039202936596882694e+02,0.000000000000000000e+00
4.630000000000000000e+02,1.029058349313075951e+02,0.000000000000000000e+00
4.640000000000000000e+02,1.005631781684451340e+02,0.000000000000000000e+00
4.650000000000000000e+02,1.014472298594025688e+02,0.000000000000000000e+00
4.660000000000000000e+02,9.807625486823292249e+01,0.000000000000000000e+00
4.670000000000000000e+02,1.103335673405368027e+02,0.000000000000000000e+00
4.680000000000000000e+02,9.706920867834702449e+01,0.000000000000000000e+00
4.690000000000000000e+02,1.034274071035196698e+02,0.000000000000000000e+00
4.700000000000000000e+02,1.017714673736784761e+02,0.000000000000000000e+00
4.710000000000000000e+02,1.032962137942672314e+02,0.000000000000000000e+00
4.720000000000000000e+02,1.048753896697498504e+02,0.000000000000000000e+00
4.730000000000000000e+02,9.589402065599524860e+01,0.000000000000000000e+00
4.740000000000000000e+02,9.715155865713383321e+01,0.000000000000000000e+00
4.750000000000000000e+02,1.001318647946657308e+02,0.000000000000000000e+00
4.760000000000000000e+02,1.112029205973885126e+02,0.000000000000000000e+00
4.770000000000000000e+02,1.076372320602017254e+02,0.000000000000000000e+00
4.780000000000000000e+02,9.976521423209008788e+01,0.000000000000000000e+00
4.790000000000000000e+02,1.050565982195170278e+02,0.000000000000000000e+00
4.800000000000000000e+02,1.022550199039139613e+02,0.000000000000000000e+00
4.810000000000000000e+02,1.003965693378677315e+02,0.000000000000000000e+00
4.820000000000000000e+02,1.033637918809388765e+02,0.000000000000000000e+00
4.830000000000000000e+02,1.051016580985333206e+02,0.000000000000000000e+00
4.840000000000000000e+02,9.886661520596999253e+01,0.000000000000000000e+00
4.850000000000000000e+02,9.978524967986069782e+01,0.000000000000000000e+00
4.860000000000000000e+02,1.061359093470200321e+02,0.000000000000000000e+00
4.870000000000000000e+02,1.010318282879755003e+02,0.000000000000000000e+00
4.880000000000000000e+02,1.034028813998778276e+02,0.000000000000000000e+00
4.890000000000000000e+02,1.095086769799046920e+02,0.000000000000000000e+00
4.900000000000000000e+02,9.980991741053385624e+01,0.000000000000000000e+00
4.910000000000000000e+02,1.011804949929588844e+02,0.000000000000000000e+00
4.920000000000000000e+02,9.888849169298664776e+01,0.000000000000000000e+00
4.930000000000000000e+02,9.873719066724488869e+01,0.000000000000000000e+00
4.940000000000000000e+02,1.030321855133072830e+02,0.000000000000000000e+00
4.950000000000000000e+02,1.043850505999073590e+02,0.000000000000000000e+00
4.960000000000000000e+02,1.071665062504984007e+02,0.000000000000000000e+00
4.970000000000000000e+02,1.037654302433011253e+02,0.000000000000000000e+00
4.980000000000000000e+02,9.852576567974362831e+01,0.000000000000000000e+00
4.990000000000000000e+02,9.943674280430138879e+01,0.000000000000000000e+00
5.000000000000000000e+02,9.684972730026242971e+01,0.000000000000000000e+00
5.010000000000000000e+02,1.060616121326105485e+02,0.000000000000000000e+00
5.020000000000000000e+02,1.019133756223640148e+02,0.000000000000000000e+00
5.030000000000000000e+02,1.009448988248123982e+02,0.000000000000000000e+00
5.040000000000000000e+02,1.013577646244067694e+02,0.000000000000000000e+00
5.050000000000000000e+02,1.002875881280314729e+02,0.000000000000000000e+00
5.060000000000000000e+02,1.047088246385794577e+02,0.000000000000000000e+00
5.070000000000000000e+02,1.041451898499472293e+02,0.000000000000000000e+00
5.080000000000000000e+02,1.024030124762459764e+02,0.000000000000000000e+00
5.090000000000000000e+02,9.999441175535007176e+01,0.000000000000000000e+00
5.100000000000000000e+02,9.643502462773443540e+01,0.000000000000000000e+00
5.110000000000000000e+02,9.718796909680931151e+01,0.000000000000000000e+00
5.120000000000000000e+02,1.001050122315046309e+02,0.000000000000000000e+00
5.130000000000000000e+02,9.975640883908835121e+01,0.000000000000000000e+00
5.140000000000000000e+02,1.027768602705435939e+02,0.000000000000000000e+00
5.150000000000000000e+02,9.296893178047928075e+01,0.000000000000000000e+00
5.160000000000000000e+02,1.032570287362912183e+02,0.000000000000000000e+00
5.170000000000000000e+02,1.001344915673313949e+02,0.000000000000000000e+00
5.180000000000000000e+02,1.044007084423663230e+02,0.000000000000000000e+00
5.190000000000000000e+02,1.022271783442410396e+02,0.000000000000000000e+00
5.200000000000000000e+02,9.930847728224580351e+01,0.000000000000000000e+00
5.210000000000000000e+02,9.761668555876936182e+01,0.000000000000000000e+00
5.220000000000000000e+02,1.056973979657156804e+02,0.000000000000000000e+00
5.230000000000000000e+02,1.032005634189959977e+02,0.000000000000000000e+00
5.240000000000000000e+02,9.703016741405392054e+01,0.000000000000000000e+00
5.250000000000000000e+02,1.007368672892734622e+02,0.000000000000000000e+00
5.260000000000000000e+02,1.023133175346273163e+02,0.000000000000000000e+00
5.270000000000000000e+02,9.910466731138974694e+01,0.000000000000000000e+00
5.280000000000000000e+02,9.803777736162585654e+01,0.000000000000000000e+00
5.290000000000000000e+02,1.055360012427177878e+02,0.000000000000000000e+00
5.300000000000000000e+02,1.002369924425318004e+02,0.000000000000000000e+00
5.310000000000000000e+02,9.614857441443135144e+01,0.000000000000000000e+00
5.320000000000000000e+02,1.050637849526745100e+02,0.000000000000000000e+00
5.330000000000000000e+02,1.033025493178425762e+02,0.000000000000000000e+00
5.340000000000000000e+02,1.039551598315519527e+02,0.000000000000000000e+00
5.350000000000000000e+02,1.050203466694791672e+02,0.000000000000000000e+00
5.360000000000000000e+02,9.783231868594278069e+01,0.000000000000000000e+00
5.370000000000000000e+02,1.066876267717881746e+02,0.000000000000000000e+00
5.380000000000000000e+02,1.014385669651273503e+02,0.000000000000000000e+00
5.390000000000000000e+02,1.038519923582142184e+02,0.000000000000000000e+00
5.400000000000000000e+02,1.083916889865606379e+02,0.000000000000000000e+00
5.410000000000000000e+02,1.032648792465098779e+02,0.000000000000000000e+00
5.420000000000000000e+02,1.045199879058850883e+02,0.000000000000000000e+00
5.430000000000000000e+02,1.101436383051335923e+02,0.000000000000000000e+00
5.440000000000000000e+02,1.007368307806313084e+02,0.000000000000000000e+00
5.450000000000000000e+02,1.011464558217875975e+02,0.000000000000000000e+00
5.460000000000000000e+02,1.021320314974155963e+02,0.000000000000000000e+00
5.470000000000000000e+02,1.043109402586438108e+02,0.000000000000000000e+00
5.480000000000000000e+02,1.006860267323813218e+02,0.000000000000000000e+00
5.490000000000000000e+02,9.997556155395390931e+01,0.000000000000000000e+00
5.500000000000000000e+02,9.999310823092035605e+01,0.000000000000000000e+00
5.510000000000000000e+02,1.026318286512559297e+02,0.000000000000000000e+00
5.520000000000000000e+02,1.043574841772232844e+02,0.000000000000000000e+00
5.530000000000000000e+02,9.940771070348932881e+01,0.000000000000000000e+00
5.540000000000000000e+02,1.040004656840874446e+02,0.000000000000000000e+00
5.550000000000000000e+02,1.055398446878835585e+02,0.000000000000000000e+00
5.560000000000000000e+02,1.030040621005307742e+02,0.000000000000000000e+00
5.570000000000000000e+02,1.004447323787533435e+02,0.000000000000000000e+00
5.580000000000000000e+02,9.967850185291489140e+01,0.000000000000000000e+00
5.590000000000000000e+02,1.039509023089349142e+02,0.000000000000000000e+00
5.600000000000000000e+02,1.000504407757033078e+02,0.000000000000000000e+00
5.610000000000000000e+02,1.025123688629341956e+02,0.000000000000000000e+00
5.620000000000000000e+02,9.791243923547253303e+01,0.000000000000000000e+00
5.630000000000000000e+02,9.898274128569437380e+01,0.000000000000000000e+00
5.640000000000000000e+02,1.040541577068756851e+02,0.000000000000000000e+00
5.650000000000000000e+02,1.051514188041778368e+02,0.000000000000000000e+00
5.660000000000000000e+02,1.018842508415072672e+02,0.000000000000000000e+00
5.670000000000000000e+02,1.002259688643214872e+02,0.000000000000000000e+00
5.680000000000000000e+02,1.040410910677294822e+02,0.000000000000000000e+00
5.690000000000000000e+02,1.035567079546185028e+02,0.000000000000000000e+00
5.700000000000000000e+02,1.011396151651842388e+02,0.000000000000000000e+00
5.710000000000000000e+02,1.032019514109357914e+02,0.000000000000000000e+00
5.720000000000000000e+02,9.859420609687425952e+01,0.000000000000000000e+00
5.730000000000000000e+02,9.976835630284776357e+01,0.000000000000000000e+00
5.740000000000000000e+02,1.075089759917185290e+02,0.000000000000000000e+00
5.750000000000000000e+02,9.912285662303739286e+01,0.000000000000000000e+00
5.760000000000000000e+02,9.633061142389765052e+01,0.000000000000000000e+00
5.770000000000000000e+02,1.017055184968184420e+02,0.000000000000000000e+00
5.780000000000000000e+02,9.942725910724709593e+01,0.000000000000000000e+00
5.790000000000000000e+02,9.809715079141425065e+01,0.000000000000000000e+00
5.800000000000000000e+02,1.023526337307056906e+02,0.000000000000000000e+00
5.810000000000000000e+02,9.751004565027618298e+01,0.000000000000000000e+00
5.820000000000000000e+02,9.924452256727634847e+01,0.000000000000000000e+00
5.830000000000000000e+02,1.067964638236457944e+02,0.000000000000000000e+00
5.840000000000000000e+02,1.015769905215978497e+02,0.000000000000000000e+00
5.850000000000000000e+02,1.060935671449462205e+02,0.000000000000000000e+00
5.860000000000000000e+02,9.429132973847140420e+01,0.000000000000000000e+00
5.870000000000000000e+02,1.002865640756439234e+02,0.000000000000000000e+00
5.880000000000000000e+02,1.057956605167308624e+02,0.000000000000000000e+00
5.890000000000000000e+02,1.035635694700628875e+02,0.000000000000000000e+00
5.900000000000000000e+02,1.008721109813139094e+02,0.000000000000000000e+00
5.910000000000000000e+02,1.043516958452361365e+02,0.000000000000000000e+00
5.920000000000000000e+02,9.601820113955129443e+01,0.000000000000000000e+00
5.930000000000000000e+02,1.086961385806749405e+02,0.000000000000000000e+00
5.940000000000000000e+02,1.027164319546645004e+02,0.000000000000000000e+00
5.950000000000000000e+02,9.297689343476282886e+01,0.000000000000000000e+00
5.960000000000000000e+02,1.009517810600208350e+02,0.000000000000000000e+00
5.970000000000000000e+02,1.027550430426096000e+02,0.000000000000000000e+00
5.980000000000000000e+02,9.914847556798252981e+01,0.000000000000000000e+00
5.990000000000000000e+02,1.085104610056602468e+02,0.000000000000000000e+00
6.000000000000000000e+02,1.012858408874349010e+02,0.000000000000000000e+00
6.010000000000000000e+02,9.956661526905895698e+01,0.000000000000000000e+00
6.020000000000000000e+02,9.845703032181025094e+01,0.000000000000000000e+00
6.030000000000000000e+02,1.070628469955597666e+02,0.000000000000000000e+00
6.040000000000000000e+02,9.817121632148258925e+01,0.000000000000000000e+00
6.050000000000000000e+02,1.071561623925092164e+02,0.000000000000000000e+00
6.060000000000000000e+02,1.020134566894320329e+02,0.000000000000000000e+00
6.070000000000000000e+02,9.925348828181441263e+01,0.000000000000000000e+00
6.080000000000000000e+02,9.726432610067726614e+01,0.000000000000000000e+00
6.090000000000000000e+02,1.047270817703256114e+02,0.000000000000000000e+00
6.100000000000000000e+02,1.039298240431328253e+02,0.000000000000000000e+00
6.110000000000000000e+02,1.059750686716593577e+02,0.000000000000000000e+00
6.120000000000000000e+02,1.018491716471128825e+02,0.000000000000000000e+00
6.130000000000000000e+02,1.004703710693869283e+02,0.000000000000000000e+00
6.140000000000000000e+02,1.003342440774153062e+02,0.000000000000000000e+00
6.150000000000000000e+02,1.014619173205018683e+02,0.000000000000000000e+00
6.160000000000000000e+02,9.551623107356553533e+01,0.000000000000000000e+00
6.170000000000000000e+02,9.725016898079233840e+01,0.000000000000000000e+00
6.180000000000000000e+02,9.689761350927189199e+01,0.000000000000000000e+00
6.190000000000000000e+02,1.030878276814991636e+02,0.000000000000000000e+00
6.200000000000000000e+02,1.028328909696312365e+02,0.000000000000000000e+00
6.210000000000000000e+02,1.023192908405568318e+02,0.000000000000000000e+00
6.220000000000000000e+02,9.944829291521377002e+01,0.000000000000000000e+00
6.230000000000000000e+02,1.024417857901219691e+02,0.000000000000000000e+00
6.240000000000000000e+02,9.825882812256247689e+01,0.000000000000000000e+00
6.250000000000000000e+02,9.855856799574712568e+01,0.000000000000000000e+00
6.260000000000000000e+02,9.735684679619826909e+01,0.000000000000000000e+00
6.270000000000000000e+02,9.553254687291531866e+01,0.000000000000000000e+00
6.280000000000000000e+02,9.857962802090511900e+01,0.000000000000000000e+00
6.290000000000000000e+02,9.897182027051205466e+01,0.000000000000000000e+00
6.300000000000000000e+02,1.025871547556308201e+02,0.000000000000000000e+00
6.310000000000000000e+02,1.023519617852072514e+02,0.000000000000000000e+00
6.320000000000000000e+02,1.026473577505230139e+02,0.000000000000000000e+00
6.330000000000000000e+02,9.709663287444269031e+01,0.000000000000000000e+00
6.340000000000000000e+02,1.030106407582936470e+02,0.000000000000000000e+00
6.350000000000000000e+02,9.736722285980944491e+01,0.000000000000000000e+00
6.360000000000000000e+02,9.741127666672171870e+01,0.000000000000000000e+00
6.370000000000000000e+02,1.023130367183768641e+02,0.000000000000000000e+00
6.380000000000000000e+02,1.006844317638143025e+02,0.000000000000000000e+00
6.390000000000000000e+02,1.051253314348558661e+02,0.000000000000000000e+00
6.400000000000000000e+02,1.063192239639952987e+02,0.000000000000000000e+00
6.410000000000000000e+02,1.035844655786232238e+02,0.000000000000000000e+00
6.420000000000000000e+02,9.778080711937070646e+01,0.000000000000000000e+00
6.430000000000000000e+02,1.052386694997417464e+02,0.000000000000000000e+00
6.440000000000000000e+02,9.854063131010168775e+01,0.000000000000000000e+00
6.450000000000000000e+02,1.054476715594543776e+02,0.000000000000000000e+00
6.460000000000000000e+02,1.056769977964226257e+02,0.000000000000000000e+00
6.470000000000000000e+02,1.035396296673729495e+02,0.000000000000000000e+00
6.480000000000000000e+02,1.005239088514906030e+02,0.000000000000000000e+00
6.490000000000000000e+02,1.017511299095153703e+02,0.000000000000000000e+00
6.500000000000000000e+02,1.011169160959697138e+02,0.000000000000000000e+00
6.510000000000000000e+02,9.908672338484667819e+01,0.000000000000000000e+00
6.520000000000000000e+02,9.971471052153486880e+01,0.000000000000000000e+00
6.530000000000000000e+02,9.851649066791648579e+01,0.000000000000000000e+00
6.540000000000000000e+02,1.033475892527312681e+02,0.000000000000000000e+00
6.550000000000000000e+02,9.580226423745340014e+01,0.000000000000000000e+00
6.560000000000000000e+02,9.710955871378243387e+01,0.000000000000000000e+00
6.570000000000000000e+02,9.519222264111918719e+01,0.000000000000000000e+00
6.580000000000000000e+02,1.020287911537116230e+02,0.000000000000000000e+00
6.590000000000000000e+02,9.573698867887333108e+01,0.000000000000000000e+00
6.600000000000000000e+02,1.002051383948297456e+02,0.000000000000000000e+00
6.610000000000000000e+02,9.966056903241516807e+01,0.000000000000000000e+00
6.620000000000000000e+02,9.804217995670367714e+01,0.000000000000000000e+00
6.630000000000000000e+02,1.024323265083313856e+02,0.000000000000000000e+00
6.640000000000000000e+02,1.094467893133675318e+02,0.000000000000000000e+00
6.650000000000000000e+02,1.024856179356106054e+02,0.000000000000000000e+00
6.660000000000000000e+02,1.015552269807021872e+02,0.000000000000000000e+00
6.670000000000000000e+02,1.049619288417648306e+02,0.000000000000000000e+00
6.680000000000000000e+02,1.016388245101368284e+02,0.000000000000000000e+00
6.690000000000000000e+02,1.038499439393267636e+02,0.000000000000000000e+00
6.700000000000000000e+02,1.002409579140631166e+02,0.000000000000000000e+00
6.710000000000000000e+02,1.034133748198357523e+02,0.000000000000000000e+00
6.720000000000000000e+02,9.638280415614333663e+01,0.000000000000000000e+00
6.730000000000000000e+02,1.008337196514984981e+02,0.000000000000000000e+00
6.740000000000000000e+02,9.847798910142634554e+01,0.000000000000000000e+00
6.750000000000000000e+02,1.006933003275450460e+02,0.000000000000000000e+00
6.760000000000000000e+02,1.058164961337302685e+02,0.000000000000000000e+00
6.770000000000000000e+02,1.050153595164917704e+02,0.000000000000000000e+00
6.780000000000000000e+02,1.048941835925445929e+02,0.000000000000000000e+00
6.790000000000000000e+02,1.054098942933890157e+02,0.000000000000000000e+00
6.800000000000000000e+02,1.046258687317117904e+02,0.000000000000000000e+00
6.810000000000000000e+02,9.691216968536431864e+01,0.000000000000000000e+00
6.820000000000000000e+02,9.718265657908688127e+01,0.000000000000000000e+00
6.830000000000000000e+02,1.053119332050541317e+02,0.000000000000000000e+00
6.840000000000000000e+02,9.747089704212096706e+01,0.000000000000000000e+00
6.850000000000000000e+02,9.721579957311701037e+01,0.000000000000000000e+00
6.860000000000000000e+02,9.716458813921114768e+01,0.000000000000000000e+00
6.870000000000000000e+02,9.792031847208532724e+01,0.000000000000000000e+00
6.880000000000000000e+02,1.030111793712351158e+02,0.000000000000000000e+00
6.890000000000000000e+02,1.019560181972819777e+02,0.000000000000000000e+00
6.900000000000000000e+02,9.499882054459038727e+01,0.000000000000000000e+00
6.910000000000000000e+02,9.823188802606298964e+01,0.000000000000000000e+00
6.920000000000000000e+02,1.024479072112010982e+02,0.000000000000000000e+00
6.930000000000000000e+02,1.027965765139563672e+02,0.000000000000000000e+00
6.940000000000000000e+02,9.961946442986125305e+01,0.000000000000000000e+00
6.950000000000000000e+02,1.029537616593985092e+02,0.000000000000000000e+00
6.960000000000000000e+02,9.386536372064324496e+01,0.000000000000000000e+00
6.970000000000000000e+02,1.079603026744288172e+02,0.000000000000000000e+00
6.980000000000000000e+02,1.072366957957483891e+02,0.000000000000000000e+00
6.990000000000000000e+02,1.047842535969231363e+02,0.000000000000000000e+00
7.000000000000000000e+02,9.700819141549541769e+01,0.000000000000000000e+00
7.010000000000000000e+02,1.002765263996990797e+02,0.000000000000000000e+00
7.020000000000000000e+02,1.070170988099003466e+02,0.000000000000000000e+00
7.030000000000000000e+02,1.024906993822388017e+02,0.000000000000000000e+00
7.040000000000000000e+02,1.043482419246730331e+02,0.000000000000000000e+00
7.050000000000000000e+02,1.022383108686334054e+02,0.000000000000000000e+00
7.060000000000000000e+02,1.010833722052097698e+02,0.000000000000000000e+00
7.070000000000000000e+02,9.727802322547559299e+01,0.000000000000000000e+00
7.080000000000000000e+02,1.000231002046853490e+02,0.000000000000000000e+00
7.090000000000000000e+02,1.008398339493225677e+02,0.000000000000000000e+00
7.100000000000000000e+02,1.055086845787470935e+02,0.000000000000000000e+00
7.110000000000000000e+02,1.009239527370090173e+02,0.000000000000000000e+00
7.120000000000000000e+02,1.060818285164558148e+02,0.000000000000000000e+00
7.130000000000000000e+02,1.028208523661739946e+02,0.000000000000000000e+00
7.140000000000000000e+02,1.005008985166139581e+02,0.000000000000000000e+00
7.150000000000000000e+02,1.015660686651697233e+02,0.000000000000000000e+00
7.160000000000000000e+02,1.079511501710519639e+02,0.000000000000000000e+00
7.170000000000000000e+02,1.024875808631501428e+02,0.000000000000000000e+00
7.180000000000000000e+02,1.043510935145727387e+02,0.000000000000000000e+00
7.190000000000000000e+02,9.847183881764551927e+01,0.000000000000000000e+00
7.200000000000000000e+02,9.943477998198262924e+01,0.000000000000000000e+00
7.210000000000000000e+02,1.072701536587681233e+02,0.000000000000000000e+00
7.220000000000000000e+02,9.977994561499998838e+01,0.000000000000000000e+00
7.230000000000000000e+02,1.043026546504535901e+02,0.000000000000000000e+00
7.240000000000000000e+02,1.050838286877593220e+02,0.000000000000000000e+00
7.250000000000000000e+02,1.021601484428471593e+02,0.000000000000000000e+00
7.260000000000000000e+02,1.034752076976467663e+02,0.000000000000000000e+00
7.270000000000000000e+02,9.585626498003259144e+01,0.000000000000000000e+00
7.280000000000000000e+02,1.045023410481052082e+02,0.000000000000000000e+00
7.290000000000000000e+02,1.055285227009189555e+02,0.000000000000000000e+00
7.300000000000000000e+02,1.001302466907189199e+02,0.000000000000000000e+00
7.310000000000000000e+02,9.904063968664799233e+01,0.000000000000000000e+00
7.320000000000000000e+02,1.022678405770470533e+02,0.000000000000000000e+00
7.330000000000000000e+02,1.007747495823336266e+02,0.000000000000000000e+00
7.340000000000000000e+02,1.021952668848898043e+02,0.000000000000000000e+00
7.350000000000000000e+02,1.074964549995649890e+02,0.000000000000000000e+00
7.360000000000000000e+02,1.002758237295322772e+02,0.000000000000000000e+00
7.370000000000000000e+02,1.065321831297874269e+02,0.000000000000000000e+00
7.380000000000000000e+02,1.022564105095411975e+02,0.000000000000000000e+00
7.390000000000000000e+02,1.013597839229110207e+02,0.000000000000000000e+00
7.400000000000000000e+02,9.974551929566484887e+01,0.000000000000000000e+00
7.410000000000000000e+02,9.830500654660535531e+01,0.000000000000000000e+00
7.420000000000000000e+02,1.095004205886400541e+02,0.000000000000000000e+00
7.430000000000000000e+02,1.016430901900528312e+02,0.000000000000000000e+00
7.440000000000000000e+02,9.734502456251205160e+01,0.000000000000000000e+00
7.450000000000000000e+02,9.671187742172662638e+01,0.000000000000000000e+00
7.460000000000000000e+02,1.012295381097120810e+02,0.000000000000000000e+00
7.470000000000000000e+02,1.012758066225684104e+02,0.000000000000000000e+00
7.480000000000000000e+02,1.023133290365810666e+02,0.000000000000000000e+00
7.490000000000000000e+02,9.954562685982203618e+01,0.000000000000000000e+00
7.500000000000000000e+02,9.768239247068767384e+01,0.000000000000000000e+00
7.510000000000000000e+02,1.030353690078790834e+02,0.000000000000000000e+00
7.520000000000000000e+02,1.036451780848978927e+02,0.000000000000000000e+00
7.530000000000000000e+02,1.015084510333886669e+02,0.000000000000000000e+00
7.540000000000000000e+02,1.029533352298076920e+02,0.000000000000000000e+00
7.550000000000000000e+02,1.047435740463540697e+02,0.000000000000000000e+00
7.560000000000000000e+02,9.976839852073639747e+01,0.000000000000000000e+00
7.570000000000000000e+02,1.061361977726161143e+02,0.000000000000000000e+00
7.580000000000000000e+02,9.420307144530686116e+01,0.000000000000000000e+00
7.590000000000000000e+02,1.007142962717023238e+02,0.000000000000000000e+00
7.600000000000000000e+02,9.623103564406297039e+01,0.000000000000000000e+00
7.610000000000000000e+02,1.021629725883576469e+02,0.000000000000000000e+00
7.620000000000000000e+02,1.009310746051808252e+02,0.000000000000000000e+00
7.630000000000000000e+02,1.045687776982060626e+02,0.000000000000000000e+00
7.640000000000000000e+02,1.028969244908225562e+02,0.000000000000000000e+00
7.650000000000000000e+02,1.048773809327844333e+02,0.000000000000000000e+00
7.660000000000000000e+02,1.072220031270027221e+02,0.000000000000000000e+00
7.670000000000000000e+02,1.019143318431190153e+02,0.000000000000000000e+00
7.680000000000000000e+02,1.004055949077976635e+02,0.000000000000000000e+00
7.690000000000000000e+02,1.012171927981593171e+02,0.000000000000000000e+00
7.700000000000000000e+02,1.013167873889605772e+02,0.000000000000000000e+00
7.710000000000000000e+02,9.546281966462338175e+01,0.000000000000000000e+00
7.720000000000000000e+02,9.539331383586650759e+01,0.000000000000000000e+00
7.730000000000000000e+02,1.045153991982536894e+02,0.000000000000000000e+00
7.740000000000000000e+02,1.047635117783242862e+02,0.000000000000000000e+00
7.750000000000000000e+02,9.663904616702140515e+01,0.000000000000000000e+00
7.760000000000000000e+02,9.645265162046504770e+01,0.000000000000000000e+00
7.770000000000000000e+02,1.000405649340516447e+02,0.000000000000000000e+00
7.780000000000000000e+02,1.032834320367492040e+02,0.000000000000000000e+00
7.790000000000000000e+02,9.985649167687712691e+01,0.000000000000000000e+00
7.800000000000000000e+02,1.006950286304749369e+02,0.000000000000000000e+00
7.810000000000000000e+02,1.062612464155861574e+02,0.000000000000000000e+00
7.820000000000000000e+02,1.039222306998463807e+02,0.000000000000000000e+00
7.830000000000000000e+02,9.984143394864729260e+01,0.000000000000000000e+00
7.840000000000000000e+02,1.011286985930989886e+02,0.000000000000000000e+00
7.850000000000000000e+02,1.036291452873748113e+02,0.000000000000000000e+00
7.860000000000000000e+02,1.028252602817507153e+02,0.000000000000000000e+00
7.870000000000000000e+02,9.991628463649414016e+01,0.000000000000000000e+00
7.880000000000000000e+02,1.074366064299099435e+02,0.000000000000000000e+00
7.890000000000000000e+02,1.007094651375846013e+02,0.000000000000000000e+00
7.900000000000000000e+02,9.621962112127928890e+01,0.000000000000000000e+00
7.910000000000000000e+02,1.009317689688523529e+02,0.000000000000000000e+00
7.920000000000000000e+02,1.020237834264616197e+02,0.000000000000000000e+00
7.930000000000000000e+02,1.056941286189546076e+02,0.000000000000000000e+00
7.940000000000000000e+02,9.566660122815208922e+01,0.000000000000000000e+00
7.950000000000000000e+02,9.847408363220796446e+01,0.000000000000000000e+00
7.960000000000000000e+02,1.019815400348800125e+02,0.000000000000000000e+00
7.970000000000000000e+02,9.870979745005519135e+01,0.000000000000000000e+00
7.980000000000000000e+02,1.045654641035772130e+02,0.000000000000000000e+00
7.990000000000000000e+02,1.059324166428171594e+02,0.000000000000000000e+00
8.000000000000000000e+02,1.041810941212556969e+02,0.000000000000000000e+00
8.010000000000000000e+02,1.011373263420975519e+02,0.000000000000000000e+00
8.020000000000000000e+02,1.006028468342861260e+02,0.000000000000000000e+00
8.030000000000000000e+02,1.013394651251069263e+02,0.000000000000000000e+00
8.040000000000000000e+02,1.048810524278633949e+02,0.000000000000000000e+00
8.050000000000000000e+02,9.816559747309599970e+01,0.000000000000000000e+00
8.060000000000000000e+02,1.002674096634282961e+02,0.000000000000000000e+00
8.070000000000000000e+02,1.045319967997378257e+02,0.000000000000000000e+00
8.080000000000000000e+02,1.012087328254422403e+02,0.000000000000000000e+00
8.090000000000000000e+02,1.024412631230789543e+02,0.000000000000000000e+00
8.100000000000000000e+02,1.023659156570220858e+02,0.000000000000000000e+00
8.110000000000000000e+02,1.065007128712005482e+02,0.000000000000000000e+00
8.120000000000000000e+02,9.967977085039508722e+01,0.000000000000000000e+00
8.130000000000000000e+02,1.035959052923837760e+02,0.000000000000000000e+00
8.140000000000000000e+02,1.002650129379449311e+02,0.000000000000000000e+00
8.150000000000000000e+02,9.885153695362301107e+01,0.000000000000000000e+00
8.160000000000000000e+02,1.031918751326406039e+02,0.000000000000000000e+00
8.170000000000000000e+02,9.687294417496427457e+01,0.000000000000000000e+00
8.180000000000000000e+02,9.963376855592635195e+01,0.000000000000000000e+00
8.190000000000000000e+02,1.006745291033106753e+02,0.000000000000000000e+00
8.200000000000000000e+02,9.788560200093328945e+01,0.000000000000000000e+00
8.210000000000000000e+02,1.041188094724280404e+02,0.000000000000000000e+00
8.220000000000000000e+02,1.032456876845200355e+02,0.000000000000000000e+00
8.230000000000000000e+02,1.017159381097938109e+02,0.000000000000000000e+00
8.240000000000000000e+02,8.929996195618284105e+01,0.000000000000000000e+00
8.250000000000000000e+02,9.884812403923467627e+01,0.000000000000000000e+00
8.260000000000000000e+02,1.049462794094095557e+02,0.000000000000000000e+00
8.270000000000000000e+02,1.004963298522641537e+02,0.000000000000000000e+00
8.280000000000000000e+02,1.018245834374798306e+02,0.000000000000000000e+00
8.290000000000000000e+02,1.007797230498386511e+02,0.000000000000000000e+00
8.300000000000000000e+02,1.005535396186037076e+02,0.000000000000000000e+00
8.310000000000000000e+02,9.845243555891451592e+01,0.000000000000000000e+00
8.320000000000000000e+02,1.025838056844111605e+02,0.000000000000000000e+00
8.330000000000000000e+02,9.743734867218964268e+01,0.000000000000000000e+00
8.340000000000000000e+02,1.058743876999635916e+02,0.000000000000000000e+00
8.350000000000000000e+02,9.691103411245528321e+01,0.000000000000000000e+00
8.360000000000000000e+02,9.421068252010553579e+01,0.000000000000000000e+00
8.370000000000000000e+02,1.029634622094364005e+02,0.000000000000000000e+00
8.380000000000000000e+02,9.819861443145887847e+01,0.000000000000000000e+00
8.390000000000000000e+02,1.006934895122829801e+02,0.000000000000000000e+00
8.400000000000000000e+02,9.863479934730203524e+01,0.000000000000000000e+00
8.410000000000000000e+02,1.014363729326688457e+02,0.000000000000000000e+00
8.420000000000000000e+02,9.963984065511787946e+01,0.000000000000000000e+00
8.430000000000000000e+02,1.016551194606731627e+02,0.000000000000000000e+00
8.440000000000000000e+02,1.009145109442336832e+02,0.000000000000000000e+00
8.450000000000000000e+02,1.035681492644172010e+02,0.000000000000000000e+00
8.460000000000000000e+02,9.778135443785355108e+01,0.000000000000000000e+00
8.470000000000000000e+02,1.002650884604554733e+02,0.000000000000000000e+00
8.480000000000000000e+02,1.100646055763813678e+02,0.000000000000000000e+00
8.490000000000000000e+02,1.005880861594262683e+02,0.000000000000000000e+00
8.500000000000000000e+02,1.019340884452071094e+02,0.000000000000000000e+00
8.510000000000000000e+02,1.035918388255140741e+02,0.000000000000000000e+00
8.520000000000000000e+02,1.034528503152284600e+02,0.000000000000000000e+00
8.530000000000000000e+02,9.705810645757806299e+01,0.000000000000000000e+00
8.540000000000000000e+02,1.004590480291676755e+02,0.000000000000000000e+00
8.550000000000000000e+02,1.047334579502178968e+02,0.000000000000000000e+00
8.560000000000000000e+02,1.034798231297592963e+02,0.000000000000000000e+00
8.570000000000000000e+02,1.032531607406712197e+02,0.000000000000000000e+00
8.580000000000000000e+02,9.628654404603902606e+01,0.000000000000000000e+00
8.590000000000000000e+02,1.026288956973010755e+02,0.000000000000000000e+00
8.600000000000000000e+02,1.004754731956100926e+02,0.000000000000000000e+00
8.610000000000000000e+02,9.956576135426617213e+01,0.000000000000000000e+00
8.620000000000000000e+02,9.709872909826388820e+01,0.000000000000000000e+00
8.630000000000000000e+02,9.381208208516318336e+01,0.000000000000000000e+00
8.640000000000000000e+02,9.579407094490673558e+01,0.000000000000000000e+00
8.650000000000000000e+02,9.886607860594472186e+01,0.000000000000000000e+00
8.660000000000000000e+02,9.789456750596764323e+01,0.000000000000000000e+00
8.670000000000000000e+02,9.894155407150270776e+01,0.000000000000000000e+00
8.680000000000000000e+02,1.049412243455810909e+02,0.000000000000000000e+00
8.690000000000000000e+02,1.048608907834983626e+02,0.000000000000000000e+00
8.700000000000000000e+02,9.797721294547919513e+01,0.000000000000000000e+00
8.710000000000000000e+02,9.566992905832930205e+01,0.000000000000000000e+00
8.720000000000000000e+02,1.024027949955129628e+02,0.000000000000000000e+00
8.730000000000000000e+02,1.063527809159757425e+02,0.000000000000000000e+00
8.740000000000000000e+02,9.848291605840300633e+01,0.000000000000000000e+00
8.750000000000000000e+02,1.066504199322896795e+02,0.000000000000000000e+00
8.760000000000000000e+02,9.703573576233429776e+01,0.000000000000000000e+00
8.770000000000000000e+02,1.001629534161117334e+02,0.000000000000000000e+00
8.780000000000000000e+02,9.761814433883687059e+01,0.000000000000000000e+00
8.790000000000000000e+02,1.018915296660009773e+02,0.000000000000000000e+00
8.800000000000000000e+02,1.007793208624728436e+02,0.000000000000000000e+00
8.810000000000000000e+02,9.879477981224985683e+01,0.000000000000000000e+00
8.820000000000000000e+02,9.679281880364329993e+01,0.000000000000000000e+00
8.830000000000000000e+02,1.004946392172850835e+02,0.000000000000000000e+00
8.840000000000000000e+02,1.014373137665729416e+02,0.000000000000000000e+00
8.850000000000000000e+02,9.697528294325330478e+01,0.000000000000000000e+00
8.860000000000000000e+02,1.100292028000410767e+02,0.000000000000000000e+00
8.870000000000000000e+02,1.045910280952985119e+02,0.000000000000000000e+00
8.880000000000000000e+02,9.758578504196442793e+01,0.000000000000000000e+00
8.890000000000000000e+02,1.016433659577478039e+02,0.000000000000000000e+00
8.900000000000000000e+02,9.967721340901088922e+01,0.000000000000000000e+00
8.910000000000000000e+02,9.736297211685850073e+01,0.000000000000000000e+00
8.920000000000000000e+02,1.012272511188409254e+02,0.000000000000000000e+00
8.930000000000000000e+02,1.035368634286292746e+02,0.000000000000000000e+00
8.940000000000000000e+02,1.077044703548175306e+02,0.000000000000000000e+00
8.950000000000000000e+02,9.962033197505085980e+01,0.000000000000000000e+00
8.960000000000000000e+02,9.754738763082991682e+01,0.000000000000000000e+00
8.970000000000000000e+02,1.031699721517445880e+02,0.000000000000000000e+00
8.980000000000000000e+02,9.833328483741203740e+01,0.000000000000000000e+00
8.990000000000000000e+02,9.883110604575699654e+01,0.000000000000000000e+00
9.000000000000000000e+02,9.860588182497471621e+01,0.000000000000000000e+00
9.010000000000000000e+02,9.783218784764579823e+01,0.000000000000000000e+00
9.020000000000000000e+02,1.033331072580290311e+02,0.000000000000000000e+00
9.030000000000000000e+02,1.015051830199957408e+02,0.000000000000000000e+00
9.040000000000000000e+02,1.134285642670838996e+02,0.000000000000000000e+00
9.050000000000000000e+02,1.008957608815397720e+02,0.000000000000000000e+00
9.060000000000000000e+02,1.000208771611036696e+02,0.000000000000000000e+00
9.070000000000000000e+02,9.581931581259344455e+01,0.000000000000000000e+00
9.080000000000000000e+02,1.047692141799532806e+02,0.000000000000000000e+00
9.090000000000000000e+02,9.976808968495485885e+01,0.000000000000000000e+00
9.100000000000000000e+02,9.699110002399277164e+01,0.000000000000000000e+00
9.110000000000000000e+02,1.037012749786970858e+02,0.000000000000000000e+00
9.120000000000000000e+02,1.061233965683977942e+02,0.000000000000000000e+00
9.130000000000000000e+02,1.049131571272257730e+02,0.000000000000000000e+00
9.140000000000000000e+02,9.410616199435956730e+01,0.000000000000000000e+00
9.150000000000000000e+02,1.045871298117832140e+02,0.000000000000000000e+00
9.160000000000000000e+02,9.701885486177775419e+01,0.000000000000000000e+00
9.170000000000000000e+02,9.674653103597623272e+01,0.000000000000000000e+00
9.180000000000000000e+02,1.018139282217894817e+02,0.000000000000000000e+00
9.190000000000000000e+02,9.453762795888621895e+01,0.000000000000000000e+00
9.200000000000000000e+02,9.736197856728580291e+01,0.000000000000000000e+00
9.210000000000000000e+02,9.782929188711183599e+01,0.000000000000000000e+00
9.220000000000000000e+02,9.871879638809043911e+01,0.000000000000000000e+00
9.230000000000000000e+02,1.032670031569996922e+02,0.000000000000000000e+00
9.240000000000000000e+02,1.044266590609859549e+02,0.000000000000000000e+00
9.250000000000000000e+02,1.017632125053218033e+02,0.000000000000000000e+00
9.260000000000000000e+02,1.007011776871583919e+02,0.000000000000000000e+00
9.270000000000000000e+02,1.078845669099222135e+02,0.000000000000000000e+00
9.280000000000000000e+02,9.589629692934737193e+01,0.000000000000000000e+00
9.290000000000000000e+02,9.914307414752737202e+01,0.000000000000000000e+00
9.300000000000000000e+02,1.011502600290215810e+02,0.000000000000000000e+00
9.310000000000000000e+02,1.053370999301946398e+02,0.000000000000000000e+00
9.320000000000000000e+02,1.031975794932291564e+02,0.000000000000000000e+00
9.330000000000000000e+02,1.004012578120203045e+02,0.000000000000000000e+00
9.340000000000000000e+02,9.704526566724752001e+01,0.000000000000000000e+00
9.350000000000000000e+02,1.007952367828022062e+02,0.000000000000000000e+00
9.360000000000000000e+02,1.037282554319550769e+02,0.000000000000000000e+00
9.370000000000000000e+02,9.996129414760696363e+01,0.000000000000000000e+00
9.380000000000000000e+02,9.882069848815706337e+01,0.000000000000000000e+00
9.390000000000000000e+02,1.019429550483347811e+02,0.000000000000000000e+00
9.400000000000000000e+02,1.031914318322439357e+02,0.000000000000000000e+00
9.410000000000000000e+02,1.063911350376597227e+02,0.000000000000000000e+00
9.420000000000000000e+02,1.023001522111205901e+02,0.000000000000000000e+00
9.430000000000000000e+02,1.036947042840349553e+02,0.000000000000000000e+00
9.440000000000000000e+02,1.036000202868729332e+02,0.000000000000000000e+00
9.450000000000000000e+02,1.035595499615184139e+02,0.000000000000000000e+00
9.460000000000000000e+02,1.093609417713375649e+02,0.000000000000000000e+00
9.470000000000000000e+02,9.986912967040579758e+01,0.000000000000000000e+00
9.480000000000000000e+02,9.179765085532339697e+01,0.000000000000000000e+00
9.490000000000000000e+02,9.911601365864879654e+01,0.000000000000000000e+00
9.500000000000000000e+02,1.012076253055042656e+02,0.000000000000000000e+00
9.510000000000000000e+02,1.018336557424443924e+02,0.000000000000000000e+00
9.520000000000000000e+02,1.088892806152621802e+02,0.000000000000000000e+00
9.530000000000000000e+02,1.016086277177908244e+02,0.000000000000000000e+00
9.540000000000000000e+02,1.036487824873412222e+02,0.000000000000000000e+00
9.550000000000000000e+02,1.044371807659093747e+02,0.000000000000000000e+00
9.560000000000000000e+02,9.560396772986528902e+01,0.000000000000000000e+00
9.570000000000000000e+02,1.077773141905370835e+02,0.000000000000000000e+00
9.580000000000000000e+02,1.028368635419688673e+02,0.000000000000000000e+00
9.590000000000000000e+02,9.738649525079898694e+01,0.000000000000000000e+00
9.600000000000000000e+02,9.850736135290485151e+01,0.000000000000000000e+00
9.610000000000000000e+02,1.085724770982304648e+02,0.000000000000000000e+00
9.620000000000000000e+02,9.684509743649746838e+01,0.000000000000000000e+00
9.630000000000000000e+02,1.027788865703852679e+02,0.000000000000000000e+00
9.640000000000000000e+02,1.019879133401284577e+02,0.000000000000000000e+00
9.650000000000000000e+02,9.585930953330046123e+01,0.000000000000000000e+00
9.660000000000000000e+02,1.018077437552179560e+02,0.000000000000000000e+00
9.670000000000000000e+02,1.026317500196059456e+02,0.000000000000000000e+00
9.680000000000000000e+02,1.025312107118003411e+02,0.000000000000000000e+00
9.690000000000000000e+02,1.049077212704077056e+02,0.000000000000000000e+00
9.700000000000000000e+02,1.058570272137528576e+02,0.000000000000000000e+00
9.710000000000000000e+02,9.854604652337997095e+01,0.000000000000000000e+00
9.720000000000000000e+02,1.011453938443080318e+02,0.000000000000000000e+00
9.730000000000000000e+02,1.060792493579775737e+02,0.000000000000000000e+00
9.740000000000000000e+02,9.805466440366959091e+01,0.000000000000000000e+00
9.750000000000000000e+02,1.023200294779019686e+02,0.000000000000000000e+00
9.760000000000000000e+02,1.064894641634935084e+02,0.000000000000000000e+00
9.770000000000000000e+02,9.737094451509813098e+01,0.000000000000000000e+00
9.780000000000000000e+02,1.054089799301914070e+02,0.000000000000000000e+00
9.790000000000000000e+02,9.827020757565435360e+01,0.000000000000000000e+00
9.800000000000000000e+02,9.720178576574799933e+01,0.000000000000000000e+00
9.810000000000000000e+02,1.003175717150664354e+02,0.000000000000000000e+00
9.820000000000000000e+02,1.026181771525331499e+02,0.000000000000000000e+00
9.830000000000000000e+02,9.931672226810114523e+01,0.000000000000000000e+00
9.840000000000000000e+02,1.000948293303788574e+02,0.000000000000000000e+00
9.850000000000000000e+02,9.860954917946145315e+01,0.000000000000000000e+00
9.860000000000000000e+02,1.013582720839690126e+02,0.000000000000000000e+00
9.870000000000000000e+02,1.079988557406303329e+02,0.000000000000000000e+00
9.880000000000000000e+02,1.004790921111860200e+02,0.000000000000000000e+00
9.890000000000000000e+02,9.573111070886558593e+01,0.000000000000000000e+00
9.900000000000000000e+02,1.008554321315864541e+02,0.000000000000000000e+00
9.910000000000000000e+02,9.392647993637574189e+01,0.000000000000000000e+00
9.920000000000000000e+02,9.972610002940231766e+01,0.000000000000000000e+00
9.930000000000000000e+02,9.857072452115946248e+01,0.000000000000000000e+00
9.940000000000000000e+02,1.023898360038031399e+02,0.000000000000000000e+00
9.950000000000000000e+02,9.469132196882202379e+01,0.000000000000000000e+00
9.960000000000000000e+02,1.044275726243745197e+02,0.000000000000000000e+00
9.970000000000000000e+02,9.585147779073307106e+01,0.000000000000000000e+00
9.980000000000000000e+02,9.388375013636698441e+01,0.000000000000000000e+00
9.990000000000000000e+02,1.010767470457068100e+02,0.000000000000000000e+00
1.000000000000000000e+03,9.595899667020948698e+01,0.000000000000000000e+00
1.001000000000000000e+03,1.003775022857228834e+02,0.000000000000000000e+00
1.002000000000000000e+03,1.034696512946479459e+02,0.000000000000000000e+00
1.003000000000000000e+03,1.029807139292489069e+02,0.000000000000000000e+00
1.004000000000000000e+03,9.827277830625980926e+01,0.000000000000000000e+00
1.005000000000000000e+03,1.008186580247731996e+02,0.000000000000000000e+00
1.006000000000000000e+03,1.043677256239735840e+02,0.000000000000000000e+00
1.007000000000000000e+03,1.036958479788204244e+02,0.000000000000000000e+00
1.008000000000000000e+03,9.580733280100702132e+01,0.000000000000000000e+00
1.009000000000000000e+03,1.002868638712405129e+02,0.000000000000000000e+00
1.010000000000000000e+03,1.024558266261200998e+02,0.000000000000000000e+00
1.011000000000000000e+03,1.001042556483565846e+02,0.000000000000000000e+00
1.012000000000000000e+03,1.069806419280813685e+02,0.000000000000000000e+00
1.013000000000000000e+03,1.015419930732171565e+02,0.000000000000000000e+00
1.014000000000000000e+03,9.757558729827006516e+01,0.000000000000000000e+00
1.015000000000000000e+03,1.058546284619383329e+02,0.000000000000000000e+00
1.016000000000000000e+03,9.778560740093504933e+01,0.000000000000000000e+00
1.017000000000000000e+03,9.785441657655422887e+01,0.000000000000000000e+00
1.018000000000000000e+03,9.540547762763407036e+01,0.000000000000000000e+00
1.019000000000000000e+03,1.007342242455526815e+02,0.000000000000000000e+00
1.020000000000000000e+03,1.039189369310443993e+02,0.000000000000000000e+00
1.021000000000000000e+03,1.017038008465440129e+02,0.000000000000000000e+00
1.022000000000000000e+03,1.015437479786932897e+02,0.000000000000000000e+00
1.023000000000000000e+03,9.972448458454188369e+01,0.000000000000000000e+00
1.024000000000000000e+03,1.034411474538110696e+02,0.000000000000000000e+00
1.025000000000000000e+03,1.014685142780254807e+02,0.000000000000000000e+00
1.026000000000000000e+03,1.018898856967557123e+02,0.000000000000000000e+00
1.027000000000000000e+03,9.892916794879425879e+01,0.000000000000000000e+00
1.028000000000000000e+03,9.846037014078630989e+01,0.000000000000000000e+00
1.029000000000000000e+03,1.066558589553788323e+02,0.000000000000000000e+00
1.030000000000000000e+03,9.984909140506998426e+01,0.000000000000000000e+00
1.031000000000000000e+03,1.007721910321869956e+02,0.000000000000000000e+00
1.032000000000000000e+03,1.073261864666321230e+02,0.000000000000000000e+00
1.033000000000000000e+03,1.016855378363346887e+02,0.000000000000000000e+00
1.034000000000000000e+03,9.637070434279385722e+01,0.000000000000000000e+00
1.035000000000000000e+03,9.766915750240987393e+01,0.000000000000000000e+00
1.036000000000000000e+03,1.029658055260309055e+02,0.000000000000000000e+00
1.037000000000000000e+03,1.009212571991933771e+02,0.000000000000000000e+00
1.038000000000000000e+03,1.031031863175384728e+02,0.000000000000000000e+00
1.039000000000000000e+03,1.048482828521015620e+02,0.000000000000000000e+00
1.040000000000000000e+03,9.429163671004222635e+01,0.000000000000000000e+00
1.041000000000000000e+03,1.038418496957482802e+02,0.000000000000000000e+00
1.042000000000000000e+03,1.077571591514338536e+02,0.000000000000000000e+00
1.043000000000000000e+03,1.006998262351232967e+02,0.000000000000000000e+00
1.044000000000000000e+03,9.960602457981946145e+01,0.000000000000000000e+00
1.045000000000000000e+03,1.043977985097228327e+02,0.000000000000000000e+00
1.046000000000000000e+03,1.022705188730455887e+02,0.000000000000000000e+00
1.047000000000000000e+03,1.010943905115918255e+02,0.000000000000000000e+00
1.048000000000000000e+03,9.742916790823272777e+01,0.000000000000000000e+00
1.049000000000000000e+03,9.715556071950001638e+01,0.000000000000000000e+00
1.050000000000000000e+03,1.020086898736273326e+02,0.000000000000000000e+00
1.051000000000000000e+03,1.003336323989682199e+02,0.000000000000000000e+00
1.052000000000000000e+03,9.855719893710913482e+01,0.000000000000000000e+00
1.053000000000000000e+03,1.025397745174810211e+02,0.000000000000000000e+00
1.054000000000000000e+03,1.010437185280927963e+02,0.000000000000000000e+00
1.055000000000000000e+03,1.012132612139049002e+02,0.000000000000000000e+00
1.056000000000000000e+03,1.017891711478190047e+02,0.000000000000000000e+00
1.057000000000000000e+03,1.089786653367667810e+02,0.000000000000000000e+00
1.058000000000000000e+03,1.028151026120956857e+02,0.000000000000000000e+00
1.059000000000000000e+03,9.621244112252180969e+01,0.000000000000000000e+00
1.060000000000000000e+03,9.467517834621263262e+01,0.000000000000000000e+00
1.061000000000000000e+03,1.079955284878274853e+02,0.000000000000000000e+00
1.062000000000000000e+03,9.770085862607788840e+01,0.000000000000000000e+00
1.063000000000000000e+03,9.822691051850685540e+01,0.000000000000000000e+00
1.064000000000000000e+03,9.822484524364857350e+01,0.000000000000000000e+00
1.065000000000000000e+03,1.006969253587491409e+02,0.000000000000000000e+00
1.066000000000000000e+03,1.045647740133276216e+02,0.000000000000000000e+00
1.067000000000000000e+03,9.778110458935485383e+01,0.000000000000000000e+00
1.068000000000000000e+03,1.029224086382276653e+02,0.000000000000000000e+00
1.069000000000000000e+03,1.004293720996339374e+02,0.000000000000000000e+00
1.070000000000000000e+03,1.024862756796159715e+02,0.000000000000000000e+00
1.071000000000000000e+03,9.766273943975920702e+01,0.000000000000000000e+00
1.072000000000000000e+03,1.067307436342520646e+02,0.000000000000000000e+00
1.073000000000000000e+03,9.908183466202392253e+01,0.000000000000000000e+00
1.074000000000000000e+03,9.752307327891524835e+01,0.000000000000000000e+00
1.075000000000000000e+03,1.053621621018826318e+02,0.000000000000000000e+00
1.076000000000000000e+03,9.879541252147708974e+01,0.000000000000000000e+00
1.077000000000000000e+03,9.850135673286271754e+01,0.000000000000000000e+00
1.078000000000000000e+03,9.816215030574392131e+01,0.000000000000000000e+00
1.079000000000000000e+03,1.008116290243128361e+02,0.000000000000000000e+00
1.080000000000000000e+03,1.018965014017897772e+02,0.000000000000000000e+00
1.081000000000000000e+03,1.033840250960532074e+02,0.000000000000000000e+00
1.082000000000000000e+03,1.028388604501362380e+02,0.000000000000000000e+00
1.083000000000000000e+03,1.005463867092871340e+02,0.000000000000000000e+00
1.084000000000000000e+03,1.003777151813114017e+02,0.000000000000000000e+00
1.085000000000000000e+03,1.031740869208864666e+02,0.000000000000000000e+00
1.086000000000000000e+03,1.055808640045438693e+02,0.000000000000000000e+00
1.087000000000000000e+03,1.036781485817070205e+02,0.000000000000000000e+00
1.088000000000000000e+03,1.070275651787164719e+02,0.000000000000000000e+00
1.089000000000000000e+03,9.986841174047613379e+01,0.000000000000000000e+00
1.090000000000000000e+03,1.010859841661819445e+02,0.000000000000000000e+00
1.091000000000000000e+03,1.044281043388318437e+02,0.000000000000000000e+00
1.092000000000000000e+03,1.039992808094622774e+02,0.000000000000000000e+00
1.093000000000000000e+03,9.946015970082197555e+01,0.000000000000000000e+00
1.094000000000000000e+03,1.055258351669638159e+02,0.000000000000000000e+00
1.095000000000000000e+03,9.928621704627167333e+01,0.000000000000000000e+00
1.096000000000000000e+03,9.806150827016213611e+01,0.000000000000000000e+00
1.097000000000000000e+03,9.973675674867138241e+01,0.000000000000000000e+00
1.098000000000000000e+03,1.068306506155906561e+02,0.000000000000000000e+00
1.099000000000000000e+03,1.038728685335218245e+02,0.000000000000000000e+00
1.100000000000000000e+03,9.446399226736360788e+01,0.000000000000000000e+00
1.101000000000000000e+03,9.637776455822368860e+01,0.000000000000000000e+00
1.102000000000000000e+03,1.021688616513518610e+02,0.000000000000000000e+00
1.103000000000000000e+03,1.020218367234535464e+02,0.000000000000000000e+00
1.104000000000000000e+03,1.052753279777519566e+02,0.000000000000000000e+00
1.105000000000000000e+03,9.937620089843865401e+01,0.000000000000000000e+00
1.106000000000000000e+03,9.964423849612424533e+01,0.000000000000000000e+00
1.107000000000000000e+03,1.026958919143125115e+02,0.000000000000000000e+00
1.108000000000000000e+03,1.008901929252823066e+02,0.000000000000000000e+00
1.109000000000000000e+03,1.061054312420177155e+02,0.000000000000000000e+00
1.110000000000000000e+03,1.000669267912537492e+02,0.000000000000000000e+00
1.111000000000000000e+03,1.035548881272784030e+02,0.000000000000000000e+00
1.112000000000000000e+03,1.061228896467227969e+02,0.000000000000000000e+00
1.113000000000000000e+03,9.854265052216861420e+01,0.000000000000000000e+00
1.114000000000000000e+03,1.056182860067167866e+02,0.000000000000000000e+00
1.115000000000000000e+03,1.000512919951043926e+02,0.000000000000000000e+00
1.116000000000000000e+03,1.038158217874724016e+02,0.000000000000000000e+00
1.117000000000000000e+03,1.009362197882953751e+02,0.000000000000000000e+00
1.118000000000000000e+03,9.918862280339769200e+01,0.000000000000000000e+00
1.119000000000000000e+03,9.661888766163457376e+01,0.000000000000000000e+00
1.120000000000000000e+03,1.016043814166292236e+02,0.000000000000000000e+00
1.121000000000000000e+03,1.070023896893568889e+02,0.000000000000000000e+00
1.122000000000000000e+03,1.015932608231195502e+02,0.000000000000000000e+00
1.123000000000000000e+03,9.979335518111685133e+01,0.000000000000000000e+00
1.124000000000000000e+03,9.865693070220156358e+01,0.000000000000000000e+00
1.125000000000000000e+03,1.067812683020514157e+02,0.000000000000000000e+00
1.126000000000000000e+03,1.039798013552828166e+02,0.000000000000000000e+00
1.127000000000000000e+03,1.027607151359994759e+02,0.000000000000000000e+00
1.128000000000000000e+03,1.029867703305814643e+02,0.000000000000000000e+00
1.129000000000000000e+03,1.041732633804767119e+02,0.000000000000000000e+00
1.130000000000000000e+03,1.041666013421017993e+02,0.000000000000000000e+00
1.131000000000000000e+03,9.885499113413222005e+01,0.000000000000000000e+00
1.132000000000000000e+03,9.865290079571661863e+01,0.000000000000000000e+00
1.133000000000000000e+03,1.059739044483354178e+02,0.000000000000000000e+00
1.134000000000000000e+03,9.907389573495053980e+01,0.000000000000000000e+00
1.135000000000000000e+03,1.024065422803494698e+02,0.000000000000000000e+00
1.136000000000000000e+03,1.006433103059030856e+02,0.000000000000000000e+00
1.137000000000000000e+03,9.854016800635186257e+01,0.000000000000000000e+00
1.138000000000000000e+03,9.577081186289385073e+01,0.000000000000000000e+00
1.139000000000000000e+03,1.018076556918460369e+02,0.000000000000000000e+00
1.140000000000000000e+03,9.899566674502335673e+01,0.000000000000000000e+00
1.141000000000000000e+03,1.053371146604160344e+02,0.000000000000000000e+00
1.142000000000000000e+03,1.027228693499651939e+02,0.000000000000000000e+00
1.143000000000000000e+03,9.952001749263935437e+01,0.000000000000000000e+00
1.144000000000000000e+03,1.044500313981280897e+02,0.000000000000000000e+00
1.145000000000000000e+03,1.040052787423868921e+02,0.000000000000000000e+00
1.146000000000000000e+03,1.043712538393083236e+02,0.000000000000000000e+00
1.147000000000000000e+03,1.030735912730020090e+02,0.000000000000000000e+00
1.148000000000000000e+03,9.877968762980680140e+01,0.000000000000000000e+00
1.149000000000000000e+03,1.033700380558097152e+02,0.000000000000000000e+00
1.150000000000000000e+03,9.753515123069313120e+01,0.000000000000000000e+00
1.151000000000000000e+03,1.021095662820771537e+02,0.000000000000000000e+00
1.152000000000000000e+03,9.845471070379667822e+01,0.000000000000000000e+00
1.153000000000000000e+03,1.052842769571872736e+02,0.000000000000000000e+00
1.154000000000000000e+03,1.004203217828754759e+02,0.000000000000000000e+00
1.155000000000000000e+03,9.560326619452740715e+01,0.000000000000000000e+00
1.156000000000000000e+03,1.023527838953402380e+02,0.000000000000000000e+00
1.157000000000000000e+03,1.031628024679296516e+02,0.000000000000000000e+00
1.158000000000000000e+03,9.705068630530206519e+01,0.000000000000000000e+00
1.159000000000000000e+03,9.938592193253390406e+01,0.000000000000000000e+00
1.160000000000000000e+03,9.651852100760714848e+01,0.000000000000000000e+00
1.161000000000000000e+03,9.585391188635695414e+01,0.000000000000000000e+00
1.162000000000000000e+03,1.001524412224256082e+02,0.000000000000000000e+00
1.163000000000000000e+03,9.998739877133785114e+01,0.000000000000000000e+00
1.164000000000000000e+03,9.557781666064150272e+01,0.000000000000000000e+00
1.165000000000000000e+03,9.938396128327714507e+01,0.000000000000000000e+00
1.166000000000000000e+03,9.618245664243768545e+01,0.000000000000000000e+00
1.167000000000000000e+03,9.896769495056733490e+01,0.000000000000000000e+00
1.168000000000000000e+03,1.007222803049118482e+02,0.000000000000000000e+00
1.169000000000000000e+03,1.008870306704896933e+02,0.000000000000000000e+00
1.170000000000000000e+03,9.688561367138089508e+01,0.000000000000000000e+00
1.171000000000000000e+03,9.572147474213787177e+01,0.000000000000000000e+00
1.172000000000000000e+03,9.886292595392444582e+01,0.000000000000000000e+00
1.173000000000000000e+03,1.059046280491491672e+02,0.000000000000000000e+00
1.174000000000000000e+03,9.990007169405465959e+01,0.000000000000000000e+00
1.175000000000000000e+03,9.695971365274321840e+01,0.000000000000000000e+00
1.176000000000000000e+03,1.009179028673717085e+02,0.000000000000000000e+00
1.177000000000000000e+03,1.088013796229097920e+02,0.000000000000000000e+00
1.178000000000000000e+03,1.010097458078257660e+02,0.000000000000000000e+00
1.179000000000000000e+03,1.038781747435766221e+02,0.000000000000000000e+00
1.180000000000000000e+03,9.398378283264634092e+01,0.000000000000000000e+00
1.181000000000000000e+03,9.610105446234767612e+01,0.000000000000000000e+00
1.182000000000000000e+03,1.053824228579821352e+02,0.000000000000000000e+00
1.183000000000000000e+03,1.047865124701882706e+02,0.000000000000000000e+00
1.184000000000000000e+03,9.627647015777411355e+01,0.000000000000000000e+00
1.185000000000000000e+03,1.025173738217845170e+02,0.000000000000000000e+00
1.186000000000000000e+03,1.013769236040064357e+02,0.000000000000000000e+00
1.187000000000000000e+03,9.459968723515707723e+01,0.000000000000000000e+00
1.188000000000000000e+03,1.028907173776833304e+02,0.000000000000000000e+00
1.189000000000000000e+03,1.069162143381048935e+02,0.000000000000000000e+00
1.190000000000000000e+03,9.849250885449811221e+01,0.000000000000000000e+00
1.191000000000000000e+03,1.005382547772192652e+02,0.000000000000000000e+00
1.192000000000000000e+03,9.900350338904982550e+01,0.000000000000000000e+00
1.193000000000000000e+03,1.057355110460043477e+02,0.000000000000000000e+00
1.194000000000000000e+03,1.012127254772504301e+02,0.000000000000000000e+00
1.195000000000000000e+03,1.050303915156057997e+02,0.000000000000000000e+00
1.196000000000000000e+03,1.052506181751540169e+02,0.000000000000000000e+00
1.197000000000000000e+03,9.593897144338008331e+01,0.000000000000000000e+00
1.198000000000000000e+03,9.437785317985401434e+01,0.000000000000000000e+00
1.199000000000000000e+03,1.012002281248207254e+02,0.000000000000000000e+00
1.200000000000000000e+03,9.951774920580983519e+01,0.000000000000000000e+00
1.201000000000000000e+03,9.901307246186226507e+01,0.000000000000000000e+00
1.202000000000000000e+03,1.052855185672546128e+02,0.000000000000000000e+00
1.203000000000000000e+03,9.867330102084606835e+01,0.000000000000000000e+00
1.204000000000000000e+03,1.014260480403052469e+02,0.000000000000000000e+00
1.205000000000000000e+03,9.639779093418518130e+01,0.000000000000000000e+00
1.206000000000000000e+03,9.980344864660757764e+01,0.000000000000000000e+00
1.207000000000000000e+03,9.890892873596204993e+01,0.000000000000000000e+00
1.208000000000000000e+03,1.021873139096636436e+02,0.000000000000000000e+00
1.209000000000000000e+03,1.068505031906696132e+02,0.000000000000000000e+00
1.210000000000000000e+03,1.012600025023670725e+02,0.000000000000000000e+00
1.211000000000000000e+03,9.900322387293148552e+01,0.000000000000000000e+00
1.212000000000000000e+03,1.023705818004406325e+02,0.000000000000000000e+00
1.213000000000000000e+03,1.014733238797494010e+02,0.000000000000000000e+00
1.214000000000000000e+03,1.012240695291507393e+02,0.000000000000000000e+00
1.215000000000000000e+03,1.041883622917665519e+02,0.000000000000000000e+00
1.216000000000000000e+03,9.889139811357976839e+01,0.000000000000000000e+00
1.217000000000000000e+03,9.789219924838354814e+01,0.000000000000000000e+00
1.218000000000000000e+03,1.059234260635207505e+02,0.000000000000000000e+00
1.219000000000000000e+03,1.057277136093059937e+02,0.000000000000000000e+00
1.220000000000000000e+03,1.079873321180908619e+02,0.000000000000000000e+00
1.221000000000000000e+03,1.057251453004172816e+02,0.000000000000000000e+00
1.222000000000000000e+03,1.007219940327844654e+02,0.000000000000000000e+00
1.223000000000000000e+03,9.814198613173407182e+01,0.000000000000000000e+00
1.224000000000000000e+03,1.007967603535262811e+02,0.000000000000000000e+00
1.225000000000000000e+03,9.784309850650348039e+01,0.000000000000000000e+00
1.226000000000000000e+03,1.030293987462828227e+02,0.000000000000000000e+00
1.227000000000000000e+03,9.548604070163332835e+01,0.000000000000000000e+00
1.228000000000000000e+03,9.832993771564382257e+01,0.000000000000000000e+00
1.229000000000000000e+03,1.026197313586780524e+02,0.000000000000000000e+00
1.230000000000000000e+03,1.012015396884182366e+02,0.000000000000000000e+00
1.231000000000000000e+03,1.055529587152440314e+02,0.000000000000000000e+00
1.232000000000000000e+03,9.874828106270071260e+01,0.000000000000000000e+00
1.233000000000000000e+03,1.041091281045838599e+02,0.000000000000000000e+00
1.234000000000000000e+03,1.099093018429908710e+02,0.000000000000000000e+00
1.235000000000000000e+03,1.003958081908902216e+02,0.000000000000000000e+00
1.236000000000000000e+03,1.027526137429927218e+02,0.000000000000000000e+00
1.237000000000000000e+03,1.071513714307756544e+02,0.000000000000000000e+00
1.238000000000000000e+03,1.059285072450271485e+02,0.000000000000000000e+00
1.239000000000000000e+03,1.017008199061087623e+02,0.000000000000000000e+00
1.240000000000000000e+03,9.613716259216087678e+01,0.000000000000000000e+00
1.241000000000000000e+03,9.914323492932268778e+01,0.000000000000000000e+00
1.242000000000000000e+03,1.030347391114899978e+02,0.000000000000000000e+00
1.243000000000000000e+03,9.674255734476248847e+01,0.000000000000000000e+00
1.244000000000000000e+03,1.012952185186757532e+02,0.000000000000000000e+00
1.245000000000000000e+03,1.011111515445958844e+02,0.000000000000000000e+00
1.246000000000000000e+03,9.822053963799115195e+01,0.000000000000000000e+00
1.247000000000000000e+03,9.650832110384877183e+01,0.000000000000000000e+00
1.248000000000000000e+03,1.017533660506322235e+02,0.000000000000000000e+00
1.249000000000000000e+03,9.470143621841889114e+01,0.000000000000000000e+00
1.250000000000000000e+03,1.050543412250904822e+02,0.000000000000000000e+00
1.251000000000000000e+03,1.016918994806511733e+02,0.000000000000000000e+00
1.252000000000000000e+03,1.071911627384548069e+02,0.000000000000000000e+00
1.253000000000000000e+03,1.049385383440839092e+02,0.000000000000000000e+00
1.254000000000000000e+03,1.076364644118009863e+02,0.000000000000000000e+00
1.255000000000000000e+03,9.829644114638924179e+01,0.000000000000000000e+00
1.256000000000000000e+03,9.764728931978272897e+01,0.000000000000000000e+00
1.257000000000000000e+03,9.817629475523143867e+01,0.000000000000000000e+00
1.258000000000000000e+03,1.090116601845998190e+02,0.000000000000000000e+00
1.259000000000000000e+03,1.026427834682864102e+02,0.000000000000000000e+00
1.260000000000000000e+03,9.595656987251943804e+01,0.000000000000000000e+00
1.261000000000000000e+03,1.035986099521941100e+02,0.000000000000000000e+00
1.262000000000000000e+03,1.089229157820364691e+02,0.000000000000000000e+00
1.263000000000000000e+03,1.062300559542758265e+02,0.000000000000000000e+00
1.264000000000000000e+03,1.070708076509949791e+02,0.000000000000000000e+00
1.265000000000000000e+03,1.059496737311546326e+02,0.000000000000000000e+00
1.266000000000000000e+03,1.018321977122459288e+02,0.000000000000000000e+00
1.267000000000000000e+03,1.052357452580210406e+02,0.000000000000000000e+00
1.268000000000000000e+03,1.015420306576765768e+02,0.000000000000000000e+00
1.269000000000000000e+03,1.100064831367424460e+02,0.000000000000000000e+00
1.270000000000000000e+03,9.949969425059529726e+01,0.000000000000000000e+00
1.271000000000000000e+03,1.063773383218651674e+02,0.000000000000000000e+00
1.272000000000000000e+03,9.867408522925076397e+01,0.000000000000000000e+00
1.273000000000000000e+03,9.772117643300671830e+01,0.000000000000000000e+00
1.274000000000000000e+03,1.024729873716179185e+02,0.000000000000000000e+00
1.275000000000000000e+03,1.009781803204921431e+02,0.000000000000000000e+00
1.276000000000000000e+03,1.019638037222122051e+02,0.000000000000000000e+00
1.277000000000000000e+03,1.023394208712589943e+02,0.000000000000000000e+00
1.278000000000000000e+03,9.947654672926442743e+01,0.000000000000000000e+00
1.279000000000000000e+03,9.801699602072889661e+01,0.000000000000000000e+00
1.280000000000000000e+03,1.037824422048721402e+02,0.000000000000000000e+00
1.281000000000000000e+03,9.611404062388595548e+01,0.000000000000000000e+00
1.282000000000000000e+03,9.755733125541695472e+01,0.000000000000000000e+00
1.283000000000000000e+03,1.016218999357317188e+02,0.000000000000000000e+00
1.284000000000000000e+03,9.776625816828465076e+01,0.000000000000000000e+00
1.285000000000000000e+03,1.020677437551622120e+02,0.000000000000000000e+00
1.286000000000000000e+03,1.041143673776903427e+02,0.000000000000000000e+00
1.287000000000000000e+03,1.016553340722329750e+02,0.000000000000000000e+00
1.288000000000000000e+03,1.038729046353302721e+02,0.000000000000000000e+00
1.289000000000000000e+03,9.410265959421238335e+01,0.000000000000000000e+00
1.290000000000000000e+03,1.050480981337075264e+02,0.000000000000000000e+00
1.291000000000000000e+03,1.018405518393080058e+02,0.000000000000000000e+00
1.292000000000000000e+03,9.811919316705437666e+01,0.000000000000000000e+00
1.293000000000000000e+03,1.027030317114399054e+02,0.000000000000000000e+00
1.294000000000000000e+03,1.039826075657994409e+02,0.000000000000000000e+00
1.295000000000000000e+03,9.537481869425111825e+01,0.000000000000000000e+00
1.296000000000000000e+03,1.031728524145274974e+02,0.000000000000000000e+00
1.297000000000000000e+03,1.097078786039465825e+02,0.000000000000000000e+00
1.298000000000000000e+03,1.110242142701155359e+02,1.000000000000000000e+00
1.299000000000000000e+03,1.072580801352209505e+02,1.000000000000000000e+00
1.300000000000000000e+03,1.126990619349625717e+02,1.000000000000000000e+00
1.301000000000000000e+03,1.137413839489944536e+02,1.000000000000000000e+00
1.302000000000000000e+03,1.177044741431394783e+02,1.000000000000000000e+00
1.303000000000000000e+03,1.218800649038083463e+02,1.000000000000000000e+00
1.304000000000000000e+03,1.266331502310157759e+02,1.000000000000000000e+00
1.305000000000000000e+03,1.264411765755186821e+02,1.000000000000000000e+00
1.306000000000000000e+03,1.362327092173487983e+02,1.000000000000000000e+00
1.307000000000000000e+03,1.382888999218808976e+02,1.000000000000000000e+00
1.308000000000000000e+03,1.418555596679431119e+02,1.000000000000000000e+00
1.309000000000000000e+03,1.513321139512505624e+02,1.000000000000000000e+00
1.310000000000000000e+03,1.514073071815629135e+02,1.000000000000000000e+00
1.311000000000000000e+03,1.609824807509218942e+02,1.000000000000000000e+00
1.312000000000000000e+03,1.684984855943016555e+02,1.000000000000000000e+00
1.313000000000000000e+03,1.740291570313629848e+02,1.000000000000000000e+00
1.314000000000000000e+03,1.770407209917500495e+02,1.000000000000000000e+00
1.315000000000000000e+03,1.827660011855109019e+02,1.000000000000000000e+00
1.316000000000000000e+03,1.811639305100388526e+02,1.000000000000000000e+00
1.317000000000000000e+03,1.859602114390116299e+02,1.000000000000000000e+00
1.318000000000000000e+03,1.836266395178358266e+02,1.000000000000000000e+00
1.319000000000000000e+03,1.781702240458817528e+02,1.000000000000000000e+00
1.320000000000000000e+03,1.683963918135983988e+02,1.000000000000000000e+00
1.321000000000000000e+03,1.551428811733576651e+02,1.000000000000000000e+00
1.322000000000000000e+03,1.459404403590789343e+02,1.000000000000000000e+00
1.323000000000000000e+03,1.441065670063025550e+02,1.000000000000000000e+00
1.324000000000000000e+03,1.380474731390447118e+02,1.000000000000000000e+00
1.325000000000000000e+03,1.374056860018594364e+02,1.000000000000000000e+00
1.326000000000000000e+03,1.332222368672317430e+02,1.000000000000000000e+00
1.327000000000000000e+03,1.305407389408845518e+02,1.000000000000000000e+00
1.328000000000000000e+03,1.257502266472717167e+02,1.000000000000000000e+00
1.329000000000000000e+03,1.095204324915740273e+02,1.000000000000000000e+00
1.330000000000000000e+03,1.171184342202984965e+02,1.000000000000000000e+00
1.331000000000000000e+03,1.226076832806825081e+02,1.000000000000000000e+00
1.332000000000000000e+03,1.213358069665822541e+02,1.000000000000000000e+00
1.333000000000000000e+03,1.263926672081817628e+02,1.000000000000000000e+00
1.334000000000000000e+03,1.305402303869863374e+02,1.000000000000000000e+00
1.335000000000000000e+03,1.347005772804224932e+02,1.000000000000000000e+00
1.336000000000000000e+03,1.372265988272154402e+02,1.000000000000000000e+00
1.337000000000000000e+03,1.299234698180210330e+02,1.000000000000000000e+00
1.338000000000000000e+03,1.273882262433584884e+02,1.000000000000000000e+00
1.339000000000000000e+03,1.246708991738307191e+02,1.000000000000000000e+00
1.340000000000000000e+03,1.176122404098080096e+02,1.000000000000000000e+00
1.341000000000000000e+03,1.162134117609787438e+02,1.000000000000000000e+00
1.342000000000000000e+03,1.168530142105262257e+02,1.000000000000000000e+00
1.343000000000000000e+03,1.134630016354136899e+02,1.000000000000000000e+00
1.344000000000000000e+03,1.183646352390243521e+02,1.000000000000000000e+00
1.345000000000000000e+03,1.300902901330147472e+02,1.000000000000000000e+00
1.346000000000000000e+03,1.273579638667396239e+02,1.000000000000000000e+00
1.347000000000000000e+03,1.309319252925940305e+02,1.000000000000000000e+00
1.348000000000000000e+03,1.323164059378229638e+02,1.000000000000000000e+00
1.349000000000000000e+03,1.294802751308947109e+02,1.000000000000000000e+00
1.350000000000000000e+03,1.362662012547282870e+02,1.000000000000000000e+00
1.351000000000000000e+03,1.288311451620447485e+02,1.000000000000000000e+00
1.352000000000000000e+03,1.233080458178855565e+02,1.000000000000000000e+00
1.353000000000000000e+03,1.252294997245307542e+02,1.000000000000000000e+00
1.354000000000000000e+03,1.224084301586885033e+02,1.000000000000000000e+00
1.355000000000000000e+03,1.280386754850160003e+02,1.000000000000000000e+00
1.356000000000000000e+03,1.297941306934783086e+02,1.000000000000000000e+00
1.357000000000000000e+03,1.285532351346305973e+02,1.000000000000000000e+00
1.358000000000000000e+03,1.326287933179634990e+02,1.000000000000000000e+00
1.359000000000000000e+03,1.334076410188345392e+02,1.000000000000000000e+00
1.360000000000000000e+03,1.311731392637288138e+02,1.000000000000000000e+00
1.361000000000000000e+03,1.245524735196131303e+02,1.000000000000000000e+00
1.362000000000000000e+03,1.179205963165963880e+02,1.000000000000000000e+00
1.363000000000000000e+03,1.161000784252778431e+02,1.000000000000000000e+00
1.364000000000000000e+03,1.141815875325175824e+02,1.000000000000000000e+00
1.365000000000000000e+03,1.126253920817668757e+02,1.000000000000000000e+00
1.366000000000000000e+03,1.166094403768367300e+02,1.000000000000000000e+00
1.367000000000000000e+03,1.062013100791802174e+02,1.000000000000000000e+00
1.368000000000000000e+03,1.091370514072530113e+02,1.000000000000000000e+00
1.369000000000000000e+03,1.072180635803089359e+02,1.000000000000000000e+00
1.370000000000000000e+03,1.080281666695745457e+02,1.000000000000000000e+00
1.371000000000000000e+03,1.118272733414450926e+02,1.000000000000000000e+00
1.372000000000000000e+03,1.084411113074248902e+02,1.000000000000000000e+00
1.373000000000000000e+03,1.036549804693659809e+02,1.000000000000000000e+00
1.374000000000000000e+03,1.103339289654544331e+02,1.000000000000000000e+00
1.375000000000000000e+03,1.210375451853333999e+02,1.000000000000000000e+00
1.376000000000000000e+03,1.213217705767629297e+02,1.000000000000000000e+00
1.377000000000000000e+03,1.233422699366663267e+02,1.000000000000000000e+00
1.378000000000000000e+03,1.191114327992691813e+02,1.000000000000000000e+00
1.379000000000000000e+03,1.147780424595900257e+02,1.000000000000000000e+00
1.380000000000000000e+03,1.193176158188962432e+02,1.000000000000000000e+00
1.381000000000000000e+03,1.134071916044978821e+02,1.000000000000000000e+00
1.382000000000000000e+03,1.091992184042528038e+02,1.000000000000000000e+00
1.383000000000000000e+03,1.121465987103824347e+02,1.000000000000000000e+00
1.384000000000000000e+03,1.125916439890654459e+02,1.000000000000000000e+00
1.385000000000000000e+03,1.170149120924879043e+02,1.000000000000000000e+00
1.386000000000000000e+03,1.071439491528105918e+02,1.000000000000000000e+00
1.387000000000000000e+03,1.020239478128850124e+02,1.000000000000000000e+00
1.388000000000000000e+03,1.104302137640276129e+02,0.000000000000000000e+00
1.389000000000000000e+03,1.072699398913719193e+02,0.000000000000000000e+00
1.390000000000000000e+03,1.064292635413859927e+02,0.000000000000000000e+00
1.391000000000000000e+03,9.840040346668314442e+01,0.000000000000000000e+00
1.392000000000000000e+03,1.064174276623736120e+02,0.000000000000000000e+00
1.393000000000000000e+03,9.983558037163732024e+01,0.000000000000000000e+00
1.394000000000000000e+03,1.019726624263788182e+02,0.000000000000000000e+00
1.395000000000000000e+03,9.877951991550807520e+01,0.000000000000000000e+00
1.396000000000000000e+03,1.097652607503128905e+02,0.000000000000000000e+00
1.397000000000000000e+03,9.307913261007749384e+01,0.000000000000000000e+00
1.398000000000000000e+03,9.894556602264626122e+01,0.000000000000000000e+00
1.399000000000000000e+03,1.051804051080311808e+02,0.000000000000000000e+00
1.400000000000000000e+03,1.000585346548173220e+02,0.000000000000000000e+00
1.401000000000000000e+03,1.049737298887391859e+02,0.000000000000000000e+00
1.402000000000000000e+03,1.025227147317796579e+02,0.000000000000000000e+00
1.403000000000000000e+03,9.933540360642577127e+01,0.000000000000000000e+00
1.404000000000000000e+03,9.915053642638700637e+01,0.000000000000000000e+00
1.405000000000000000e+03,1.028392059691942251e+02,0.000000000000000000e+00
1.406000000000000000e+03,1.069717895598983546e+02,0.000000000000000000e+00
1.407000000000000000e+03,1.059588273425175657e+02,0.000000000000000000e+00
1.408000000000000000e+03,1.036034336314790494e+02,0.000000000000000000e+00
1.409000000000000000e+03,1.096364078128179074e+02,0.000000000000000000e+00
1.410000000000000000e+03,1.072859595747371202e+02,0.000000000000000000e+00
1.411000000000000000e+03,1.028332356799996461e+02,0.000000000000000000e+00
1.412000000000000000e+03,1.062047287039422514e+02,0.000000000000000000e+00
1.413000000000000000e+03,1.117515225257978813e+02,0.000000000000000000e+00
1.414000000000000000e+03,1.034169680230845501e+02,0.000000000000000000e+00
1.415000000000000000e+03,1.030817652999067491e+02,0.000000000000000000e+00
1.416000000000000000e+03,1.033153442224696050e+02,0.000000000000000000e+00
1.417000000000000000e+03,1.027341035997891652e+02,0.000000000000000000e+00
1.418000000000000000e+03,1.038234098590023677e+02,0.000000000000000000e+00
1.419000000000000000e+03,9.543908539385907375e+01,0.000000000000000000e+00
1.420000000000000000e+03,1.055888380152326249e+02,0.000000000000000000e+00
1.421000000000000000e+03,9.684204346472247948e+01,0.000000000000000000e+00
1.422000000000000000e+03,1.027769907107724237e+02,0.000000000000000000e+00
1.423000000000000000e+03,1.069198377414706158e+02,0.000000000000000000e+00
1.424000000000000000e+03,1.049419773073588829e+02,0.000000000000000000e+00
1.425000000000000000e+03,9.571379327518434366e+01,0.000000000000000000e+00
1.426000000000000000e+03,9.806702788130111514e+01,0.000000000000000000e+00
1.427000000000000000e+03,1.018187693358892005e+02,0.000000000000000000e+00
1.428000000000000000e+03,1.007081294338256754e+02,0.000000000000000000e+00
1.429000000000000000e+03,1.008227282417699797e+02,0.000000000000000000e+00
1.430000000000000000e+03,9.969973685032553590e+01,0.000000000000000000e+00
1.431000000000000000e+03,9.628016464897206106e+01,0.000000000000000000e+00
1.432000000000000000e+03,1.036173428872909028e+02,0.000000000000000000e+00
1.433000000000000000e+03,9.500857778492984096e+01,0.000000000000000000e+00
1.434000000000000000e+03,9.601781568147166013e+01,0.000000000000000000e+00
1.435000000000000000e+03,1.023886136931968593e+02,0.000000000000000000e+00
1.436000000000000000e+03,9.608996075040143126e+01,0.000000000000000000e+00
1.437000000000000000e+03,9.397876770031750482e+01,0.000000000000000000e+00
1.438000000000000000e+03,9.699788334383174515e+01,0.000000000000000000e+00
1.439000000000000000e+03,1.045278032204962955e+02,0.000000000000000000e+00
1.440000000000000000e+03,1.033604523050523483e+02,0.000000000000000000e+00
1.441000000000000000e+03,9.984881360683486662e+01,0.000000000000000000e+00
1.442000000000000000e+03,9.794972103957091747e+01,0.000000000000000000e+00
1.443000000000000000e+03,1.013497886975938655e+02,0.000000000000000000e+00
1.444000000000000000e+03,9.941657995773960010e+01,0.000000000000000000e+00
1.445000000000000000e+03,9.787171887147238181e+01,0.000000000000000000e+00
1.446000000000000000e+03,9.905326106392350027e+01,0.000000000000000000e+00
1.447000000000000000e+03,9.569147310234659187e+01,0.000000000000000000e+00
1.448000000000000000e+03,1.046977225708241548e+02,0.000000000000000000e+00
1.449000000000000000e+03,1.011858722385763087e+02,0.000000000000000000e+00
1.450000000000000000e+03,1.008408930703161701e+02,0.000000000000000000e+00
1.451000000000000000e+03,1.032769099414639697e+02,0.000000000000000000e+00
1.452000000000000000e+03,1.024758357029978697e+02,0.000000000000000000e+00
1.453000000000000000e+03,1.068280888750522166e+02,0.000000000000000000e+00
1.454000000000000000e+03,9.775094307647775338e+01,0.000000000000000000e+00
1.455000000000000000e+03,1.013212068757254798e+02,0.000000000000000000e+00
1.456000000000000000e+03,1.055073357735226267e+02,0.000000000000000000e+00
1.457000000000000000e+03,1.036452546251387901e+02,0.000000000000000000e+00
1.458000000000000000e+03,9.959825320386465819e+01,0.000000000000000000e+00
1.459000000000000000e+03,1.043292515843444477e+02,0.000000000000000000e+00
1.460000000000000000e+03,1.083799925428740067e+02,0.000000000000000000e+00
1.461000000000000000e+03,1.037293792920929718e+02,0.000000000000000000e+00
1.462000000000000000e+03,9.874550735758602116e+01,0.000000000000000000e+00
1.463000000000000000e+03,9.901682333628063759e+01,0.000000000000000000e+00
1.464000000000000000e+03,9.847843868195651851e+01,0.000000000000000000e+00
1.465000000000000000e+03,1.032002624723765507e+02,0.000000000000000000e+00
1.466000000000000000e+03,1.033830014664214616e+02,0.000000000000000000e+00
1.467000000000000000e+03,1.017227700177974015e+02,0.000000000000000000e+00
1.468000000000000000e+03,1.095607982030352048e+02,0.000000000000000000e+00
1.469000000000000000e+03,1.069171065546037056e+02,0.000000000000000000e+00
1.470000000000000000e+03,1.032546267113938683e+02,0.000000000000000000e+00
1.471000000000000000e+03,1.017560173931985332e+02,0.000000000000000000e+00
1.472000000000000000e+03,1.066704880877215800e+02,0.000000000000000000e+00
1.473000000000000000e+03,9.560813223708137798e+01,0.000000000000000000e+00
1.474000000000000000e+03,9.852310573111846281e+01,0.000000000000000000e+00
1.475000000000000000e+03,1.037886246263663566e+02,0.000000000000000000e+00
1.476000000000000000e+03,1.077807288906146113e+02,0.000000000000000000e+00
1.477000000000000000e+03,1.005616956474959665e+02,0.000000000000000000e+00
1.478000000000000000e+03,1.003621353163293008e+02,0.000000000000000000e+00
1.479000000000000000e+03,1.013748253599805622e+02,0.000000000000000000e+00
1.480000000000000000e+03,9.646186560335782190e+01,0.000000000000000000e+00
1.481000000000000000e+03,1.027321311337268810e+02,0.000000000000000000e+00
1.482000000000000000e+03,9.935322968497270324e+01,0.000000000000000000e+00
1.483000000000000000e+03,1.015874926372932094e+02,0.000000000000000000e+00
1.484000000000000000e+03,1.065094540954606970e+02,0.000000000000000000e+00
1.485000000000000000e+03,1.041027881853286914e+02,0.000000000000000000e+00
1.486000000000000000e+03,1.002392771926704143e+02,0.000000000000000000e+00
1.487000000000000000e+03,9.472213465366994001e+01,0.000000000000000000e+00
1.488000000000000000e+03,1.015335635618087906e+02,0.000000000000000000e+00
1.489000000000000000e+03,9.835621674173363260e+01,0.000000000000000000e+00
1.490000000000000000e+03,1.019478602326121432e+02,0.000000000000000000e+00
1.491000000000000000e+03,1.044258610390714779e+02,0.000000000000000000e+00
1.492000000000000000e+03,9.571389099682059509e+01,0.000000000000000000e+00
1.493000000000000000e+03,1.067989140988231469e+02,0.000000000000000000e+00
1.494000000000000000e+03,1.067646121291564612e+02,0.000000000000000000e+00
1.495000000000000000e+03,9.954546076662047938e+01,0.000000000000000000e+00
1.496000000000000000e+03,9.934523941444129491e+01,0.000000000000000000e+00
1.497000000000000000e+03,9.963585861611625205e+01,0.000000000000000000e+00
1.498000000000000000e+03,1.018735964856815457e+02,0.000000000000000000e+00
1.499000000000000000e+03,1.038694094625014657e+02,0.000000000000000000e+00
1.500000000000000000e+03,1.041498496659464337e+02,0.000000000000000000e+00
1.501000000000000000e+03,1.008130271255215575e+02,0.000000000000000000e+00
1.502000000000000000e+03,1.073039160525314912e+02,0.000000000000000000e+00
1.503000000000000000e+03,9.810593759018672699e+01,0.000000000000000000e+00
1.504000000000000000e+03,9.732936290333277896e+01,0.000000000000000000e+00
1.505000000000000000e+03,9.758032478671607635e+01,0.000000000000000000e+00
1.506000000000000000e+03,9.759057726692527979e+01,0.000000000000000000e+00
1.507000000000000000e+03,1.056869500771980768e+02,0.000000000000000000e+00
1.508000000000000000e+03,1.000871444174803742e+02,0.000000000000000000e+00
1.509000000000000000e+03,9.841611852186866827e+01,0.000000000000000000e+00
1.510000000000000000e+03,1.054984081879823776e+02,0.000000000000000000e+00
1.511000000000000000e+03,1.018965048554313313e+02,0.000000000000000000e+00
1.512000000000000000e+03,9.872394591202876768e+01,0.000000000000000000e+00
1.513000000000000000e+03,1.060951027740696020e+02,0.000000000000000000e+00
1.514000000000000000e+03,1.001404717466856624e+02,0.000000000000000000e+00
1.515000000000000000e+03,1.056390569932161583e+02,0.000000000000000000e+00
1.516000000000000000e+03,1.066262224957432068e+02,0.000000000000000000e+00
1.517000000000000000e+03,1.018497326849218041e+02,0.000000000000000000e+00
1.518000000000000000e+03,9.444688810310563554e+01,0.000000000000000000e+00
1.519000000000000000e+03,1.011408573449972153e+02,0.000000000000000000e+00
1.520000000000000000e+03,1.024249771667766282e+02,0.000000000000000000e+00
1.521000000000000000e+03,1.015083266568044564e+02,0.000000000000000000e+00
1.522000000000000000e+03,1.047107101697146163e+02,0.000000000000000000e+00
1.523000000000000000e+03,9.883724937465490257e+01,0.000000000000000000e+00
1.524000000000000000e+03,1.033787548221842485e+02,0.000000000000000000e+00
1.525000000000000000e+03,9.935469031202904944e+01,0.000000000000000000e+00
1.526000000000000000e+03,1.018191141792974719e+02,0.000000000000000000e+00
1.527000000000000000e+03,1.025944681769907874e+02,0.000000000000000000e+00
1.528000000000000000e+03,9.810747994786586901e+01,0.000000000000000000e+00
1.529000000000000000e+03,1.060756810093341187e+02,0.000000000000000000e+00
1.530000000000000000e+03,1.043616861249955008e+02,0.000000000000000000e+00
1.531000000000000000e+03,9.810472528283870020e+01,0.000000000000000000e+00
1.532000000000000000e+03,1.050962881069989834e+02,0.000000000000000000e+00
1.533000000000000000e+03,1.080082378812494994e+02,0.000000000000000000e+00
1.534000000000000000e+03,9.440626184521946129e+01,0.000000000000000000e+00
1.535000000000000000e+03,1.023143026177804842e+02,0.000000000000000000e+00
1.536000000000000000e+03,9.348752052733674134e+01,0.000000000000000000e+00
1.537000000000000000e+03,1.010649413271813728e+02,0.000000000000000000e+00
1.538000000000000000e+03,1.008525427876552101e+02,0.000000000000000000e+00
1.539000000000000000e+03,9.550656147532069440e+01,0.000000000000000000e+00
1.540000000000000000e+03,1.057310454270275955e+02,0.000000000000000000e+00
1.541000000000000000e+03,9.612868424350135399e+01,0.000000000000000000e+00
1.542000000000000000e+03,9.931841011653961004e+01,0.000000000000000000e+00
1.543000000000000000e+03,9.964223242429383731e+01,0.000000000000000000e+00
1.544000000000000000e+03,1.069806872773064725e+02,0.000000000000000000e+00
1.545000000000000000e+03,1.028149750517348480e+02,0.000000000000000000e+00
1.546000000000000000e+03,1.063340883959805581e+02,0.000000000000000000e+00
1.547000000000000000e+03,1.000283655615150877e+02,0.000000000000000000e+00
1.548000000000000000e+03,9.963657692614435746e+01,0.000000000000000000e+00
1.549000000000000000e+03,1.025237489831023936e+02,0.000000000000000000e+00
1.550000000000000000e+03,9.944842077927522439e+01,0.000000000000000000e+00
1.551000000000000000e+03,9.718874356933659442e+01,0.000000000000000000e+00
1.552000000000000000e+03,1.054103339639206780e+02,0.000000000000000000e+00
1.553000000000000000e+03,9.813647949051687647e+01,0.000000000000000000e+00
1.554000000000000000e+03,9.625591698615549774e+01,0.000000000000000000e+00
1.555000000000000000e+03,9.989648084553411422e+01,0.000000000000000000e+00
1.556000000000000000e+03,1.043799928505171692e+02,0.000000000000000000e+00
1.557000000000000000e+03,9.990622287205258090e+01,0.000000000000000000e+00
1.558000000000000000e+03,9.583636481708356314e+01,0.000000000000000000e+00
1.559000000000000000e+03,1.041649675472210816e+02,0.000000000000000000e+00
1.560000000000000000e+03,1.016658522147513253e+02,0.000000000000000000e+00
1.561000000000000000e+03,1.026372524151801429e+02,0.000000000000000000e+00
1.562000000000000000e+03,1.008913138277129207e+02,0.000000000000000000e+00
1.563000000000000000e+03,1.072559472318881006e+02,0.000000000000000000e+00
1.564000000000000000e+03,9.877668226210161606e+01,0.000000000000000000e+00
1.565000000000000000e+03,1.002034989106034004e+02,0.000000000000000000e+00
1.566000000000000000e+03,1.036257617677944154e+02,0.000000000000000000e+00
1.567000000000000000e+03,1.021138532326865800e+02,0.000000000000000000e+00
1.568000000000000000e+03,1.074073254145098701e+02,0.000000000000000000e+00
1.569000000000000000e+03,9.972758208516654577e+01,0.000000000000000000e+00
1.570000000000000000e+03,9.971436902640110134e+01,0.000000000000000000e+00
1.571000000000000000e+03,1.017397244279049033e+02,0.000000000000000000e+00
1.572000000000000000e+03,1.055848647552419095e+02,0.000000000000000000e+00
1.573000000000000000e+03,1.047206199113461622e+02,0.000000000000000000e+00
1.574000000000000000e+03,1.031666220968402001e+02,0.000000000000000000e+00
1.575000000000000000e+03,1.015495923511716256e+02,0.000000000000000000e+00
1.576000000000000000e+03,1.019545300379218560e+02,0.000000000000000000e+00
1.577000000000000000e+03,9.697423477474747244e+01,0.000000000000000000e+00
1.578000000000000000e+03,9.846420085359039831e+01,0.000000000000000000e+00
1.579000000000000000e+03,9.815525701789698587e+01,0.000000000000000000e+00
1.580000000000000000e+03,9.929325243700196779e+01,0.000000000000000000e+00
1.581000000000000000e+03,9.994169666323534784e+01,0.000000000000000000e+00
1.582000000000000000e+03,9.841188215868947964e+01,0.000000000000000000e+00
1.583000000000000000e+03,1.033475141592024613e+02,0.000000000000000000e+00
1.584000000000000000e+03,1.032772810833542678e+02,0.000000000000000000e+00
1.585000000000000000e+03,1.011748102200014188e+02,0.000000000000000000e+00
1.586000000000000000e+03,1.019036361950413436e+02,0.000000000000000000e+00
1.587000000000000000e+03,1.004334888716451388e+02,0.000000000000000000e+00
1.588000000000000000e+03,9.836498032081637177e+01,0.000000000000000000e+00
1.589000000000000000e+03,1.007070147202591670e+02,0.000000000000000000e+00
1.590000000000000000e+03,1.006630844703544199e+02,0.000000000000000000e+00
1.591000000000000000e+03,1.021311842508869319e+02,0.000000000000000000e+00
1.592000000000000000e+03,9.914733170922340832e+01,0.000000000000000000e+00
1.593000000000000000e+03,9.512518455403453288e+01,0.000000000000000000e+00
1.594000000000000000e+03,1.028686527559878954e+02,0.000000000000000000e+00
1.595000000000000000e+03,1.018354619615231513e+02,0.000000000000000000e+00
1.596000000000000000e+03,9.703662859571038268e+01,0.000000000000000000e+00
1.597000000000000000e+03,1.028601521137825330e+02,0.000000000000000000e+00
1.598000000000000000e+03,1.046986542075785849e+02,0.000000000000000000e+00
1.599000000000000000e+03,1.036289854249116189e+02,0.000000000000000000e+00
1.600000000000000000e+03,9.902512172087288889e+01,0.000000000000000000e+00
1.601000000000000000e+03,1.041536704284884962e+02,0.000000000000000000e+00
1.602000000000000000e+03,9.789234017502187157e+01,0.000000000000000000e+00
1.603000000000000000e+03,9.847189075880662301e+01,0.000000000000000000e+00
1.604000000000000000e+03,1.088265107365686220e+02,0.000000000000000000e+00
1.605000000000000000e+03,1.018448992251056495e+02,0.000000000000000000e+00
1.606000000000000000e+03,9.901346578539624943e+01,0.000000000000000000e+00
1.607000000000000000e+03,1.011487410839601182e+02,0.000000000000000000e+00
1.608000000000000000e+03,1.019084116597506551e+02,0.000000000000000000e+00
1.609000000000000000e+03,9.959914900782771952e+01,0.000000000000000000e+00
1.610000000000000000e+03,1.007122310671685455e+02,0.000000000000000000e+00
1.611000000000000000e+03,1.019825641115323691e+02,0.000000000000000000e+00
1.612000000000000000e+03,1.095303854542620456e+02,0.000000000000000000e+00
1.613000000000000000e+03,1.029865324718616080e+02,0.000000000000000000e+00
1.614000000000000000e+03,1.035870015608530537e+02,0.000000000000000000e+00
1.615000000000000000e+03,1.037938681133266385e+02,0.000000000000000000e+00
1.616000000000000000e+03,1.024147733942771765e+02,0.000000000000000000e+00
1.617000000000000000e+03,9.585103186539079445e+01,0.000000000000000000e+00
1.618000000000000000e+03,1.018408278162281988e+02,0.000000000000000000e+00
1.619000000000000000e+03,1.002826069970346339e+02,0.000000000000000000e+00
1.620000000000000000e+03,9.747519423710369324e+01,0.000000000000000000e+00
1.621000000000000000e+03,9.848744407000063461e+01,0.000000000000000000e+00
1.622000000000000000e+03,1.010220409662256742e+02,0.000000000000000000e+00
1.623000000000000000e+03,1.001429079927493007e+02,0.000000000000000000e+00
1.624000000000000000e+03,1.036385653526888859e+02,0.000000000000000000e+00
1.625000000000000000e+03,9.918881009545502536e+01,0.000000000000000000e+00
1.626000000000000000e+03,1.068802020755531998e+02,0.000000000000000000e+00
1.627000000000000000e+03,1.025783020556077787e+02,0.000000000000000000e+00
1.628000000000000000e+03,1.007142429034255571e+02,0.000000000000000000e+00
1.629000000000000000e+03,1.004858256334464244e+02,0.000000000000000000e+00
1.630000000000000000e+03,1.012938563935820895e+02,0.000000000000000000e+00
1.631000000000000000e+03,1.086165267649315069e+02,0.000000000000000000e+00
1.632000000000000000e+03,1.024147162271901550e+02,0.000000000000000000e+00
1.633000000000000000e+03,1.012659839484770714e+02,0.000000000000000000e+00
1.634000000000000000e+03,9.864447979958029578e+01,0.000000000000000000e+00
1.635000000000000000e+03,9.712719354327047938e+01,0.000000000000000000e+00
1.636000000000000000e+03,1.015523018805200053e+02,0.000000000000000000e+00
1.637000000000000000e+03,1.035743257437938922e+02,0.000000000000000000e+00
1.638000000000000000e+03,1.002361051111269461e+02,0.000000000000000000e+00
1.639000000000000000e+03,9.697854585530564009e+01,0.000000000000000000e+00
1.640000000000000000e+03,1.015951499333502710e+02,0.000000000000000000e+00
1.641000000000000000e+03,9.876757193733334361e+01,0.000000000000000000e+00
1.642000000000000000e+03,1.028174158106189111e+02,0.000000000000000000e+00
1.643000000000000000e+03,1.000507350023461299e+02,0.000000000000000000e+00
1.644000000000000000e+03,1.019507175055742465e+02,0.000000000000000000e+00
1.645000000000000000e+03,1.050771213608138481e+02,0.000000000000000000e+00
1.646000000000000000e+03,9.866649558852630264e+01,0.000000000000000000e+00
1.647000000000000000e+03,9.823011565148588886e+01,0.000000000000000000e+00
1.648000000000000000e+03,1.000715513006470729e+02,0.000000000000000000e+00
1.649000000000000000e+03,1.003054251230218483e+02,0.000000000000000000e+00
1.650000000000000000e+03,1.025873496673021208e+02,0.000000000000000000e+00
1.651000000000000000e+03,1.050443268204728469e+02,0.000000000000000000e+00
1.652000000000000000e+03,1.020913559989235182e+02,0.000000000000000000e+00
1.653000000000000000e+03,1.032460804674018107e+02,0.000000000000000000e+00
1.654000000000000000e+03,9.568727086191189812e+01,0.000000000000000000e+00
1.655000000000000000e+03,1.006691796352882875e+02,0.000000000000000000e+00
1.656000000000000000e+03,1.019670438977283027e+02,0.000000000000000000e+00
1.657000000000000000e+03,9.872147874303225024e+01,0.000000000000000000e+00
1.658000000000000000e+03,9.840495534132548983e+01,0.000000000000000000e+00
1.659000000000000000e+03,1.025939950160233707e+02,0.000000000000000000e+00
1.660000000000000000e+03,1.023720463430002070e+02,0.000000000000000000e+00
1.661000000000000000e+03,1.067673798184026879e+02,0.000000000000000000e+00
1.662000000000000000e+03,1.025925478453032298e+02,0.000000000000000000e+00
1.663000000000000000e+03,1.046012518947875520e+02,0.000000000000000000e+00
1.664000000000000000e+03,1.044532121565032554e+02,0.000000000000000000e+00
1.665000000000000000e+03,1.002830710812014559e+02,0.000000000000000000e+00
1.666000000000000000e+03,1.027293795368067180e+02,0.000000000000000000e+00
1.667000000000000000e+03,9.956965740750234772e+01,0.000000000000000000e+00
1.668000000000000000e+03,9.922969918210498008e+01,0.000000000000000000e+00
1.669000000000000000e+03,9.812459138778943668e+01,0.000000000000000000e+00
1.670000000000000000e+03,1.002334579914806483e+02,0.000000000000000000e+00
1.671000000000000000e+03,1.011200571553539049e+02,0.000000000000000000e+00
1.672000000000000000e+03,1.003569407871570149e+02,0.000000000000000000e+00
1.673000000000000000e+03,9.964275549135309973e+01,0.000000000000000000e+00
1.674000000000000000e+03,9.692767870581025136e+01,0.000000000000000000e+00
1.675000000000000000e+03,1.007864126521498633e+02,0.000000000000000000e+00
1.676000000000000000e+03,1.016892297007002952e+02,0.000000000000000000e+00
1.677000000000000000e+03,9.890632997689179717e+01,0.000000000000000000e+00
1.678000000000000000e+03,1.040044711489443614e+02,0.000000000000000000e+00
1.679000000000000000e+03,1.019326675480549085e+02,0.000000000000000000e+00
1.680000000000000000e+03,1.014150787571792307e+02,0.000000000000000000e+00
1.681000000000000000e+03,9.459931138412926543e+01,0.000000000000000000e+00
1.682000000000000000e+03,1.025603252739390285e+02,0.000000000000000000e+00
1.683000000000000000e+03,9.306316026156210341e+01,0.000000000000000000e+00
1.684000000000000000e+03,1.009659676530776409e+02,0.000000000000000000e+00
1.685000000000000000e+03,9.671385131925424616e+01,0.000000000000000000e+00
1.686000000000000000e+03,1.074811854021349973e+02,0.000000000000000000e+00
1.687000000000000000e+03,9.688676182150938132e+01,0.000000000000000000e+00
1.688000000000000000e+03,1.008338176328032318e+02,0.000000000000000000e+00
1.689000000000000000e+03,9.694171021046444991e+01,0.000000000000000000e+00
1.690000000000000000e+03,9.641714250919078211e+01,0.000000000000000000e+00
1.691000000000000000e+03,9.862159504311179603e+01,0.000000000000000000e+00
1.692000000000000000e+03,9.875146614565312575e+01,0.000000000000000000e+00
1.693000000000000000e+03,1.009692963649730899e+02,0.000000000000000000e+00
1.694000000000000000e+03,1.054152193855127848e+02,0.000000000000000000e+00
1.695000000000000000e+03,1.007965646342290142e+02,0.000000000000000000e+00
1.696000000000000000e+03,1.039874074085711868e+02,0.000000000000000000e+00
1.697000000000000000e+03,1.018960686205716684e+02,0.000000000000000000e+00
1.698000000000000000e+03,9.958210983339961331e+01,0.000000000000000000e+00
1.699000000000000000e+03,1.022568683761379162e+02,0.000000000000000000e+00
1.700000000000000000e+03,1.039309820838824976e+02,0.000000000000000000e+00
1.701000000000000000e+03,9.998882931743536062e+01,0.000000000000000000e+00
1.702000000000000000e+03,9.873133660959778979e+01,0.000000000000000000e+00
1.703000000000000000e+03,1.006917856116337475e+02,0.000000000000000000e+00
1.704000000000000000e+03,1.025710104326261813e+02,0.000000000000000000e+00
1.705000000000000000e+03,9.176437831438306603e+01,0.000000000000000000e+00
1.706000000000000000e+03,1.010450580738825579e+02,0.000000000000000000e+00
1.707000000000000000e+03,1.043595229693577977e+02,0.000000000000000000e+00
1.708000000000000000e+03,1.023925381342621961e+02,0.000000000000000000e+00
1.709000000000000000e+03,1.049335663277514357e+02,0.000000000000000000e+00
1.710000000000000000e+03,1.029723603594132157e+02,0.000000000000000000e+00
1.711000000000000000e+03,9.803848082563878563e+01,0.000000000000000000e+00
1.712000000000000000e+03,9.416911170180644319e+01,0.000000000000000000e+00
1.713000000000000000e+03,9.607457268207409129e+01,0.000000000000000000e+00
1.714000000000000000e+03,9.758900920582779293e+01,0.000000000000000000e+00
1.715000000000000000e+03,1.034552233648565647e+02,0.000000000000000000e+00
1.716000000000000000e+03,9.841407946283541719e+01,0.000000000000000000e+00
1.717000000000000000e+03,1.094763533984998674e+02,0.000000000000000000e+00
1.718000000000000000e+03,1.071302423145877469e+02,0.000000000000000000e+00
1.719000000000000000e+03,1.034603482134457408e+02,0.000000000000000000e+00
1.720000000000000000e+03,9.941170439123780511e+01,0.000000000000000000e+00
1.721000000000000000e+03,9.994058134925361969e+01,0.000000000000000000e+00
1.722000000000000000e+03,1.020045581820949820e+02,0.000000000000000000e+00
1.723000000000000000e+03,9.965563318839490137e+01,0.000000000000000000e+00
1.724000000000000000e+03,1.054175878706084006e+02,0.000000000000000000e+00
1.725000000000000000e+03,9.663915637944023729e+01,0.000000000000000000e+00
1.726000000000000000e+03,1.025326658026826152e+02,0.000000000000000000e+00
1.727000000000000000e+03,1.011718253879974725e+02,0.000000000000000000e+00
1.728000000000000000e+03,9.967782891264214129e+01,0.000000000000000000e+00
1.729000000000000000e+03,9.900112760220974906e+01,0.000000000000000000e+00
1.730000000000000000e+03,1.050374688534640057e+02,0.000000000000000000e+00
1.731000000000000000e+03,9.900452093999150804e+01,0.000000000000000000e+00
1.732000000000000000e+03,9.662659525183170217e+01,0.000000000000000000e+00
1.733000000000000000e+03,1.017817374244200721e+02,0.000000000000000000e+00
1.734000000000000000e+03,1.018501671182622914e+02,0.000000000000000000e+00
1.735000000000000000e+03,1.017562062159512664e+02,0.000000000000000000e+00
1.736000000000000000e+03,1.046008004721205253e+02,0.000000000000000000e+00
1.737000000000000000e+03,1.024081968135526921e+02,0.000000000000000000e+00
1.738000000000000000e+03,9.325917225066406502e+01,0.000000000000000000e+00
1.739000000000000000e+03,1.008979008503632855e+02,0.000000000000000000e+00
1.740000000000000000e+03,9.969529543347911726e+01,0.000000000000000000e+00
1.741000000000000000e+03,1.002553640492706108e+02,0.000000000000000000e+00
1.742000000000000000e+03,1.060979231113946071e+02,0.000000000000000000e+00
1.743000000000000000e+03,1.039936571963563949e+02,0.000000000000000000e+00
1.744000000000000000e+03,9.821347559821545303e+01,0.000000000000000000e+00
1.745000000000000000e+03,1.050448875661617194e+02,0.000000000000000000e+00
1.746000000000000000e+03,1.046963214215388263e+02,0.000000000000000000e+00
1.747000000000000000e+03,1.037707298852252507e+02,0.000000000000000000e+00
1.748000000000000000e+03,9.929834492755134079e+01,0.000000000000000000e+00
1.749000000000000000e+03,1.010786832972985962e+02,0.000000000000000000e+00
1.750000000000000000e+03,1.004671990261555692e+02,0.000000000000000000e+00
1.751000000000000000e+03,1.120100650746805542e+02,0.000000000000000000e+00
1.752000000000000000e+03,1.074842119709161352e+02,0.000000000000000000e+00
1.753000000000000000e+03,9.547470815505533892e+01,0.000000000000000000e+00
1.754000000000000000e+03,1.021045671460051096e+02,0.000000000000000000e+00
1.755000000000000000e+03,1.053897388037146357e+02,0.000000000000000000e+00
1.756000000000000000e+03,1.028673371303981270e+02,0.000000000000000000e+00
1.757000000000000000e+03,1.017464241509735103e+02,0.000000000000000000e+00
1.758000000000000000e+03,1.027662532545843277e+02,0.000000000000000000e+00
1.759000000000000000e+03,1.025129218031589744e+02,0.000000000000000000e+00
1.760000000000000000e+03,1.002996253787711396e+02,0.000000000000000000e+00
1.761000000000000000e+03,9.903581931126186078e+01,0.000000000000000000e+00
1.762000000000000000e+03,9.882096005819187212e+01,0.000000000000000000e+00
1.763000000000000000e+03,1.018411511756826826e+02,0.000000000000000000e+00
1.764000000000000000e+03,1.031341004372270618e+02,0.000000000000000000e+00
1.765000000000000000e+03,1.019147103742258622e+02,0.000000000000000000e+00
1.766000000000000000e+03,1.030620689407125212e+02,0.000000000000000000e+00
1.767000000000000000e+03,9.884455062795511537e+01,0.000000000000000000e+00
1.768000000000000000e+03,1.058476506495835281e+02,0.000000000000000000e+00
1.769000000000000000e+03,1.054022817790482236e+02,0.000000000000000000e+00
1.770000000000000000e+03,1.026876731506949909e+02,0.000000000000000000e+00
1.771000000000000000e+03,1.019034834237577911e+02,0.000000000000000000e+00
1.772000000000000000e+03,1.028509961706744633e+02,0.000000000000000000e+00
1.773000000000000000e+03,9.907470802264634813e+01,0.000000000000000000e+00
1.774000000000000000e+03,9.989290876611953252e+01,0.000000000000000000e+00
1.775000000000000000e+03,1.090457115838897124e+02,0.000000000000000000e+00
1.776000000000000000e+03,1.004119123821789827e+02,0.000000000000000000e+00
1.777000000000000000e+03,1.043911587412098925e+02,0.000000000000000000e+00
1.778000000000000000e+03,1.058339518377326414e+02,0.000000000000000000e+00
1.779000000000000000e+03,1.013117808345212723e+02,0.000000000000000000e+00
1.780000000000000000e+03,9.949635593480358864e+01,0.000000000000000000e+00
1.781000000000000000e+03,1.063120857068872311e+02,0.000000000000000000e+00
1.782000000000000000e+03,9.881589046112081576e+01,0.000000000000000000e+00
1.783000000000000000e+03,9.822188098328645367e+01,0.000000000000000000e+00
1.784000000000000000e+03,9.973142210417553599e+01,0.000000000000000000e+00
1.785000000000000000e+03,1.003446521891554681e+02,0.000000000000000000e+00
1.786000000000000000e+03,9.790812595511454219e+01,0.000000000000000000e+00
1.787000000000000000e+03,9.793528437871832182e+01,0.000000000000000000e+00
1.788000000000000000e+03,1.031237331017897247e+02,0.000000000000000000e+00
1.789000000000000000e+03,9.999684132855566077e+01,0.000000000000000000e+00
1.790000000000000000e+03,9.934614925819209930e+01,0.000000000000000000e+00
1.791000000000000000e+03,1.069124154820192985e+02,0.000000000000000000e+00
1.792000000000000000e+03,1.050901294241771922e+02,0.000000000000000000e+00
1.793000000000000000e+03,1.024974278399581067e+02,0.000000000000000000e+00
1.794000000000000000e+03,1.048783305751013160e+02,0.000000000000000000e+00
1.795000000000000000e+03,1.040686186398317687e+02,0.000000000000000000e+00
1.796000000000000000e+03,1.003651282414480619e+02,0.000000000000000000e+00
1.797000000000000000e+03,1.036778253123628133e+02,0.000000000000000000e+00
1.798000000000000000e+03,9.827632315563961640e+01,0.000000000000000000e+00
1.799000000000000000e+03,9.997334661653276555e+01,0.000000000000000000e+00
1.800000000000000000e+03,1.061053896646945844e+02,0.000000000000000000e+00
1.801000000000000000e+03,1.021034357043835854e+02,0.000000000000000000e+00
1.802000000000000000e+03,1.010192732266344819e+02,0.000000000000000000e+00
1.803000000000000000e+03,9.925288760383679687e+01,0.000000000000000000e+00
1.804000000000000000e+03,1.060193304095851516e+02,0.000000000000000000e+00
1.805000000000000000e+03,1.076855325451214753e+02,0.000000000000000000e+00
1.806000000000000000e+03,1.045915881118027926e+02,0.000000000000000000e+00
1.807000000000000000e+03,1.064105595260974724e+02,0.000000000000000000e+00
1.808000000000000000e+03,9.667504875776042184e+01,0.000000000000000000e+00
1.809000000000000000e+03,1.018731662189504590e+02,0.000000000000000000e+00
1.810000000000000000e+03,1.014092086483037036e+02,0.000000000000000000e+00
1.811000000000000000e+03,9.855591110192287374e+01,0.000000000000000000e+00
1.812000000000000000e+03,1.030141429897083754e+02,0.000000000000000000e+00
1.813000000000000000e+03,9.905180956124384295e+01,0.000000000000000000e+00
1.814000000000000000e+03,1.030281932940200846e+02,0.000000000000000000e+00
1.815000000000000000e+03,1.014461664525551612e+02,0.000000000000000000e+00
1.816000000000000000e+03,1.037892566339710356e+02,0.000000000000000000e+00
1.817000000000000000e+03,1.036649088972378649e+02,0.000000000000000000e+00
1.818000000000000000e+03,1.019969585345340448e+02,0.000000000000000000e+00
1.819000000000000000e+03,9.846669541574051721e+01,0.000000000000000000e+00
1.820000000000000000e+03,9.910789244370461404e+01,0.000000000000000000e+00
1.821000000000000000e+03,1.003307774428308647e+02,0.000000000000000000e+00
1.822000000000000000e+03,1.061364264042700256e+02,0.000000000000000000e+00
1.823000000000000000e+03,9.731664521689208414e+01,0.000000000000000000e+00
1.824000000000000000e+03,1.018294994140598391e+02,0.000000000000000000e+00
1.825000000000000000e+03,9.908347819495311626e+01,0.000000000000000000e+00
1.826000000000000000e+03,9.908618253324739555e+01,0.000000000000000000e+00
1.827000000000000000e+03,9.706602807716322445e+01,0.000000000000000000e+00
1.828000000000000000e+03,9.980670153019542568e+01,0.000000000000000000e+00
1.829000000000000000e+03,1.007081365608818260e+02,0.000000000000000000e+00
1.830000000000000000e+03,1.075265825426189537e+02,0.000000000000000000e+00
1.831000000000000000e+03,9.961274216587128194e+01,0.000000000000000000e+00
1.832000000000000000e+03,1.057108643877995604e+02,0.000000000000000000e+00
1.833000000000000000e+03,9.781447943767737740e+01,0.000000000000000000e+00
1.834000000000000000e+03,9.774359637400995382e+01,0.000000000000000000e+00
1.835000000000000000e+03,1.038385861350134149e+02,0.000000000000000000e+00
1.836000000000000000e+03,9.881601454167027043e+01,0.000000000000000000e+00
1.837000000000000000e+03,9.557868459805868611e+01,0.000000000000000000e+00
1.838000000000000000e+03,9.896159364908471900e+01,0.000000000000000000e+00
1.839000000000000000e+03,1.017016460861752165e+02,0.000000000000000000e+00
1.840000000000000000e+03,9.956530198912186336e+01,0.000000000000000000e+00
1.841000000000000000e+03,1.018817016010754770e+02,0.000000000000000000e+00
1.842000000000000000e+03,9.986236308286345320e+01,0.000000000000000000e+00
1.843000000000000000e+03,9.641031584083299322e+01,0.000000000000000000e+00
1.844000000000000000e+03,1.006639680045536807e+02,0.000000000000000000e+00
1.845000000000000000e+03,1.033363274629096793e+02,0.000000000000000000e+00
1.846000000000000000e+03,1.022238883100762337e+02,0.000000000000000000e+00
1.847000000000000000e+03,9.858412107246564915e+01,0.000000000000000000e+00
1.848000000000000000e+03,9.828912003325959290e+01,0.000000000000000000e+00
1.849000000000000000e+03,9.967852701181529085e+01,0.000000000000000000e+00
1.850000000000000000e+03,9.808797215946046322e+01,0.000000000000000000e+00
1.851000000000000000e+03,9.733088434522277055e+01,0.000000000000000000e+00
1.852000000000000000e+03,1.009698942995812416e+02,0.000000000000000000e+00
1.853000000000000000e+03,9.641721498054060646e+01,0.000000000000000000e+00
1.854000000000000000e+03,9.808981937078692681e+01,0.000000000000000000e+00
1.855000000000000000e+03,1.005255083005048959e+02,0.000000000000000000e+00
1.856000000000000000e+03,1.010226991280983952e+02,0.000000000000000000e+00
1.857000000000000000e+03,1.015447434682350547e+02,0.000000000000000000e+00
1.858000000000000000e+03,9.518645687483009965e+01,0.000000000000000000e+00
1.859000000000000000e+03,9.854014764090753431e+01,0.000000000000000000e+00
1.860000000000000000e+03,1.089478832157170558e+02,0.000000000000000000e+00
1.861000000000000000e+03,1.007281437859810751e+02,0.000000000000000000e+00
1.862000000000000000e+03,9.924077646988541801e+01,0.000000000000000000e+00
1.863000000000000000e+03,9.792536460248882690e+01,0.000000000000000000e+00
1.864000000000000000e+03,9.835288503562233586e+01,0.000000000000000000e+00
1.865000000000000000e+03,9.572073376793434818e+01,0.000000000000000000e+00
1.866000000000000000e+03,1.005231097319251461e+02,0.000000000000000000e+00
1.867000000000000000e+03,9.699127780073899885e+01,0.000000000000000000e+00
1.868000000000000000e+03,1.015021954229851815e+02,0.000000000000000000e+00
1.869000000000000000e+03,1.067449304405425039e+02,0.000000000000000000e+00
1.870000000000000000e+03,1.027930067187393917e+02,0.000000000000000000e+00
1.871000000000000000e+03,1.034913765527469423e+02,0.000000000000000000e+00
1.872000000000000000e+03,1.010555315235891101e+02,0.000000000000000000e+00
1.873000000000000000e+03,9.980021628033119896e+01,0.000000000000000000e+00
1.874000000000000000e+03,1.007092968231617647e+02,0.000000000000000000e+00
1.875000000000000000e+03,1.062252113722767888e+02,0.000000000000000000e+00
1.876000000000000000e+03,1.035276862120206687e+02,0.000000000000000000e+00
1.877000000000000000e+03,1.019858727123585425e+02,0.000000000000000000e+00
1.878000000000000000e+03,1.035726783509234394e+02,0.000000000000000000e+00
1.879000000000000000e+03,9.789469862999222016e+01,0.000000000000000000e+00
1.880000000000000000e+03,9.908048603836911639e+01,0.000000000000000000e+00
1.881000000000000000e+03,9.932059764119151168e+01,0.000000000000000000e+00
1.882000000000000000e+03,9.565670174738460219e+01,0.000000000000000000e+00
1.883000000000000000e+03,9.853819673708578364e+01,0.000000000000000000e+00
1.884000000000000000e+03,9.742451612930406668e+01,0.000000000000000000e+00
1.885000000000000000e+03,1.032450827994448588e+02,0.000000000000000000e+00
1.886000000000000000e+03,1.034992627490903345e+02,0.000000000000000000e+00
1.887000000000000000e+03,1.036012513562530017e+02,0.000000000000000000e+00
1.888000000000000000e+03,1.019196384028374922e+02,0.000000000000000000e+00
1.889000000000000000e+03,9.491142247197244330e+01,0.000000000000000000e+00
1.890000000000000000e+03,1.000352914939251576e+02,0.000000000000000000e+00
1.891000000000000000e+03,9.950536812961151156e+01,0.000000000000000000e+00
1.892000000000000000e+03,1.031576401289766238e+02,0.000000000000000000e+00
1.893000000000000000e+03,9.713188924546258818e+01,0.000000000000000000e+00
1.894000000000000000e+03,9.675567702848017859e+01,0.000000000000000000e+00
1.895000000000000000e+03,9.708928004911591358e+01,0.000000000000000000e+00
1.896000000000000000e+03,9.999402079748530525e+01,0.000000000000000000e+00
1.897000000000000000e+03,9.446118491196385492e+01,0.000000000000000000e+00
1.898000000000000000e+03,1.010520369746787992e+02,0.000000000000000000e+00
1.899000000000000000e+03,1.016211903947930182e+02,0.000000000000000000e+00
1.900000000000000000e+03,1.022283961467110629e+02,0.000000000000000000e+00
1.901000000000000000e+03,9.867178476439377732e+01,0.000000000000000000e+00
1.902000000000000000e+03,9.448813045459102966e+01,0.000000000000000000e+00
1.903000000000000000e+03,1.009494537116046047e+02,0.000000000000000000e+00
1.904000000000000000e+03,1.064428568220269540e+02,0.000000000000000000e+00
1.905000000000000000e+03,9.784901751191722497e+01,0.000000000000000000e+00
1.906000000000000000e+03,1.039181987547147799e+02,0.000000000000000000e+00
1.907000000000000000e+03,1.044321066676046286e+02,0.000000000000000000e+00
1.908000000000000000e+03,9.978853930340852685e+01,0.000000000000000000e+00
1.909000000000000000e+03,9.779419233016866997e+01,0.000000000000000000e+00
1.910000000000000000e+03,1.025971113686563712e+02,0.000000000000000000e+00
1.911000000000000000e+03,9.887465982643712437e+01,0.000000000000000000e+00
1.912000000000000000e+03,9.678694818275253908e+01,0.000000000000000000e+00
1.913000000000000000e+03,1.013629233696616012e+02,0.000000000000000000e+00
1.914000000000000000e+03,1.061303302300032243e+02,0.000000000000000000e+00
1.915000000000000000e+03,1.010285064986782260e+02,0.000000000000000000e+00
1.916000000000000000e+03,1.026852879793341629e+02,0.000000000000000000e+00
1.917000000000000000e+03,1.018415697842902006e+02,0.000000000000000000e+00
1.918000000000000000e+03,1.009964158894036927e+02,0.000000000000000000e+00
1.919000000000000000e+03,9.912495499662556142e+01,0.000000000000000000e+00
1.920000000000000000e+03,1.065810976155969456e+02,0.000000000000000000e+00
1.921000000000000000e+03,9.717931003187335648e+01,0.000000000000000000e+00
1.922000000000000000e+03,9.677619920831187983e+01,0.000000000000000000e+00
1.923000000000000000e+03,1.017167914110749649e+02,0.000000000000000000e+00
1.924000000000000000e+03,9.800991565155123908e+01,0.000000000000000000e+00
1.925000000000000000e+03,1.022670084709191798e+02,0.000000000000000000e+00
1.926000000000000000e+03,1.040682537516573802e+02,0.000000000000000000e+00
1.927000000000000000e+03,9.678179635936483294e+01,0.000000000000000000e+00
1.928000000000000000e+03,1.019038958211022816e+02,0.000000000000000000e+00
1.929000000000000000e+03,1.064473430271827823e+02,0.000000000000000000e+00
1.930000000000000000e+03,1.014917030726737721e+02,0.000000000000000000e+00
1.931000000000000000e+03,9.935920274837357624e+01,0.000000000000000000e+00
1.932000000000000000e+03,9.914861508033294513e+01,0.000000000000000000e+00
1.933000000000000000e+03,1.011980671307415776e+02,0.000000000000000000e+00
1.934000000000000000e+03,1.013563542789825078e+02,0.000000000000000000e+00
1.935000000000000000e+03,9.853116658274880990e+01,0.000000000000000000e+00
1.936000000000000000e+03,9.930008070066016046e+01,0.000000000000000000e+00
1.937000000000000000e+03,1.034873802959785820e+02,0.000000000000000000e+00
1.938000000000000000e+03,1.045331447616122915e+02,0.000000000000000000e+00
1.939000000000000000e+03,9.860996902580868095e+01,0.000000000000000000e+00
1.940000000000000000e+03,1.025107274597762341e+02,0.000000000000000000e+00
1.941000000000000000e+03,1.042546927318029475e+02,0.000000000000000000e+00
1.942000000000000000e+03,1.011589248933183001e+02,0.000000000000000000e+00
1.943000000000000000e+03,9.950834028873470061e+01,0.000000000000000000e+00
1.944000000000000000e+03,1.053369278910078606e+02,0.000000000000000000e+00
1.945000000000000000e+03,1.068529079931825976e+02,0.000000000000000000e+00
1.946000000000000000e+03,1.026739561848381328e+02,0.000000000000000000e+00
1.947000000000000000e+03,1.016320808804683509e+02,0.000000000000000000e+00
1.948000000000000000e+03,1.061505397623908493e+02,0.000000000000000000e+00
1.949000000000000000e+03,1.010121830470790343e+02,0.000000000000000000e+00
1.950000000000000000e+03,1.028672488136827496e+02,0.000000000000000000e+00
1.951000000000000000e+03,1.007946424010897601e+02,0.000000000000000000e+00
1.952000000000000000e+03,1.047536318823557622e+02,0.000000000000000000e+00
1.953000000000000000e+03,1.014653119737168794e+02,0.000000000000000000e+00
1.954000000000000000e+03,9.986661999961530967e+01,0.000000000000000000e+00
1.955000000000000000e+03,1.014190865233091756e+02,0.000000000000000000e+00
1.956000000000000000e+03,1.034893644648200137e+02,0.000000000000000000e+00
1.957000000000000000e+03,1.033548613181681901e+02,0.000000000000000000e+00
1.958000000000000000e+03,9.809808887567999136e+01,0.000000000000000000e+00
1.959000000000000000e+03,1.018031442282829744e+02,0.000000000000000000e+00
1.960000000000000000e+03,9.986583971001975613e+01,0.000000000000000000e+00
1.961000000000000000e+03,9.767926847419870739e+01,0.000000000000000000e+00
1.962000000000000000e+03,1.016200195945141758e+02,0.000000000000000000e+00
1.963000000000000000e+03,1.027255375351426210e+02,0.000000000000000000e+00
1.964000000000000000e+03,9.954049282298861101e+01,0.000000000000000000e+00
1.965000000000000000e+03,1.014957049915119711e+02,0.000000000000000000e+00
1.966000000000000000e+03,1.036731311706316347e+02,0.000000000000000000e+00
1.967000000000000000e+03,9.806451699054339599e+01,0.000000000000000000e+00
1.968000000000000000e+03,1.025486245612341634e+02,0.000000000000000000e+00
1.969000000000000000e+03,9.986354439530148852e+01,0.000000000000000000e+00
1.970000000000000000e+03,1.023741031117836400e+02,0.000000000000000000e+00
1.971000000000000000e+03,1.066285076234382103e+02,0.000000000000000000e+00
1.972000000000000000e+03,1.062539938187439503e+02,0.000000000000000000e+00
1.973000000000000000e+03,1.068881996187247694e+02,0.000000000000000000e+00
1.974000000000000000e+03,1.008367299207744736e+02,0.000000000000000000e+00
1.975000000000000000e+03,9.961299188266259819e+01,0.000000000000000000e+00
1.976000000000000000e+03,9.913908147399509119e+01,0.000000000000000000e+00
1.977000000000000000e+03,9.407960455984355974e+01,0.000000000000000000e+00
1.978000000000000000e+03,1.075254221851651550e+02,0.000000000000000000e+00
1.979000000000000000e+03,9.597337537792634521e+01,0.000000000000000000e+00
1.980000000000000000e+03,1.071471975072165890e+02,0.000000000000000000e+00
1.981000000000000000e+03,1.008458211901108825e+02,0.000000000000000000e+00
1.982000000000000000e+03,1.028765909783938071e+02,0.000000000000000000e+00
1.983000000000000000e+03,9.756324448503130498e+01,0.000000000000000000e+00
1.984000000000000000e+03,9.722829659262450264e+01,0.000000000000000000e+00
1.985000000000000000e+03,1.049245397599461711e+02,0.000000000000000000e+00
1.986000000000000000e+03,9.961166837973306087e+01,0.000000000000000000e+00
1.987000000000000000e+03,9.570481023696973466e+01,0.000000000000000000e+00
1.988000000000000000e+03,9.686438958949533173e+01,0.000000000000000000e+00
1.989000000000000000e+03,1.031402362175812613e+02,0.000000000000000000e+00
1.990000000000000000e+03,1.013687600806574665e+02,0.000000000000000000e+00
1.991000000000000000e+03,9.675287644396010478e+01,0.000000000000000000e+00
1.992000000000000000e+03,1.056752930879725909e+02,0.000000000000000000e+00
1.993000000000000000e+03,9.673212566342260743e+01,0.000000000000000000e+00
1.994000000000000000e+03,1.015385755397577867e+02,0.000000000000000000e+00
1.995000000000000000e+03,1.003690341641832902e+02,0.000000000000000000e+00
1.996000000000000000e+03,1.032688501107955830e+02,0.000000000000000000e+00
1.997000000000000000e+03,9.626294425369272290e+01,0.000000000000000000e+00
1.998000000000000000e+03,9.482078490761128364e+01,0.000000000000000000e+00
1.999000000000000000e+03,1.036759948449508357e+02,0.000000000000000000e+00
2.000000000000000000e+03,1.011003501108290550e+02,0.000000000000000000e+00
2.001000000000000000e+03,1.007917545640665793e+02,0.000000000000000000e+00
2.002000000000000000e+03,1.046531865580396499e+02,0.000000000000000000e+00
2.003000000000000000e+03,9.934838425683456364e+01,0.000000000000000000e+00
2.004000000000000000e+03,1.023690799113558256e+02,0.000000000000000000e+00
2.005000000000000000e+03,1.067579480904332172e+02,0.000000000000000000e+00
2.006000000000000000e+03,1.061721578129722161e+02,0.000000000000000000e+00
2.007000000000000000e+03,1.028409555291653703e+02,0.000000000000000000e+00
2.008000000000000000e+03,1.012962417154420365e+02,0.000000000000000000e+00
2.009000000000000000e+03,1.007547092199574195e+02,0.000000000000000000e+00
2.010000000000000000e+03,1.052602239502230077e+02,0.000000000000000000e+00
2.011000000000000000e+03,1.022647237533090134e+02,0.000000000000000000e+00
2.012000000000000000e+03,1.015860598538147457e+02,0.000000000000000000e+00
2.013000000000000000e+03,1.048967893232252067e+02,0.000000000000000000e+00
2.014000000000000000e+03,9.979844134914335996e+01,0.000000000000000000e+00
2.015000000000000000e+03,1.025649384217757785e+02,0.000000000000000000e+00
2.016000000000000000e+03,1.004854138376175428e+02,0.000000000000000000e+00
2.017000000000000000e+03,1.063441075878928217e+02,0.000000000000000000e+00
2.018000000000000000e+03,1.073841090385286066e+02,0.000000000000000000e+00
2.019000000000000000e+03,1.060557315785409855e+02,0.000000000000000000e+00
2.020000000000000000e+03,9.964640844261553809e+01,0.000000000000000000e+00
2.021000000000000000e+03,1.059358044032254753e+02,0.000000000000000000e+00
2.022000000000000000e+03,9.976309294066732036e+01,0.000000000000000000e+00
2.023000000000000000e+03,9.633248015211233906e+01,0.000000000000000000e+00
2.024000000000000000e+03,9.653140548041011471e+01,0.000000000000000000e+00
2.025000000000000000e+03,1.026020093227929522e+02,0.000000000000000000e+00
2.026000000000000000e+03,9.876768915735173948e+01,0.000000000000000000e+00
2.027000000000000000e+03,1.001168263855493876e+02,0.000000000000000000e+00
2.028000000000000000e+03,1.019163294786298906e+02,0.000000000000000000e+00
2.029000000000000000e+03,1.043164975503794949e+02,0.000000000000000000e+00
2.030000000000000000e+03,1.025087846480694509e+02,0.000000000000000000e+00
2.031000000000000000e+03,1.011255988447738616e+02,0.000000000000000000e+00
2.032000000000000000e+03,1.071249175848490722e+02,0.000000000000000000e+00
2.033000000000000000e+03,1.004374093319601826e+02,0.000000000000000000e+00
2.034000000000000000e+03,9.983130599978375130e+01,0.000000000000000000e+00
2.035000000000000000e+03,1.033668880436506186e+02,0.000000000000000000e+00
2.036000000000000000e+03,1.072113264113810374e+02,0.000000000000000000e+00
2.037000000000000000e+03,9.602699089217105666e+01,0.000000000000000000e+00
2.038000000000000000e+03,1.022981174815404160e+02,0.000000000000000000e+00
2.039000000000000000e+03,1.005865967872111213e+02,0.000000000000000000e+00
2.040000000000000000e+03,9.716538441541338500e+01,0.000000000000000000e+00
2.041000000000000000e+03,9.862681503577893238e+01,0.000000000000000000e+00
2.042000000000000000e+03,9.980306458396196945e+01,0.000000000000000000e+00
2.043000000000000000e+03,9.931315394006779229e+01,0.000000000000000000e+00
2.044000000000000000e+03,1.030010139784952372e+02,0.000000000000000000e+00
2.045000000000000000e+03,1.069920539353545763e+02,0.000000000000000000e+00
2.046000000000000000e+03,9.732510023380348230e+01,0.000000000000000000e+00
2.047000000000000000e+03,9.581831600181928366e+01,0.000000000000000000e+00
2.048000000000000000e+03,9.766800765998483769e+01,0.000000000000000000e+00
2.049000000000000000e+03,1.011993871603252870e+02,0.000000000000000000e+00
2.050000000000000000e+03,9.836561790970831964e+01,0.000000000000000000e+00
2.051000000000000000e+03,1.026042876098600232e+02,0.000000000000000000e+00
2.052000000000000000e+03,1.008568679625984572e+02,0.000000000000000000e+00
2.053000000000000000e+03,9.431901824786186239e+01,0.000000000000000000e+00
2.054000000000000000e+03,9.836815446114705708e+01,0.000000000000000000e+00
2.055000000000000000e+03,1.016030983568670365e+02,0.000000000000000000e+00
2.056000000000000000e+03,1.031123575253888163e+02,0.000000000000000000e+00
2.057000000000000000e+03,1.022066067955645110e+02,0.000000000000000000e+00
2.058000000000000000e+03,9.756724375862420118e+01,0.000000000000000000e+00
2.059000000000000000e+03,1.033138628515474409e+02,0.000000000000000000e+00
2.060000000000000000e+03,1.028417072897918416e+02,0.000000000000000000e+00
2.061000000000000000e+03,9.620083499139167316e+01,0.000000000000000000e+00
2.062000000000000000e+03,9.983272270156182060e+01,0.000000000000000000e+00
2.063000000000000000e+03,1.041285428968545546e+02,0.000000000000000000e+00
2.064000000000000000e+03,1.041033655038872325e+02,0.000000000000000000e+00
2.065000000000000000e+03,9.699455060041121612e+01,0.000000000000000000e+00
2.066000000000000000e+03,9.461903702581622611e+01,0.000000000000000000e+00
2.067000000000000000e+03,9.463336615024796572e+01,0.000000000000000000e+00
2.068000000000000000e+03,1.054373711489818390e+02,0.000000000000000000e+00
2.069000000000000000e+03,9.812889905169696192e+01,0.000000000000000000e+00
2.070000000000000000e+03,1.002172439284944261e+02,0.000000000000000000e+00
2.071000000000000000e+03,9.837918367830602051e+01,0.000000000000000000e+00
2.072000000000000000e+03,9.954115685601932739e+01,0.000000000000000000e+00
2.073000000000000000e+03,1.003078323360396240e+02,0.000000000000000000e+00
2.074000000000000000e+03,1.003737841180922459e+02,0.000000000000000000e+00
2.075000000000000000e+03,1.014507467194848402e+02,0.000000000000000000e+00
2.076000000000000000e+03,9.999089491846136468e+01,0.000000000000000000e+00
2.077000000000000000e+03,9.723639140734456987e+01,0.000000000000000000e+00
2.078000000000000000e+03,9.704861087726335711e+01,0.000000000000000000e+00
2.079000000000000000e+03,9.904496188392485578e+01,0.000000000000000000e+00
2.080000000000000000e+03,1.018620443150107349e+02,0.000000000000000000e+00
2.081000000000000000e+03,1.060697082225349561e+02,0.000000000000000000e+00
2.082000000000000000e+03,1.034755855870318726e+02,0.000000000000000000e+00
2.083000000000000000e+03,9.806441623171315314e+01,0.000000000000000000e+00
2.084000000000000000e+03,1.016674777114446613e+02,0.000000000000000000e+00
2.085000000000000000e+03,9.142185553173273149e+01,0.000000000000000000e+00
2.086000000000000000e+03,9.962633253358758623e+01,0.000000000000000000e+00
2.087000000000000000e+03,9.853937309790646282e+01,0.000000000000000000e+00
2.088000000000000000e+03,1.048076291513917084e+02,0.000000000000000000e+00
2.089000000000000000e+03,9.843674084110013212e+01,0.000000000000000000e+00
2.090000000000000000e+03,1.019881050873297141e+02,0.000000000000000000e+00
2.091000000000000000e+03,1.021891810605367823e+02,0.000000000000000000e+00
2.092000000000000000e+03,1.005937140942837829e+02,0.000000000000000000e+00
2.093000000000000000e+03,1.000650464065608389e+02,0.000000000000000000e+00
2.094000000000000000e+03,1.028135090660978932e+02,0.000000000000000000e+00
2.095000000000000000e+03,1.027464597554191954e+02,0.000000000000000000e+00
2.096000000000000000e+03,1.023313484152523074e+02,0.000000000000000000e+00
2.097000000000000000e+03,1.044144787618022434e+02,0.000000000000000000e+00
2.098000000000000000e+03,1.019880299242868347e+02,0.000000000000000000e+00
2.099000000000000000e+03,1.021861734600373808e+02,0.000000000000000000e+00
2.100000000000000000e+03,9.513511582059740590e+01,0.000000000000000000e+00
2.101000000000000000e+03,1.058605787448317130e+02,0.000000000000000000e+00
2.102000000000000000e+03,1.059402064915591666e+02,0.000000000000000000e+00
2.103000000000000000e+03,1.042604512912160573e+02,0.000000000000000000e+00
2.104000000000000000e+03,1.057501381819858750e+02,0.000000000000000000e+00
2.105000000000000000e+03,9.887090410240732297e+01,0.000000000000000000e+00
2.106000000000000000e+03,1.069620121638971426e+02,0.000000000000000000e+00
2.107000000000000000e+03,1.026254311772735264e+02,0.000000000000000000e+00
2.108000000000000000e+03,1.060077843048465382e+02,0.000000000000000000e+00
2.109000000000000000e+03,9.713975727417953010e+01,0.000000000000000000e+00
2.110000000000000000e+03,1.066750535957061032e+02,0.000000000000000000e+00
2.111000000000000000e+03,1.035686569699875719e+02,0.000000000000000000e+00
2.112000000000000000e+03,1.051527481775619322e+02,0.000000000000000000e+00
2.113000000000000000e+03,9.461484414618881544e+01,0.000000000000000000e+00
2.114000000000000000e+03,1.066529299009564369e+02,0.000000000000000000e+00
2.115000000000000000e+03,1.020461122918551524e+02,0.000000000000000000e+00
2.116000000000000000e+03,1.029506236874681804e+02,0.000000000000000000e+00
2.117000000000000000e+03,1.076221294224929181e+02,0.000000000000000000e+00
2.118000000000000000e+03,1.014304057284212348e+02,0.000000000000000000e+00
2.119000000000000000e+03,9.885273713293680942e+01,0.000000000000000000e+00
2.120000000000000000e+03,1.042664867202280163e+02,0.000000000000000000e+00
2.121000000000000000e+03,1.010280758641082883e+02,0.000000000000000000e+00
2.122000000000000000e+03,9.652590993837705469e+01,0.000000000000000000e+00
2.123000000000000000e+03,1.052636724506288175e+02,0.000000000000000000e+00
2.124000000000000000e+03,9.731543288234321665e+01,0.000000000000000000e+00
2.125000000000000000e+03,9.721829894957652130e+01,0.000000000000000000e+00
2.126000000000000000e+03,1.045933941283418278e+02,0.000000000000000000e+00
2.127000000000000000e+03,9.965955696765875871e+01,0.000000000000000000e+00
2.128000000000000000e+03,9.572246784097090710e+01,0.000000000000000000e+00
2.129000000000000000e+03,9.930446647718710551e+01,0.000000000000000000e+00
2.130000000000000000e+03,1.052452081868651987e+02,0.000000000000000000e+00
2.131000000000000000e+03,9.880111470708745003e+01,0.000000000000000000e+00
2.132000000000000000e+03,1.016019013908460380e+02,0.000000000000000000e+00
2.133000000000000000e+03,1.002012431763486546e+02,0.000000000000000000e+00
2.134000000000000000e+03,1.035530925817862737e+02,0.000000000000000000e+00
2.135000000000000000e+03,9.942304509381567357e+01,0.000000000000000000e+00
2.136000000000000000e+03,1.063893636790927815e+02,0.000000000000000000e+00
2.137000000000000000e+03,9.922664200146313362e+01,0.000000000000000000e+00
2.138000000000000000e+03,1.004779505988212946e+02,0.000000000000000000e+00
2.139000000000000000e+03,9.486796126339694979e+01,0.000000000000000000e+00
2.140000000000000000e+03,1.028116133674690644e+02,0.000000000000000000e+00
2.141000000000000000e+03,1.033731212818543099e+02,0.000000000000000000e+00
2.142000000000000000e+03,1.083108499942007796e+02,0.000000000000000000e+00
2.143000000000000000e+03,9.462639880702681694e+01,0.000000000000000000e+00
2.144000000000000000e+03,9.881503457876796404e+01,0.000000000000000000e+00
2.145000000000000000e+03,9.769784213331404032e+01,0.000000000000000000e+00
2.146000000000000000e+03,1.001984391456035581e+02,0.000000000000000000e+00
2.147000000000000000e+03,1.059827615729323469e+02,0.000000000000000000e+00
2.148000000000000000e+03,1.019680188171621609e+02,0.000000000000000000e+00
2.149000000000000000e+03,9.729280311313441132e+01,0.000000000000000000e+00
2.150000000000000000e+03,1.006426479510719787e+02,0.000000000000000000e+00
2.151000000000000000e+03,1.014135000571018423e+02,0.000000000000000000e+00
2.152000000000000000e+03,1.019632740095744907e+02,0.000000000000000000e+00
2.153000000000000000e+03,1.033906083727064811e+02,0.000000000000000000e+00
2.154000000000000000e+03,9.652445213379958489e+01,0.000000000000000000e+00
2.155000000000000000e+03,1.074275281748934248e+02,0.000000000000000000e+00
2.156000000000000000e+03,9.690837632809174806e+01,0.000000000000000000e+00
2.157000000000000000e+03,9.101044884616052855e+01,0.000000000000000000e+00
2.158000000000000000e+03,9.885361527232340961e+01,0.000000000000000000e+00
2.159000000000000000e+03,9.615271697032304132e+01,0.000000000000000000e+00
2.160000000000000000e+03,1.025710869330392683e+02,0.000000000000000000e+00
2.161000000000000000e+03,9.739755195560297807e+01,0.000000000000000000e+00
2.162000000000000000e+03,1.047201209033956246e+02,0.000000000000000000e+00
2.163000000000000000e+03,1.032202730443377874e+02,0.000000000000000000e+00
2.164000000000000000e+03,1.006641085791607964e+02,0.000000000000000000e+00
2.165000000000000000e+03,1.072307087880186458e+02,0.000000000000000000e+00
2.166000000000000000e+03,1.000350508195514578e+02,0.000000000000000000e+00
2.167000000000000000e+03,1.050502939529731918e+02,0.000000000000000000e+00
2.168000000000000000e+03,1.096360881744556082e+02,0.000000000000000000e+00
2.169000000000000000e+03,1.035421995079338160e+02,0.000000000000000000e+00
2.170000000000000000e+03,1.016639954275580919e+02,0.000000000000000000e+00
2.171000000000000000e+03,1.083391983369962901e+02,0.000000000000000000e+00
2.172000000000000000e+03,1.057870427933375765e+02,0.000000000000000000e+00
2.173000000000000000e+03,1.084833561673129765e+02,0.000000000000000000e+00
2.174000000000000000e+03,1.015308132928126525e+02,0.000000000000000000e+00
2.175000000000000000e+03,1.052292262461999854e+02,0.000000000000000000e+00
2.176000000000000000e+03,9.997785590770206454e+01,0.000000000000000000e+00
2.177000000000000000e+03,1.001769873723202693e+02,0.000000000000000000e+00
2.178000000000000000e+03,1.024617554943532411e+02,0.000000000000000000e+00
2.179000000000000000e+03,1.016769897083460563e+02,0.000000000000000000e+00
2.180000000000000000e+03,1.024425851595115091e+02,0.000000000000000000e+00
2.181000000000000000e+03,9.511832953699376958e+01,0.000000000000000000e+00
2.182000000000000000e+03,9.850652596228330538e+01,0.000000000000000000e+00
2.183000000000000000e+03,1.017110180218434579e+02,0.000000000000000000e+00
2.184000000000000000e+03,1.045394377515113291e+02,0.000000000000000000e+00
2.185000000000000000e+03,9.969721806923072904e+01,0.000000000000000000e+00
2.186000000000000000e+03,9.531972751848374514e+01,0.000000000000000000e+00
2.187000000000000000e+03,1.040786350953187167e+02,0.000000000000000000e+00
2.188000000000000000e+03,1.055485908748701860e+02,0.000000000000000000e+00
2.189000000000000000e+03,1.019850936143414373e+02,0.000000000000000000e+00
2.190000000000000000e+03,9.560888434069292430e+01,0.000000000000000000e+00
2.191000000000000000e+03,1.001593367895241329e+02,0.000000000000000000e+00
2.192000000000000000e+03,1.001515899664029376e+02,0.000000000000000000e+00
2.193000000000000000e+03,9.941302018597771450e+01,0.000000000000000000e+00
2.194000000000000000e+03,1.013557848533713894e+02,0.000000000000000000e+00
2.195000000000000000e+03,9.454005980550921606e+01,0.000000000000000000e+00
2.196000000000000000e+03,9.656485260925146008e+01,0.000000000000000000e+00
2.197000000000000000e+03,9.586763478229465818e+01,0.000000000000000000e+00
2.198000000000000000e+03,9.696091840209804502e+01,0.000000000000000000e+00
2.199000000000000000e+03,1.013573687145067339e+02,0.000000000000000000e+00
2.200000000000000000e+03,1.002506649802981258e+02,0.000000000000000000e+00
2.201000000000000000e+03,9.781350198211890756e+01,0.000000000000000000e+00
2.202000000000000000e+03,1.064241085379802314e+02,0.000000000000000000e+00
2.203000000000000000e+03,9.789899960333113427e+01,0.000000000000000000e+00
2.204000000000000000e+03,1.020530243443441947e+02,0.000000000000000000e+00
2.205000000000000000e+03,1.033299131390604941e+02,0.000000000000000000e+00
2.206000000000000000e+03,1.023684145933993079e+02,0.000000000000000000e+00
2.207000000000000000e+03,1.056314840099027066e+02,0.000000000000000000e+00
2.208000000000000000e+03,9.985964510101695168e+01,0.000000000000000000e+00
2.209000000000000000e+03,1.076353581116541562e+02,0.000000000000000000e+00
2.210000000000000000e+03,9.875678318885354656e+01,0.000000000000000000e+00
2.211000000000000000e+03,9.794654351026682093e+01,0.000000000000000000e+00
2.212000000000000000e+03,9.532595668384827547e+01,0.000000000000000000e+00
2.213000000000000000e+03,1.012900104706581885e+02,0.000000000000000000e+00
2.214000000000000000e+03,9.624229537359798314e+01,0.000000000000000000e+00
2.215000000000000000e+03,1.079482216306884794e+02,0.000000000000000000e+00
2.216000000000000000e+03,1.005436952525330980e+02,0.000000000000000000e+00
2.217000000000000000e+03,1.024985482670009560e+02,0.000000000000000000e+00
2.218000000000000000e+03,1.055914823844916128e+02,0.000000000000000000e+00
2.219000000000000000e+03,1.002432756939241756e+02,0.000000000000000000e+00
2.220000000000000000e+03,1.074900459903143428e+02,0.000000000000000000e+00
2.221000000000000000e+03,1.045505875696764662e+02,0.000000000000000000e+00
2.222000000000000000e+03,9.966993212089528242e+01,0.000000000000000000e+00
2.223000000000000000e+03,1.033369870196431890e+02,0.000000000000000000e+00
2.224000000000000000e+03,1.042618972410863449e+02,0.000000000000000000e+00
2.225000000000000000e+03,9.501592828295767390e+01,0.000000000000000000e+00
2.226000000000000000e+03,9.380221468377790472e+01,0.000000000000000000e+00
2.227000000000000000e+03,9.559728312609249201e+01,0.000000000000000000e+00
2.228000000000000000e+03,1.005448664643323440e+02,0.000000000000000000e+00
2.229000000000000000e+03,1.067267003059232024e+02,0.000000000000000000e+00
2.230000000000000000e+03,1.105980794194603476e+02,0.000000000000000000e+00
2.231000000000000000e+03,1.043264935668721165e+02,0.000000000000000000e+00
2.232000000000000000e+03,1.012905671057656036e+02,0.000000000000000000e+00
2.233000000000000000e+03,1.002915660562632780e+02,0.000000000000000000e+00
2.234000000000000000e+03,1.023375889690937299e+02,0.000000000000000000e+00
2.235000000000000000e+03,1.030146077250850851e+02,0.000000000000000000e+00
2.236000000000000000e+03,1.026659181408128347e+02,0.000000000000000000e+00
2.237000000000000000e+03,9.889365340611206534e+01,0.000000000000000000e+00
2.238000000000000000e+03,1.010285112732634332e+02,0.000000000000000000e+00
2.239000000000000000e+03,9.448422485686330674e+01,0.000000000000000000e+00
2.240000000000000000e+03,1.078274240866780929e+02,0.000000000000000000e+00
2.241000000000000000e+03,1.007969649676530679e+02,0.000000000000000000e+00
2.242000000000000000e+03,9.795664454283506473e+01,0.000000000000000000e+00
2.243000000000000000e+03,9.900912797181871383e+01,0.000000000000000000e+00
2.244000000000000000e+03,1.042390023813730693e+02,0.000000000000000000e+00
2.245000000000000000e+03,1.031597349345674530e+02,0.000000000000000000e+00
2.246000000000000000e+03,1.000340248244230708e+02,0.000000000000000000e+00
2.247000000000000000e+03,9.549743047096943371e+01,0.000000000000000000e+00
2.248000000000000000e+03,1.010519170759902465e+02,0.000000000000000000e+00
2.249000000000000000e+03,9.813237833019931600e+01,0.000000000000000000e+00
2.250000000000000000e+03,1.007335222714292229e+02,0.000000000000000000e+00
2.251000000000000000e+03,1.092616196973269211e+02,0.000000000000000000e+00
2.252000000000000000e+03,1.039171758215014876e+02,0.000000000000000000e+00
2.253000000000000000e+03,9.755714664867591068e+01,0.000000000000000000e+00
2.254000000000000000e+03,9.740552131978729733e+01,0.000000000000000000e+00
2.255000000000000000e+03,9.699658222061344759e+01,0.000000000000000000e+00
2.256000000000000000e+03,9.717522699531795638e+01,0.000000000000000000e+00
2.257000000000000000e+03,1.016674133561853068e+02,0.000000000000000000e+00
2.258000000000000000e+03,9.624538160909852991e+01,0.000000000000000000e+00
2.259000000000000000e+03,1.026573128792280016e+02,0.000000000000000000e+00
2.260000000000000000e+03,9.747769392690031509e+01,0.000000000000000000e+00
2.261000000000000000e+03,1.030799312035437652e+02,0.000000000000000000e+00
2.262000000000000000e+03,9.975890750783713656e+01,0.000000000000000000e+00
2.263000000000000000e+03,9.813034995324689191e+01,0.000000000000000000e+00
2.264000000000000000e+03,1.032618494978922428e+02,0.000000000000000000e+00
2.265000000000000000e+03,9.173731739811385921e+01,0.000000000000000000e+00
2.266000000000000000e+03,1.038089678466235739e+02,0.000000000000000000e+00
2.267000000000000000e+03,1.025101602796725047e+02,0.000000000000000000e+00
2.268000000000000000e+03,1.045364493510365946e+02,0.000000000000000000e+00
2.269000000000000000e+03,1.068716351226357375e+02,0.000000000000000000e+00
2.270000000000000000e+03,1.043462664692828241e+02,0.000000000000000000e+00
2.271000000000000000e+03,9.731322119247739977e+01,0.000000000000000000e+00
2.272000000000000000e+03,1.047880143325943294e+02,0.000000000000000000e+00
2.273000000000000000e+03,9.710486763601352322e+01,0.000000000000000000e+00
2.274000000000000000e+03,1.000222399832591123e+02,0.000000000000000000e+00
2.275000000000000000e+03,1.042812005233275272e+02,0.000000000000000000e+00
2.276000000000000000e+03,9.953209321030196577e+01,0.000000000000000000e+00
2.277000000000000000e+03,9.552890022846806062e+01,0.000000000000000000e+00
2.278000000000000000e+03,1.022343323400208561e+02,0.000000000000000000e+00
2.279000000000000000e+03,1.017247400229864809e+02,0.000000000000000000e+00
2.280000000000000000e+03,1.006435733194782927e+02,0.000000000000000000e+00
2.281000000000000000e+03,1.013542562210445794e+02,0.000000000000000000e+00
2.282000000000000000e+03,1.075109090335780877e+02,0.000000000000000000e+00
2.283000000000000000e+03,9.760797986854089459e+01,0.000000000000000000e+00
2.284000000000000000e+03,1.048939862965156067e+02,0.000000000000000000e+00
2.285000000000000000e+03,1.013387941711752660e+02,0.000000000000000000e+00
2.286000000000000000e+03,1.031687457186466901e+02,0.000000000000000000e+00
2.287000000000000000e+03,9.966057447184562079e+01,0.000000000000000000e+00
2.288000000000000000e+03,9.904045087395142843e+01,0.000000000000000000e+00
2.289000000000000000e+03,9.833932398178568235e+01,0.000000000000000000e+00
2.290000000000000000e+03,9.942701446140625876e+01,0.000000000000000000e+00
2.291000000000000000e+03,1.003666200058620461e+02,0.000000000000000000e+00
2.292000000000000000e+03,1.075023320480478617e+02,0.000000000000000000e+00
2.293000000000000000e+03,1.021566526753894522e+02,0.000000000000000000e+00
2.294000000000000000e+03,1.021983007610156875e+02,0.000000000000000000e+00
2.295000000000000000e+03,9.632527421555225544e+01,0.000000000000000000e+00
2.296000000000000000e+03,9.552088552243363040e+01,0.000000000000000000e+00
2.297000000000000000e+03,9.652115026081864357e+01,0.000000000000000000e+00
2.298000000000000000e+03,1.033138902817553628e+02,0.000000000000000000e+00
2.299000000000000000e+03,1.011343942588159592e+02,0.000000000000000000e+00
2.300000000000000000e+03,8.692082658645658455e+01,0.000000000000000000e+00
2.301000000000000000e+03,1.016321767718770701e+02,0.000000000000000000e+00
2.302000000000000000e+03,1.030895773778883040e+02,0.000000000000000000e+00
2.303000000000000000e+03,1.025097122567563730e+02,0.000000000000000000e+00
2.304000000000000000e+03,9.959764338421035745e+01,0.000000000000000000e+00
2.305000000000000000e+03,1.033437856651321169e+02,0.000000000000000000e+00
2.306000000000000000e+03,1.022371772240669401e+02,0.000000000000000000e+00
2.307000000000000000e+03,9.815752576468126733e+01,0.000000000000000000e+00
2.308000000000000000e+03,1.059657894626467254e+02,0.000000000000000000e+00
2.309000000000000000e+03,1.107678840029013685e+02,0.000000000000000000e+00
2.310000000000000000e+03,9.897579176724350702e+01,0.000000000000000000e+00
2.311000000000000000e+03,1.069998348637857788e+02,0.000000000000000000e+00
2.312000000000000000e+03,9.888434353159874490e+01,0.000000000000000000e+00
2.313000000000000000e+03,1.045340772616398510e+02,0.000000000000000000e+00
2.314000000000000000e+03,1.023509668165282136e+02,0.000000000000000000e+00
2.315000000000000000e+03,9.686885101230019757e+01,0.000000000000000000e+00
2.316000000000000000e+03,1.026373538633157381e+02,0.000000000000000000e+00
2.317000000000000000e+03,1.066890765649115593e+02,0.000000000000000000e+00
2.318000000000000000e+03,1.091226433511918259e+02,0.000000000000000000e+00
2.319000000000000000e+03,1.039769507903592398e+02,0.000000000000000000e+00
2.320000000000000000e+03,1.055327262851506021e+02,0.000000000000000000e+00
2.321000000000000000e+03,9.444792357173312780e+01,0.000000000000000000e+00
2.322000000000000000e+03,1.016198401123766502e+02,0.000000000000000000e+00
2.323000000000000000e+03,9.945265519583918490e+01,0.000000000000000000e+00
2.324000000000000000e+03,9.739849612261694745e+01,0.000000000000000000e+00
2.325000000000000000e+03,9.758812932017924879e+01,0.000000000000000000e+00
2.326000000000000000e+03,9.490743732143965872e+01,0.000000000000000000e+00
2.327000000000000000e+03,9.520699523838803202e+01,0.000000000000000000e+00
2.328000000000000000e+03,1.007745295831791879e+02,0.000000000000000000e+00
2.329000000000000000e+03,9.686364601789287576e+01,0.000000000000000000e+00
2.330000000000000000e+03,1.011985808518898011e+02,0.000000000000000000e+00
2.331000000000000000e+03,1.051326647573843758e+02,0.000000000000000000e+00
2.332000000000000000e+03,9.901744604021982354e+01,0.000000000000000000e+00
2.333000000000000000e+03,1.072121852237265500e+02,0.000000000000000000e+00
2.334000000000000000e+03,1.031628612281541564e+02,0.000000000000000000e+00
2.335000000000000000e+03,9.914632988650932077e+01,0.000000000000000000e+00
2.336000000000000000e+03,9.857809667843071111e+01,0.000000000000000000e+00
2.337000000000000000e+03,1.043082162875626580e+02,0.000000000000000000e+00
2.338000000000000000e+03,1.000285247316263764e+02,0.000000000000000000e+00
2.339000000000000000e+03,1.067392087336345838e+02,0.000000000000000000e+00
2.340000000000000000e+03,1.023921398626441146e+02,0.000000000000000000e+00
2.341000000000000000e+03,1.032648822239027027e+02,0.000000000000000000e+00
2.342000000000000000e+03,9.494448777623409796e+01,0.000000000000000000e+00
2.343000000000000000e+03,1.033269048563392118e+02,0.000000000000000000e+00
2.344000000000000000e+03,1.027440142073950540e+02,0.000000000000000000e+00
2.345000000000000000e+03,1.022778667819558081e+02,0.000000000000000000e+00
2.346000000000000000e+03,1.005402892024054751e+02,0.000000000000000000e+00
2.347000000000000000e+03,9.795496927572573043e+01,0.000000000000000000e+00
2.348000000000000000e+03,9.788071120974859696e+01,0.000000000000000000e+00
2.349000000000000000e+03,1.012449571205368954e+02,0.000000000000000000e+00
2.350000000000000000e+03,9.855156113300409970e+01,0.000000000000000000e+00
2.351000000000000000e+03,1.044043962551001670e+02,0.000000000000000000e+00
2.352000000000000000e+03,9.441149718201522489e+01,0.000000000000000000e+00
2.353000000000000000e+03,9.782474907405376996e+01,0.000000000000000000e+00
2.354000000000000000e+03,9.866285020061246769e+01,0.000000000000000000e+00
2.355000000000000000e+03,1.002987012629151451e+02,0.000000000000000000e+00
2.356000000000000000e+03,1.027014121805086688e+02,0.000000000000000000e+00
2.357000000000000000e+03,1.026792914375582484e+02,0.000000000000000000e+00
2.358000000000000000e+03,9.943106553810116566e+01,0.000000000000000000e+00
2.359000000000000000e+03,1.018872244737735144e+02,0.000000000000000000e+00
2.360000000000000000e+03,1.014952997160568771e+02,0.000000000000000000e+00
2.361000000000000000e+03,1.058734098029324855e+02,0.000000000000000000e+00
2.362000000000000000e+03,1.065727350655224086e+02,0.000000000000000000e+00
2.363000000000000000e+03,1.046259366117406131e+02,0.000000000000000000e+00
2.364000000000000000e+03,1.006276415451447974e+02,0.000000000000000000e+00
2.365000000000000000e+03,9.491585199372315174e+01,0.000000000000000000e+00
2.366000000000000000e+03,1.011785972884266016e+02,0.000000000000000000e+00
2.367000000000000000e+03,1.012281102358495275e+02,0.000000000000000000e+00
2.368000000000000000e+03,9.592828441901367853e+01,0.000000000000000000e+00
2.369000000000000000e+03,1.030599785597534463e+02,0.000000000000000000e+00
2.370000000000000000e+03,9.720462899646121002e+01,0.000000000000000000e+00
2.371000000000000000e+03,9.916320175327962261e+01,0.000000000000000000e+00
2.372000000000000000e+03,9.828667761932213409e+01,0.000000000000000000e+00
2.373000000000000000e+03,1.041823402577472564e+02,0.000000000000000000e+00
2.374000000000000000e+03,9.934169242206121453e+01,0.000000000000000000e+00
2.375000000000000000e+03,9.735416566331906552e+01,0.000000000000000000e+00
2.376000000000000000e+03,9.780345511289819171e+01,0.000000000000000000e+00
2.377000000000000000e+03,9.950608482343551486e+01,0.000000000000000000e+00
2.378000000000000000e+03,1.003074858761498405e+02,0.000000000000000000e+00
2.379000000000000000e+03,1.050913200867764488e+02,0.000000000000000000e+00
2.380000000000000000e+03,9.772044412541299607e+01,0.000000000000000000e+00
2.381000000000000000e+03,1.004292331233080091e+02,0.000000000000000000e+00
2.382000000000000000e+03,1.017129917621438153e+02,0.000000000000000000e+00
2.383000000000000000e+03,1.070729154892547257e+02,0.000000000000000000e+00
2.384000000000000000e+03,1.003887532722388443e+02,0.000000000000000000e+00
2.385000000000000000e+03,1.025512707600990154e+02,0.000000000000000000e+00
2.386000000000000000e+03,1.075851088332370011e+02,0.000000000000000000e+00
2.387000000000000000e+03,1.031652003877099872e+02,0.000000000000000000e+00
2.388000000000000000e+03,9.699767086278367856e+01,0.000000000000000000e+00
2.389000000000000000e+03,1.005837068346901617e+02,0.000000000000000000e+00
2.390000000000000000e+03,1.006073928890931626e+02,0.000000000000000000e+00
2.391000000000000000e+03,1.026347444617735505e+02,0.000000000000000000e+00
2.392000000000000000e+03,9.947595053131939835e+01,0.000000000000000000e+00
2.393000000000000000e+03,1.041307688994160969e+02,0.000000000000000000e+00
2.394000000000000000e+03,9.685825696166214982e+01,0.000000000000000000e+00
2.395000000000000000e+03,1.013944267001747903e+02,0.000000000000000000e+00
2.396000000000000000e+03,9.699869256254729066e+01,0.000000000000000000e+00
2.397000000000000000e+03,1.051752439147131497e+02,0.000000000000000000e+00
2.398000000000000000e+03,9.979024949910582620e+01,0.000000000000000000e+00
2.399000000000000000e+03,9.306627059213874986e+01,0.000000000000000000e+00
2.400000000000000000e+03,9.938986525729966104e+01,0.000000000000000000e+00
2.401000000000000000e+03,1.006141950381226451e+02,0.000000000000000000e+00
2.402000000000000000e+03,1.004660751802557854e+02,0.000000000000000000e+00
2.403000000000000000e+03,9.510093830882469490e+01,0.000000000000000000e+00
2.404000000000000000e+03,9.573480036701766949e+01,0.000000000000000000e+00
2.405000000000000000e+03,1.018523599621180864e+02,0.000000000000000000e+00
2.406000000000000000e+03,9.824077649889682107e+01,0.000000000000000000e+00
2.407000000000000000e+03,9.998689502512728211e+01,0.000000000000000000e+00
2.408000000000000000e+03,1.052675013594878237e+02,0.000000000000000000e+00
2.409000000000000000e+03,1.053383407111005567e+02,0.000000000000000000e+00
2.410000000000000000e+03,1.074039949096494411e+02,0.000000000000000000e+00
2.411000000000000000e+03,1.019741428851115757e+02,0.000000000000000000e+00
2.412000000000000000e+03,9.953998869069097566e+01,0.000000000000000000e+00
2.413000000000000000e+03,1.020670313720179081e+02,0.000000000000000000e+00
2.414000000000000000e+03,9.760888863089982692e+01,0.000000000000000000e+00
2.415000000000000000e+03,1.063753900266810035e+02,0.000000000000000000e+00
2.416000000000000000e+03,1.011687140739630024e+02,0.000000000000000000e+00
2.417000000000000000e+03,1.049479581373460064e+02,0.000000000000000000e+00
2.418000000000000000e+03,9.300535426726439425e+01,0.000000000000000000e+00
2.419000000000000000e+03,9.766879285035111025e+01,0.000000000000000000e+00
2.420000000000000000e+03,1.046880633045121982e+02,0.000000000000000000e+00
2.421000000000000000e+03,9.824721348918608044e+01,0.000000000000000000e+00
2.422000000000000000e+03,9.432069245395665291e+01,0.000000000000000000e+00
2.423000000000000000e+03,1.061457207866033343e+02,0.000000000000000000e+00
2.424000000000000000e+03,1.023577867089175015e+02,0.000000000000000000e+00
2.425000000000000000e+03,1.073074970163006583e+02,0.000000000000000000e+00
2.426000000000000000e+03,9.691930075533112188e+01,0.000000000000000000e+00
2.427000000000000000e+03,1.016413740437658930e+02,0.000000000000000000e+00
2.428000000000000000e+03,1.040020645057279012e+02,0.000000000000000000e+00
2.429000000000000000e+03,1.020350935379559587e+02,0.000000000000000000e+00
2.430000000000000000e+03,1.013588384321990219e+02,0.000000000000000000e+00
2.431000000000000000e+03,9.849026111048445387e+01,0.000000000000000000e+00
2.432000000000000000e+03,9.936042390504738364e+01,0.000000000000000000e+00
2.433000000000000000e+03,1.025418436880143673e+02,0.000000000000000000e+00
2.434000000000000000e+03,9.833296022205954046e+01,0.000000000000000000e+00
2.435000000000000000e+03,9.839680069930432182e+01,0.000000000000000000e+00
2.436000000000000000e+03,1.029075702739757503e+02,0.000000000000000000e+00
2.437000000000000000e+03,1.080649605791438859e+02,0.000000000000000000e+00
2.438000000000000000e+03,1.039319110095184868e+02,0.000000000000000000e+00
2.439000000000000000e+03,9.840572788524039538e+01,0.000000000000000000e+00
2.440000000000000000e+03,1.014590465244252329e+02,0.000000000000000000e+00
2.441000000000000000e+03,1.023383101549805616e+02,0.000000000000000000e+00
2.442000000000000000e+03,1.019149200141868761e+02,0.000000000000000000e+00
2.443000000000000000e+03,1.071538312696517039e+02,0.000000000000000000e+00
2.444000000000000000e+03,1.029532323290514739e+02,0.000000000000000000e+00
2.445000000000000000e+03,9.964846442587652575e+01,0.000000000000000000e+00
2.446000000000000000e+03,1.001356965592525370e+02,0.000000000000000000e+00
2.447000000000000000e+03,9.473756910133054987e+01,0.000000000000000000e+00
2.448000000000000000e+03,9.809411899388831557e+01,0.000000000000000000e+00
2.449000000000000000e+03,1.018979782234107176e+02,0.000000000000000000e+00
2.450000000000000000e+03,1.046085065418960056e+02,0.000000000000000000e+00
2.451000000000000000e+03,1.011233684636889620e+02,0.000000000000000000e+00
2.452000000000000000e+03,9.886253933693070906e+01,0.000000000000000000e+00
2.453000000000000000e+03,1.003886768007352543e+02,0.000000000000000000e+00
2.454000000000000000e+03,9.430431567876935617e+01,0.000000000000000000e+00
2.455000000000000000e+03,1.016092675202065863e+02,0.000000000000000000e+00
2.456000000000000000e+03,1.010806779576054595e+02,0.000000000000000000e+00
2.457000000000000000e+03,1.058451671588734229e+02,0.000000000000000000e+00
2.458000000000000000e+03,9.898041473566468085e+01,0.000000000000000000e+00
2.459000000000000000e+03,1.084337333239055567e+02,0.000000000000000000e+00
2.460000000000000000e+03,9.780543870527354500e+01,0.000000000000000000e+00
2.461000000000000000e+03,1.048016045451571330e+02,0.000000000000000000e+00
2.462000000000000000e+03,1.002309158819688406e+02,0.000000000000000000e+00
2.463000000000000000e+03,9.242161996242488442e+01,0.000000000000000000e+00
2.464000000000000000e+03,1.046057181864691898e+02,0.000000000000000000e+00
2.465000000000000000e+03,9.829811085464071141e+01,0.000000000000000000e+00
2.466000000000000000e+03,9.675268521475264549e+01,0.000000000000000000e+00
2.467000000000000000e+03,1.052280497771081684e+02,0.000000000000000000e+00
2.468000000000000000e+03,9.911284409360094116e+01,0.000000000000000000e+00
2.469000000000000000e+03,1.049239949324763899e+02,0.000000000000000000e+00
2.470000000000000000e+03,1.015349981249000990e+02,0.000000000000000000e+00
2.471000000000000000e+03,9.834728439598038108e+01,0.000000000000000000e+00
2.472000000000000000e+03,9.925957621588855773e+01,0.000000000000000000e+00
2.473000000000000000e+03,1.055631078968638832e+02,0.000000000000000000e+00
2.474000000000000000e+03,9.483267154288320455e+01,0.000000000000000000e+00
2.475000000000000000e+03,1.067611054203141805e+02,0.000000000000000000e+00
2.476000000000000000e+03,9.883228114306616874e+01,0.000000000000000000e+00
2.477000000000000000e+03,1.115630074013450894e+02,0.000000000000000000e+00
2.478000000000000000e+03,1.040431344626407366e+02,0.000000000000000000e+00
2.479000000000000000e+03,1.052933187962653392e+02,0.000000000000000000e+00
2.480000000000000000e+03,1.065295822721591605e+02,0.000000000000000000e+00
2.481000000000000000e+03,1.011082505455834450e+02,0.000000000000000000e+00
2.482000000000000000e+03,1.041753607110028952e+02,0.000000000000000000e+00
2.483000000000000000e+03,9.919822445457576521e+01,0.000000000000000000e+00
2.484000000000000000e+03,9.907129453033691391e+01,0.000000000000000000e+00
2.485000000000000000e+03,1.008124026811031797e+02,0.000000000000000000e+00
2.486000000000000000e+03,1.030083418340391006e+02,0.000000000000000000e+00
2.487000000000000000e+03,1.052165878583576699e+02,0.000000000000000000e+00
2.488000000000000000e+03,1.056773307192355986e+02,0.000000000000000000e+00
2.489000000000000000e+03,9.793745347123663691e+01,0.000000000000000000e+00
2.490000000000000000e+03,9.504347085837696341e+01,0.000000000000000000e+00
2.491000000000000000e+03,1.044235493372869428e+02,0.000000000000000000e+00
2.492000000000000000e+03,1.024311782953971033e+02,0.000000000000000000e+00
2.493000000000000000e+03,1.020010492128418491e+02,0.000000000000000000e+00
2.494000000000000000e+03,1.042424238913934005e+02,0.000000000000000000e+00
2.495000000000000000e+03,1.034981897597535010e+02,0.000000000000000000e+00
2.496000000000000000e+03,9.477625013651029917e+01,0.000000000000000000e+00
2.497000000000000000e+03,9.576651939105809674e+01,0.000000000000000000e+00
2.498000000000000000e+03,1.044260292392543477e+02,0.000000000000000000e+00
2.499000000000000000e+03,1.010936765290174719e+02,0.000000000000000000e+00
2.500000000000000000e+03,1.064439166762094260e+02,0.000000000000000000e+00
2.501000000000000000e+03,1.041861835871757762e+02,0.000000000000000000e+00
2.502000000000000000e+03,1.046863214488654421e+02,0.000000000000000000e+00
2.503000000000000000e+03,1.069670679487489338e+02,0.000000000000000000e+00
2.504000000000000000e+03,1.086247954097352419e+02,0.000000000000000000e+00
2.505000000000000000e+03,1.083112700549301337e+02,0.000000000000000000e+00
2.506000000000000000e+03,9.549385123320567459e+01,0.000000000000000000e+00
2.507000000000000000e+03,1.014561157481735592e+02,0.000000000000000000e+00
2.508000000000000000e+03,1.003663523981853274e+02,0.000000000000000000e+00
2.509000000000000000e+03,1.055216557607391081e+02,0.000000000000000000e+00
2.510000000000000000e+03,9.916076679322289067e+01,0.000000000000000000e+00
2.511000000000000000e+03,1.046603249878184840e+02,0.000000000000000000e+00
2.512000000000000000e+03,1.018705267852384679e+02,0.000000000000000000e+00
2.513000000000000000e+03,9.967314609645661960e+01,0.000000000000000000e+00
2.514000000000000000e+03,9.809520382094666502e+01,0.000000000000000000e+00
2.515000000000000000e+03,9.343449914163022640e+01,0.000000000000000000e+00
2.516000000000000000e+03,1.012681902196995765e+02,0.000000000000000000e+00
2.517000000000000000e+03,1.006599853842300121e+02,0.000000000000000000e+00
2.518000000000000000e+03,1.012852792128446708e+02,0.000000000000000000e+00
2.519000000000000000e+03,9.432036657246592881e+01,0.000000000000000000e+00
2.520000000000000000e+03,1.055834306666006199e+02,0.000000000000000000e+00
2.521000000000000000e+03,9.822394548870956044e+01,0.000000000000000000e+00
2.522000000000000000e+03,1.035189749160979744e+02,0.000000000000000000e+00
2.523000000000000000e+03,1.012969285822905903e+02,0.000000000000000000e+00
2.524000000000000000e+03,1.020246482944278341e+02,0.000000000000000000e+00
2.525000000000000000e+03,1.001412546759956825e+02,0.000000000000000000e+00
2.526000000000000000e+03,9.972406590500200707e+01,0.000000000000000000e+00
2.527000000000000000e+03,1.000163784157892763e+02,0.000000000000000000e+00
2.528000000000000000e+03,9.782096104826767657e+01,0.000000000000000000e+00
2.529000000000000000e+03,1.001832315070730033e+02,0.000000000000000000e+00
2.530000000000000000e+03,1.000513158736512622e+02,0.000000000000000000e+00
2.531000000000000000e+03,9.916788494085704997e+01,0.000000000000000000e+00
2.532000000000000000e+03,1.017280409584726044e+02,0.000000000000000000e+00
2.533000000000000000e+03,1.094644784657573382e+02,0.000000000000000000e+00
2.534000000000000000e+03,1.011173187891541545e+02,0.000000000000000000e+00
2.535000000000000000e+03,1.013560818360670481e+02,0.000000000000000000e+00
2.536000000000000000e+03,1.036128185519956588e+02,0.000000000000000000e+00
2.537000000000000000e+03,9.893989255055291210e+01,0.000000000000000000e+00
2.538000000000000000e+03,1.022478565478090360e+02,0.000000000000000000e+00
2.539000000000000000e+03,1.012593626708091250e+02,0.000000000000000000e+00
2.540000000000000000e+03,1.029267004175870426e+02,0.000000000000000000e+00
2.541000000000000000e+03,1.084053036129533609e+02,0.000000000000000000e+00
2.542000000000000000e+03,1.034152592911242721e+02,0.000000000000000000e+00
2.543000000000000000e+03,9.867178214900449973e+01,0.000000000000000000e+00
2.544000000000000000e+03,1.048255979547664793e+02,0.000000000000000000e+00
2.545000000000000000e+03,9.559754811046376233e+01,0.000000000000000000e+00
2.546000000000000000e+03,1.026806345805413230e+02,0.000000000000000000e+00
2.547000000000000000e+03,9.931045357695609255e+01,0.000000000000000000e+00
2.548000000000000000e+03,1.061702254969438428e+02,0.000000000000000000e+00
2.549000000000000000e+03,1.005276531484813773e+02,0.000000000000000000e+00
2.550000000000000000e+03,1.064364858850442914e+02,0.000000000000000000e+00
2.551000000000000000e+03,1.068339203589667363e+02,0.000000000000000000e+00
2.552000000000000000e+03,9.825136609380643904e+01,0.000000000000000000e+00
2.553000000000000000e+03,1.026502906588010404e+02,0.000000000000000000e+00
2.554000000000000000e+03,1.009849337237051259e+02,0.000000000000000000e+00
2.555000000000000000e+03,9.681392525719078890e+01,0.000000000000000000e+00
2.556000000000000000e+03,1.010464866729113567e+02,0.000000000000000000e+00
2.557000000000000000e+03,9.385562195527137419e+01,0.000000000000000000e+00
2.558000000000000000e+03,9.836418642962331660e+01,0.000000000000000000e+00
2.559000000000000000e+03,9.997179362922541657e+01,0.000000000000000000e+00
2.560000000000000000e+03,1.045841371806899360e+02,0.000000000000000000e+00
2.561000000000000000e+03,9.934463893831980386e+01,0.000000000000000000e+00
2.562000000000000000e+03,1.010744527360724163e+02,0.000000000000000000e+00
2.563000000000000000e+03,9.924271148880106352e+01,0.000000000000000000e+00
2.564000000000000000e+03,9.830513591742057145e+01,0.000000000000000000e+00
2.565000000000000000e+03,9.120629056190401229e+01,0.000000000000000000e+00
2.566000000000000000e+03,9.978735782289314216e+01,0.000000000000000000e+00
2.567000000000000000e+03,9.514280880662420259e+01,0.000000000000000000e+00
2.568000000000000000e+03,1.019796500285891341e+02,0.000000000000000000e+00
2.569000000000000000e+03,1.001846573073780178e+02,0.000000000000000000e+00
2.570000000000000000e+03,9.023588180112363943e+01,0.000000000000000000e+00
2.571000000000000000e+03,9.839159603038159219e+01,0.000000000000000000e+00
2.572000000000000000e+03,9.740279070994698429e+01,0.000000000000000000e+00
2.573000000000000000e+03,9.920443494317404998e+01,0.000000000000000000e+00
2.574000000000000000e+03,1.054753317053589683e+02,0.000000000000000000e+00
2.575000000000000000e+03,9.431612691505365831e+01,0.000000000000000000e+00
2.576000000000000000e+03,1.003684449319883214e+02,0.000000000000000000e+00
2.577000000000000000e+03,1.055692430099346097e+02,0.000000000000000000e+00
2.578000000000000000e+03,1.004773204930611570e+02,0.000000000000000000e+00
2.579000000000000000e+03,9.927065665147125628e+01,0.000000000000000000e+00
2.580000000000000000e+03,9.822362996328183726e+01,0.000000000000000000e+00
2.581000000000000000e+03,9.616758205946536009e+01,0.000000000000000000e+00
2.582000000000000000e+03,1.001365522360199378e+02,0.000000000000000000e+00
2.583000000000000000e+03,1.006883314754730918e+02,0.000000000000000000e+00
2.584000000000000000e+03,9.892992780413248965e+01,0.000000000000000000e+00
2.585000000000000000e+03,9.900011407386170958e+01,0.000000000000000000e+00
2.586000000000000000e+03,9.538522180474417667e+01,0.000000000000000000e+00
2.587000000000000000e+03,1.003809448105762385e+02,0.000000000000000000e+00
2.588000000000000000e+03,9.142422746631984865e+01,0.000000000000000000e+00
2.589000000000000000e+03,1.029429511370181416e+02,0.000000000000000000e+00
2.590000000000000000e+03,1.066789192817330019e+02,0.000000000000000000e+00
2.591000000000000000e+03,9.784581185884751164e+01,0.000000000000000000e+00
2.592000000000000000e+03,9.763985474030556588e+01,0.000000000000000000e+00
2.593000000000000000e+03,9.903105395026875613e+01,0.000000000000000000e+00
2.594000000000000000e+03,1.020102911928157425e+02,0.000000000000000000e+00
2.595000000000000000e+03,1.028797267360470045e+02,0.000000000000000000e+00
2.596000000000000000e+03,1.103567072301644743e+02,0.000000000000000000e+00
2.597000000000000000e+03,1.058038282999176687e+02,0.000000000000000000e+00
2.598000000000000000e+03,9.966143878320372096e+01,0.000000000000000000e+00
2.599000000000000000e+03,1.017687772419579630e+02,0.000000000000000000e+00
2.600000000000000000e+03,1.033771175001232336e+02,0.000000000000000000e+00
2.601000000000000000e+03,9.968725007547199368e+01,0.000000000000000000e+00
2.602000000000000000e+03,1.001970986713866409e+02,0.000000000000000000e+00
2.603000000000000000e+03,1.012385096584106776e+02,0.000000000000000000e+00
2.604000000000000000e+03,9.807668355464033993e+01,0.000000000000000000e+00
2.605000000000000000e+03,1.016553849949082604e+02,0.000000000000000000e+00
2.606000000000000000e+03,9.932614604834496674e+01,0.000000000000000000e+00
2.607000000000000000e+03,9.540403391232172226e+01,0.000000000000000000e+00
2.608000000000000000e+03,1.033967970928204068e+02,0.000000000000000000e+00
2.609000000000000000e+03,1.043056808195018021e+02,0.000000000000000000e+00
2.610000000000000000e+03,1.042327135622240348e+02,0.000000000000000000e+00
2.611000000000000000e+03,9.903703196619176197e+01,0.000000000000000000e+00
2.612000000000000000e+03,1.045195161276941889e+02,0.000000000000000000e+00
2.613000000000000000e+03,1.067089445838667388e+02,0.000000000000000000e+00
2.614000000000000000e+03,1.043177590131172252e+02,0.000000000000000000e+00
2.615000000000000000e+03,9.924528673139539592e+01,0.000000000000000000e+00
2.616000000000000000e+03,1.037953997727386195e+02,0.000000000000000000e+00
2.617000000000000000e+03,1.040429114319670560e+02,0.000000000000000000e+00
2.618000000000000000e+03,1.028041396598152346e+02,0.000000000000000000e+00
2.619000000000000000e+03,1.038800044345789217e+02,0.000000000000000000e+00
2.620000000000000000e+03,1.016111768278505565e+02,0.000000000000000000e+00
2.621000000000000000e+03,1.053081939113937437e+02,0.000000000000000000e+00
2.622000000000000000e+03,1.024924316293009667e+02,0.000000000000000000e+00
2.623000000000000000e+03,1.032836418479983251e+02,0.000000000000000000e+00
2.624000000000000000e+03,1.036673471249417560e+02,0.000000000000000000e+00
2.625000000000000000e+03,1.014193961445980250e+02,0.000000000000000000e+00
2.626000000000000000e+03,9.612211056196970560e+01,0.000000000000000000e+00
2.627000000000000000e+03,1.019585842308611632e+02,0.000000000000000000e+00
2.628000000000000000e+03,1.025414572685625529e+02,0.000000000000000000e+00
2.629000000000000000e+03,1.007322046585502875e+02,0.000000000000000000e+00
2.630000000000000000e+03,9.872376552469441435e+01,0.000000000000000000e+00
2.631000000000000000e+03,1.014614902113406174e+02,0.000000000000000000e+00
2.632000000000000000e+03,9.593873421877491126e+01,0.000000000000000000e+00
2.633000000000000000e+03,1.044682873811825914e+02,0.000000000000000000e+00
2.634000000000000000e+03,1.048875076791567125e+02,0.000000000000000000e+00
2.635000000000000000e+03,1.031748701362906502e+02,0.000000000000000000e+00
2.636000000000000000e+03,1.016648429405496188e+02,0.000000000000000000e+00
2.637000000000000000e+03,9.680893150658454260e+01,0.000000000000000000e+00
2.638000000000000000e+03,1.059539717351312476e+02,0.000000000000000000e+00
2.639000000000000000e+03,1.001211189887542332e+02,0.000000000000000000e+00
2.640000000000000000e+03,9.836904284805486043e+01,0.000000000000000000e+00
2.641000000000000000e+03,1.034181815711775840e+02,0.000000000000000000e+00
2.642000000000000000e+03,1.027369860118929950e+02,0.000000000000000000e+00
2.643000000000000000e+03,1.021262356051509386e+02,0.000000000000000000e+00
2.644000000000000000e+03,1.009173543642932458e+02,0.000000000000000000e+00
2.645000000000000000e+03,9.972140587135135092e+01,0.000000000000000000e+00
2.646000000000000000e+03,9.711235640592913398e+01,0.000000000000000000e+00
2.647000000000000000e+03,9.800321171862752578e+01,0.000000000000000000e+00
2.648000000000000000e+03,1.019378304949627392e+02,0.000000000000000000e+00
2.649000000000000000e+03,9.950830026843593146e+01,0.000000000000000000e+00
2.650000000000000000e+03,1.010766399809655809e+02,0.000000000000000000e+00
2.651000000000000000e+03,1.115972618761385320e+02,0.000000000000000000e+00
2.652000000000000000e+03,1.024856408042677742e+02,0.000000000000000000e+00
2.653000000000000000e+03,1.009012918534316441e+02,0.000000000000000000e+00
2.654000000000000000e+03,1.038213336667048168e+02,0.000000000000000000e+00
2.655000000000000000e+03,1.037592279775879547e+02,0.000000000000000000e+00
2.656000000000000000e+03,1.026483054578327341e+02,0.000000000000000000e+00
2.657000000000000000e+03,9.465997169960719759e+01,0.000000000000000000e+00
2.658000000000000000e+03,9.973908743706905966e+01,0.000000000000000000e+00
2.659000000000000000e+03,9.664401517729150726e+01,0.000000000000000000e+00
2.660000000000000000e+03,1.037285574127679126e+02,0.000000000000000000e+00
2.661000000000000000e+03,1.129095654369734376e+02,0.000000000000000000e+00
2.662000000000000000e+03,1.013947260607677094e+02,0.000000000000000000e+00
2.663000000000000000e+03,1.030933509606877578e+02,0.000000000000000000e+00
2.664000000000000000e+03,1.011797284903168759e+02,0.000000000000000000e+00
2.665000000000000000e+03,9.683195639180206626e+01,0.000000000000000000e+00
2.666000000000000000e+03,9.823408639877966664e+01,0.000000000000000000e+00
2.667000000000000000e+03,9.504357788271995844e+01,0.000000000000000000e+00
2.668000000000000000e+03,1.025519223329842049e+02,0.000000000000000000e+00
2.669000000000000000e+03,9.613166290607271947e+01,0.000000000000000000e+00
2.670000000000000000e+03,1.016580835492686958e+02,0.000000000000000000e+00
2.671000000000000000e+03,9.632692161239938855e+01,0.000000000000000000e+00
2.672000000000000000e+03,9.537542496673364667e+01,0.000000000000000000e+00
2.673000000000000000e+03,9.732794251031110377e+01,0.000000000000000000e+00
2.674000000000000000e+03,1.027534883326457731e+02,0.000000000000000000e+00
2.675000000000000000e+03,9.838700203331725902e+01,0.000000000000000000e+00
2.676000000000000000e+03,1.009077865821881375e+02,0.000000000000000000e+00
2.677000000000000000e+03,1.026136676725261481e+02,0.000000000000000000e+00
2.678000000000000000e+03,9.976394108708878150e+01,0.000000000000000000e+00
2.679000000000000000e+03,1.015096641744662946e+02,0.000000000000000000e+00
2.680000000000000000e+03,9.919797365124446742e+01,0.000000000000000000e+00
2.681000000000000000e+03,1.036259246572593327e+02,0.000000000000000000e+00
2.682000000000000000e+03,9.912460149825054145e+01,0.000000000000000000e+00
2.683000000000000000e+03,1.042546201797321004e+02,0.000000000000000000e+00
2.684000000000000000e+03,1.035072156102264671e+02,0.000000000000000000e+00
2.685000000000000000e+03,1.012856335695617815e+02,0.000000000000000000e+00
2.686000000000000000e+03,1.046257424216899068e+02,0.000000000000000000e+00
2.687000000000000000e+03,1.107523561437361082e+02,0.000000000000000000e+00
2.688000000000000000e+03,1.009113291741574301e+02,0.000000000000000000e+00
2.689000000000000000e+03,1.024627717221638648e+02,0.000000000000000000e+00
2.690000000000000000e+03,9.985198280011746874e+01,0.000000000000000000e+00
2.691000000000000000e+03,9.469711449487743948e+01,0.000000000000000000e+00
2.692000000000000000e+03,1.050975403336644405e+02,0.000000000000000000e+00
2.693000000000000000e+03,1.008341023044308855e+02,0.000000000000000000e+00
2.694000000000000000e+03,9.737520922015940528e+01,0.000000000000000000e+00
2.695000000000000000e+03,9.796559256384790615e+01,0.000000000000000000e+00
2.696000000000000000e+03,1.033581499353968809e+02,0.000000000000000000e+00
2.697000000000000000e+03,1.008566728758756312e+02,0.000000000000000000e+00
2.698000000000000000e+03,9.893119693018553562e+01,0.000000000000000000e+00
2.699000000000000000e+03,1.006685690977863317e+02,0.000000000000000000e+00
2.700000000000000000e+03,9.616305418501498536e+01,0.000000000000000000e+00
2.701000000000000000e+03,9.826436557558257334e+01,0.000000000000000000e+00
2.702000000000000000e+03,9.896207618137903239e+01,0.000000000000000000e+00
2.703000000000000000e+03,1.028214763899867421e+02,0.000000000000000000e+00
2.704000000000000000e+03,9.561659304236928847e+01,0.000000000000000000e+00
2.705000000000000000e+03,9.654428883834155783e+01,0.000000000000000000e+00
2.706000000000000000e+03,1.085391723692377752e+02,0.000000000000000000e+00
2.707000000000000000e+03,9.905399091305500292e+01,0.000000000000000000e+00
2.708000000000000000e+03,1.029075741959628374e+02,0.000000000000000000e+00
2.709000000000000000e+03,9.818449471041502363e+01,0.000000000000000000e+00
2.710000000000000000e+03,1.073969710910481581e+02,0.000000000000000000e+00
2.711000000000000000e+03,9.883633152106899900e+01,0.000000000000000000e+00
2.712000000000000000e+03,1.003098927637958298e+02,0.000000000000000000e+00
2.713000000000000000e+03,1.074199992318954600e+02,0.000000000000000000e+00
2.714000000000000000e+03,1.005900637300752720e+02,0.000000000000000000e+00
2.715000000000000000e+03,9.942246663579501842e+01,0.000000000000000000e+00
2.716000000000000000e+03,1.012843758251742230e+02,0.000000000000000000e+00
2.717000000000000000e+03,1.000257502175048074e+02,0.000000000000000000e+00
2.718000000000000000e+03,1.019151311271025691e+02,0.000000000000000000e+00
2.719000000000000000e+03,1.024382804645381668e+02,0.000000000000000000e+00
2.720000000000000000e+03,1.085014138359928069e+02,0.000000000000000000e+00
2.721000000000000000e+03,1.003628478222817790e+02,0.000000000000000000e+00
2.722000000000000000e+03,1.007986058294151235e+02,0.000000000000000000e+00
2.723000000000000000e+03,9.965470591200376305e+01,0.000000000000000000e+00
2.724000000000000000e+03,1.019895557759697624e+02,0.000000000000000000e+00
2.725000000000000000e+03,9.946722588179351021e+01,0.000000000000000000e+00
2.726000000000000000e+03,1.061510020190373069e+02,0.000000000000000000e+00
2.727000000000000000e+03,9.607167729308379478e+01,0.000000000000000000e+00
2.728000000000000000e+03,1.014819374783220951e+02,0.000000000000000000e+00
2.729000000000000000e+03,1.041307426606089024e+02,0.000000000000000000e+00
2.730000000000000000e+03,1.017117910476103475e+02,0.000000000000000000e+00
2.731000000000000000e+03,9.861301078302616929e+01,0.000000000000000000e+00
2.732000000000000000e+03,9.558447039484164520e+01,0.000000000000000000e+00
2.733000000000000000e+03,1.009660741175483025e+02,0.000000000000000000e+00
2.734000000000000000e+03,1.057259358743578730e+02,0.000000000000000000e+00
2.735000000000000000e+03,9.654006145910236114e+01,0.000000000000000000e+00
2.736000000000000000e+03,1.062132511548783640e+02,0.000000000000000000e+00
2.737000000000000000e+03,1.078724856327610269e+02,0.000000000000000000e+00
2.738000000000000000e+03,9.969928757342722747e+01,0.000000000000000000e+00
2.739000000000000000e+03,1.060880712278946305e+02,0.000000000000000000e+00
2.740000000000000000e+03,1.022906849184627589e+02,0.000000000000000000e+00
2.741000000000000000e+03,1.092452397968795736e+02,0.000000000000000000e+00
2.742000000000000000e+03,1.098034314714001312e+02,1.000000000000000000e+00
2.743000000000000000e+03,1.076053836501197623e+02,1.000000000000000000e+00
2.744000000000000000e+03,1.059596152528740163e+02,1.000000000000000000e+00
2.745000000000000000e+03,1.166397649857926098e+02,1.000000000000000000e+00
2.746000000000000000e+03,1.210303612004216518e+02,1.000000000000000000e+00
2.747000000000000000e+03,1.192751774369033342e+02,1.000000000000000000e+00
2.748000000000000000e+03,1.176664062557451160e+02,1.000000000000000000e+00
2.749000000000000000e+03,1.222508749567571869e+02,1.000000000000000000e+00
2.750000000000000000e+03,1.218535247516132642e+02,1.000000000000000000e+00
2.751000000000000000e+03,1.276978102233269254e+02,1.000000000000000000e+00
2.752000000000000000e+03,1.227799327501157904e+02,1.000000000000000000e+00
2.753000000000000000e+03,1.140929535749963719e+02,1.000000000000000000e+00
2.754000000000000000e+03,1.258772032229263402e+02,1.000000000000000000e+00
2.755000000000000000e+03,1.229551999819564827e+02,1.000000000000000000e+00
2.756000000000000000e+03,1.256860511137513754e+02,1.000000000000000000e+00
2.757000000000000000e+03,1.273417643584910479e+02,1.000000000000000000e+00
2.758000000000000000e+03,1.230483100310816553e+02,1.000000000000000000e+00
2.759000000000000000e+03,1.296192838035005366e+02,1.000000000000000000e+00
2.760000000000000000e+03,1.370834302799351860e+02,1.000000000000000000e+00
2.761000000000000000e+03,1.404745920135366646e+02,1.000000000000000000e+00
2.762000000000000000e+03,1.405037690585412520e+02,1.000000000000000000e+00
2.763000000000000000e+03,1.399388888587839972e+02,1.000000000000000000e+00
2.764000000000000000e+03,1.447015392670861331e+02,1.000000000000000000e+00
2.765000000000000000e+03,1.382823199159854255e+02,1.000000000000000000e+00
2.766000000000000000e+03,1.498392727479592850e+02,1.000000000000000000e+00
2.767000000000000000e+03,1.487972446083340969e+02,1.000000000000000000e+00
2.768000000000000000e+03,1.556591581151662069e+02,1.000000000000000000e+00
2.769000000000000000e+03,1.558729220458639588e+02,1.000000000000000000e+00
2.770000000000000000e+03,1.597694053276079558e+02,1.000000000000000000e+00
2.771000000000000000e+03,1.557266216798531673e+02,1.000000000000000000e+00
2.772000000000000000e+03,1.619195714394648746e+02,1.000000000000000000e+00
2.773000000000000000e+03,1.557435995084739488e+02,1.000000000000000000e+00
2.774000000000000000e+03,1.507072134160034977e+02,1.000000000000000000e+00
2.775000000000000000e+03,1.563772448488390125e+02,1.000000000000000000e+00
2.776000000000000000e+03,1.584879319380589777e+02,1.000000000000000000e+00
2.777000000000000000e+03,1.555140404520834068e+02,1.000000000000000000e+00
2.778000000000000000e+03,1.569083661922435908e+02,1.000000000000000000e+00
2.779000000000000000e+03,1.513737019841041729e+02,1.000000000000000000e+00
2.780000000000000000e+03,1.576009312049983748e+02,1.000000000000000000e+00
2.781000000000000000e+03,1.594672118372937746e+02,1.000000000000000000e+00
2.782000000000000000e+03,1.552190384839159663e+02,1.000000000000000000e+00
2.783000000000000000e+03,1.673556754172404624e+02,1.000000000000000000e+00
2.784000000000000000e+03,1.667458503570460948e+02,1.000000000000000000e+00
2.785000000000000000e+03,1.670516301520532920e+02,1.000000000000000000e+00
2.786000000000000000e+03,1.720453763340689477e+02,1.000000000000000000e+00
2.787000000000000000e+03,1.664239685570841232e+02,1.000000000000000000e+00
2.788000000000000000e+03,1.631859222448351545e+02,1.000000000000000000e+00
2.789000000000000000e+03,1.672357571040545849e+02,1.000000000000000000e+00
2.790000000000000000e+03,1.672380641247497692e+02,1.000000000000000000e+00
2.791000000000000000e+03,1.689097241035705110e+02,1.000000000000000000e+00
2.792000000000000000e+03,1.607882166570117874e+02,1.000000000000000000e+00
2.793000000000000000e+03,1.596509963017456357e+02,1.000000000000000000e+00
2.794000000000000000e+03,1.648977511597922501e+02,1.000000000000000000e+00
2.795000000000000000e+03,1.617958349777154581e+02,1.000000000000000000e+00
2.796000000000000000e+03,1.594185851097297473e+02,1.000000000000000000e+00
2.797000000000000000e+03,1.688937031088782987e+02,1.000000000000000000e+00
2.798000000000000000e+03,1.646752801858844748e+02,1.000000000000000000e+00
2.799000000000000000e+03,1.603911082870380653e+02,1.000000000000000000e+00
2.800000000000000000e+03,1.599755671984574406e+02,1.000000000000000000e+00
2.801000000000000000e+03,1.553521856543461581e+02,1.000000000000000000e+00
2.802000000000000000e+03,1.606713021289379526e+02,1.000000000000000000e+00
2.803000000000000000e+03,1.622254385566629935e+02,1.000000000000000000e+00
2.804000000000000000e+03,1.626588563648534489e+02,1.000000000000000000e+00
2.805000000000000000e+03,1.567374244693199046e+02,1.000000000000000000e+00
2.806000000000000000e+03,1.540143820954468765e+02,1.000000000000000000e+00
2.807000000000000000e+03,1.580780912378828020e+02,1.000000000000000000e+00
2.808000000000000000e+03,1.543816949461354397e+02,1.000000000000000000e+00
2.809000000000000000e+03,1.546763174439806505e+02,1.000000000000000000e+00
2.810000000000000000e+03,1.530993299211658893e+02,1.000000000000000000e+00
2.811000000000000000e+03,1.471074014139693418e+02,1.000000000000000000e+00
2.812000000000000000e+03,1.457601276191467718e+02,1.000000000000000000e+00
2.813000000000000000e+03,1.462489937071777319e+02,1.000000000000000000e+00
2.814000000000000000e+03,1.446779183976779848e+02,1.000000000000000000e+00
2.815000000000000000e+03,1.496509415458185970e+02,1.000000000000000000e+00
2.816000000000000000e+03,1.460127297019806747e+02,1.000000000000000000e+00
2.817000000000000000e+03,1.390185449365601471e+02,1.000000000000000000e+00
2.818000000000000000e+03,1.360944923879596331e+02,1.000000000000000000e+00
2.819000000000000000e+03,1.403458069514051942e+02,1.000000000000000000e+00
2.820000000000000000e+03,1.297655960772383423e+02,1.000000000000000000e+00
2.821000000000000000e+03,1.324448265954316639e+02,1.000000000000000000e+00
2.822000000000000000e+03,1.259883523625975243e+02,1.000000000000000000e+00
2.823000000000000000e+03,1.098288321771859444e+02,1.000000000000000000e+00
2.824000000000000000e+03,1.196283025278905257e+02,1.000000000000000000e+00
2.825000000000000000e+03,1.211354586578519275e+02,1.000000000000000000e+00
2.826000000000000000e+03,1.167323245163763659e+02,1.000000000000000000e+00
2.827000000000000000e+03,1.143055896362414927e+02,1.000000000000000000e+00
2.828000000000000000e+03,1.144233865598046691e+02,1.000000000000000000e+00
2.829000000000000000e+03,1.097422404107513501e+02,1.000000000000000000e+00
2.830000000000000000e+03,1.079238261744145007e+02,0.000000000000000000e+00
2.831000000000000000e+03,1.060436411520225306e+02,0.000000000000000000e+00
2.832000000000000000e+03,1.046798655291517832e+02,0.000000000000000000e+00
2.833000000000000000e+03,1.050056533451324725e+02,0.000000000000000000e+00
2.834000000000000000e+03,9.819595152844111396e+01,0.000000000000000000e+00
2.835000000000000000e+03,1.084124036410591287e+02,0.000000000000000000e+00
2.836000000000000000e+03,9.846130246675151909e+01,0.000000000000000000e+00
2.837000000000000000e+03,1.072214551513333873e+02,0.000000000000000000e+00
2.838000000000000000e+03,9.767569932638670593e+01,0.000000000000000000e+00
2.839000000000000000e+03,1.021154207139612708e+02,0.000000000000000000e+00
2.840000000000000000e+03,1.058581318688771233e+02,0.000000000000000000e+00
2.841000000000000000e+03,1.039061050912951458e+02,0.000000000000000000e+00
2.842000000000000000e+03,1.041292869799624867e+02,0.000000000000000000e+00
2.843000000000000000e+03,1.010138981948078509e+02,0.000000000000000000e+00
2.844000000000000000e+03,1.055018238288516272e+02,0.000000000000000000e+00
2.845000000000000000e+03,1.020210088236789687e+02,0.000000000000000000e+00
2.846000000000000000e+03,9.914085780322471919e+01,0.000000000000000000e+00
2.847000000000000000e+03,1.024412435768401508e+02,0.000000000000000000e+00
2.848000000000000000e+03,1.026443217957997831e+02,0.000000000000000000e+00
2.849000000000000000e+03,1.074639573875784322e+02,0.000000000000000000e+00
2.850000000000000000e+03,1.026413658757910241e+02,0.000000000000000000e+00
2.851000000000000000e+03,1.015650617492502619e+02,0.000000000000000000e+00
2.852000000000000000e+03,1.006344490127398643e+02,0.000000000000000000e+00
2.853000000000000000e+03,9.766520157930514756e+01,0.000000000000000000e+00
2.854000000000000000e+03,1.066669446904329561e+02,0.000000000000000000e+00
2.855000000000000000e+03,1.064658207078581285e+02,0.000000000000000000e+00
2.856000000000000000e+03,9.858545242673754672e+01,0.000000000000000000e+00
2.857000000000000000e+03,9.999885752880598488e+01,0.000000000000000000e+00
2.858000000000000000e+03,1.028439981634698057e+02,0.000000000000000000e+00
2.859000000000000000e+03,1.035005546863162635e+02,0.000000000000000000e+00
2.860000000000000000e+03,1.073837398236144196e+02,0.000000000000000000e+00
2.861000000000000000e+03,9.650299719302819312e+01,0.000000000000000000e+00
2.862000000000000000e+03,9.701162741902848552e+01,0.000000000000000000e+00
2.863000000000000000e+03,1.010636353814923609e+02,0.000000000000000000e+00
2.864000000000000000e+03,9.901374414059581852e+01,0.000000000000000000e+00
2.865000000000000000e+03,1.042066071609373950e+02,0.000000000000000000e+00
2.866000000000000000e+03,9.773324422866743078e+01,0.000000000000000000e+00
2.867000000000000000e+03,9.832002274634255912e+01,0.000000000000000000e+00
2.868000000000000000e+03,1.101367903389994751e+02,0.000000000000000000e+00
2.869000000000000000e+03,1.019862039447486097e+02,0.000000000000000000e+00
2.870000000000000000e+03,9.532563717378531010e+01,0.000000000000000000e+00
2.871000000000000000e+03,9.684138222054173184e+01,0.000000000000000000e+00
2.872000000000000000e+03,9.907340096465432566e+01,0.000000000000000000e+00
2.873000000000000000e+03,9.988662855292109555e+01,0.000000000000000000e+00
2.874000000000000000e+03,1.048058146001097981e+02,0.000000000000000000e+00
2.875000000000000000e+03,1.020261641253913183e+02,0.000000000000000000e+00
2.876000000000000000e+03,9.565215049402367242e+01,0.000000000000000000e+00
2.877000000000000000e+03,9.995770190108777342e+01,0.000000000000000000e+00
2.878000000000000000e+03,9.664492997478119207e+01,0.000000000000000000e+00
2.879000000000000000e+03,1.033105785396815435e+02,0.000000000000000000e+00
2.880000000000000000e+03,1.059706060832268690e+02,0.000000000000000000e+00
2.881000000000000000e+03,1.001275258066443712e+02,0.000000000000000000e+00
2.882000000000000000e+03,9.914655308780817222e+01,0.000000000000000000e+00
2.883000000000000000e+03,1.033469015061753282e+02,0.000000000000000000e+00
2.884000000000000000e+03,1.030139041106536837e+02,0.000000000000000000e+00
2.885000000000000000e+03,9.887987405620647507e+01,0.000000000000000000e+00
2.886000000000000000e+03,9.927913210228325624e+01,0.000000000000000000e+00
2.887000000000000000e+03,9.940713705898556896e+01,0.000000000000000000e+00
2.888000000000000000e+03,1.033908652549957168e+02,0.000000000000000000e+00
2.889000000000000000e+03,1.045168295460228052e+02,0.000000000000000000e+00
2.890000000000000000e+03,1.019183972756016487e+02,0.000000000000000000e+00
2.891000000000000000e+03,9.588856074806948016e+01,0.000000000000000000e+00
2.892000000000000000e+03,9.809751108767898131e+01,0.000000000000000000e+00
2.893000000000000000e+03,1.072263118139474471e+02,0.000000000000000000e+00
2.894000000000000000e+03,1.058036313404281543e+02,0.000000000000000000e+00
2.895000000000000000e+03,1.091413328118635206e+02,0.000000000000000000e+00
2.896000000000000000e+03,1.030656185379501721e+02,0.000000000000000000e+00
2.897000000000000000e+03,9.766610027137831196e+01,0.000000000000000000e+00
2.898000000000000000e+03,1.068040396216159138e+02,0.000000000000000000e+00
2.899000000000000000e+03,1.021669558298082165e+02,0.000000000000000000e+00
2.900000000000000000e+03,1.021063645548475876e+02,0.000000000000000000e+00
2.901000000000000000e+03,1.019726750749060074e+02,0.000000000000000000e+00
2.902000000000000000e+03,9.997062111920533312e+01,0.000000000000000000e+00
2.903000000000000000e+03,9.811238560372261475e+01,0.000000000000000000e+00
2.904000000000000000e+03,1.063007027737650105e+02,0.000000000000000000e+00
2.905000000000000000e+03,1.035318305222373851e+02,0.000000000000000000e+00
2.906000000000000000e+03,9.929292733245721081e+01,0.000000000000000000e+00
2.907000000000000000e+03,9.966505754899655756e+01,0.000000000000000000e+00
2.908000000000000000e+03,9.935554099014453300e+01,0.000000000000000000e+00
2.909000000000000000e+03,9.921697370096315183e+01,0.000000000000000000e+00
2.910000000000000000e+03,9.671234074209026232e+01,0.000000000000000000e+00
2.911000000000000000e+03,1.042554160985691993e+02,0.000000000000000000e+00
2.912000000000000000e+03,1.022200141591955287e+02,0.000000000000000000e+00
2.913000000000000000e+03,1.028420946392123483e+02,0.000000000000000000e+00
2.914000000000000000e+03,9.791559410223669602e+01,0.000000000000000000e+00
2.915000000000000000e+03,1.024493238763594150e+02,0.000000000000000000e+00
2.916000000000000000e+03,1.015713379194737342e+02,0.000000000000000000e+00
2.917000000000000000e+03,9.988391947630229595e+01,0.000000000000000000e+00
2.918000000000000000e+03,9.584845245190140872e+01,0.000000000000000000e+00
2.919000000000000000e+03,1.058489164798549922e+02,0.000000000000000000e+00
2.920000000000000000e+03,1.036107450099207483e+02,0.000000000000000000e+00
2.921000000000000000e+03,1.042292975284728271e+02,0.000000000000000000e+00
2.922000000000000000e+03,1.002230404087443389e+02,0.000000000000000000e+00
2.923000000000000000e+03,1.048766208161764979e+02,0.000000000000000000e+00
2.924000000000000000e+03,9.806624677883901597e+01,0.000000000000000000e+00
2.925000000000000000e+03,1.019722937336302806e+02,0.000000000000000000e+00
2.926000000000000000e+03,1.028367069869791095e+02,0.000000000000000000e+00
2.927000000000000000e+03,1.067057628572170103e+02,0.000000000000000000e+00
2.928000000000000000e+03,1.078561442806040418e+02,0.000000000000000000e+00
2.929000000000000000e+03,9.957200458993936820e+01,0.000000000000000000e+00
2.930000000000000000e+03,9.982834033557845999e+01,0.000000000000000000e+00
2.931000000000000000e+03,9.647914053089928643e+01,0.000000000000000000e+00
2.932000000000000000e+03,1.039689539497677373e+02,0.000000000000000000e+00
2.933000000000000000e+03,1.017007244569119990e+02,0.000000000000000000e+00
2.934000000000000000e+03,1.041508688625916363e+02,0.000000000000000000e+00
2.935000000000000000e+03,1.027727344120070114e+02,0.000000000000000000e+00
2.936000000000000000e+03,1.049635894467466670e+02,0.000000000000000000e+00
2.937000000000000000e+03,1.037347845061805884e+02,0.000000000000000000e+00
2.938000000000000000e+03,9.924068237550955018e+01,0.000000000000000000e+00
2.939000000000000000e+03,1.054511399131577463e+02,0.000000000000000000e+00
2.940000000000000000e+03,1.062829309001426736e+02,0.000000000000000000e+00
2.941000000000000000e+03,1.055135048771018376e+02,0.000000000000000000e+00
2.942000000000000000e+03,9.368660533747419095e+01,0.000000000000000000e+00
2.943000000000000000e+03,1.012797999384829950e+02,0.000000000000000000e+00
2.944000000000000000e+03,1.021778542559437568e+02,0.000000000000000000e+00
2.945000000000000000e+03,9.775791490491609181e+01,0.000000000000000000e+00
2.946000000000000000e+03,9.764397809722643728e+01,0.000000000000000000e+00
2.947000000000000000e+03,9.984883494366395951e+01,0.000000000000000000e+00
2.948000000000000000e+03,1.058770118489073582e+02,0.000000000000000000e+00
2.949000000000000000e+03,9.491850820965598245e+01,0.000000000000000000e+00
2.950000000000000000e+03,1.019965641030022283e+02,0.000000000000000000e+00
2.951000000000000000e+03,1.084547834951228680e+02,0.000000000000000000e+00
2.952000000000000000e+03,1.022228225213069095e+02,0.000000000000000000e+00
2.953000000000000000e+03,1.012929829879411301e+02,0.000000000000000000e+00
2.954000000000000000e+03,1.054491788446258766e+02,0.000000000000000000e+00
2.955000000000000000e+03,9.496505978247822100e+01,0.000000000000000000e+00
2.956000000000000000e+03,9.870743448994954861e+01,0.000000000000000000e+00
2.957000000000000000e+03,9.969865320407119214e+01,0.000000000000000000e+00
2.958000000000000000e+03,9.741034038439022424e+01,0.000000000000000000e+00
2.959000000000000000e+03,1.011781440955026738e+02,0.000000000000000000e+00
2.960000000000000000e+03,9.437431109012931074e+01,0.000000000000000000e+00
2.961000000000000000e+03,1.040198727619266492e+02,0.000000000000000000e+00
2.962000000000000000e+03,1.049181280279238138e+02,0.000000000000000000e+00
2.963000000000000000e+03,1.012043626435971362e+02,0.000000000000000000e+00
2.964000000000000000e+03,1.028284049952205805e+02,0.000000000000000000e+00
2.965000000000000000e+03,1.047781767583791321e+02,0.000000000000000000e+00
2.966000000000000000e+03,1.057365773217756413e+02,0.000000000000000000e+00
2.967000000000000000e+03,1.029817614644910151e+02,0.000000000000000000e+00
2.968000000000000000e+03,9.785057348856392423e+01,0.000000000000000000e+00
2.969000000000000000e+03,9.726297567219717166e+01,0.000000000000000000e+00
2.970000000000000000e+03,9.727065585230135980e+01,0.000000000000000000e+00
2.971000000000000000e+03,1.022374650369530684e+02,0.000000000000000000e+00
2.972000000000000000e+03,1.033921592451380889e+02,0.000000000000000000e+00
2.973000000000000000e+03,9.176856709756455643e+01,0.000000000000000000e+00
2.974000000000000000e+03,9.577387133061641578e+01,0.000000000000000000e+00
2.975000000000000000e+03,1.050447800035115336e+02,0.000000000000000000e+00
2.976000000000000000e+03,1.004082981144606350e+02,0.000000000000000000e+00
2.977000000000000000e+03,9.851990414636712501e+01,0.000000000000000000e+00
2.978000000000000000e+03,1.047465254276989413e+02,0.000000000000000000e+00
2.979000000000000000e+03,9.805536778793758401e+01,0.000000000000000000e+00
2.980000000000000000e+03,1.011221388590504233e+02,0.000000000000000000e+00
2.981000000000000000e+03,1.007379950502414943e+02,0.000000000000000000e+00
2.982000000000000000e+03,1.044979657637384207e+02,0.000000000000000000e+00
2.983000000000000000e+03,9.828677388656014102e+01,0.000000000000000000e+00
2.984000000000000000e+03,1.016432503539651151e+02,0.000000000000000000e+00
2.985000000000000000e+03,1.058069118993057174e+02,0.000000000000000000e+00
2.986000000000000000e+03,9.770250849520911629e+01,0.000000000000000000e+00
2.987000000000000000e+03,1.062562603209607346e+02,0.000000000000000000e+00
2.988000000000000000e+03,1.004312324818985900e+02,0.000000000000000000e+00
2.989000000000000000e+03,1.056262617099972516e+02,0.000000000000000000e+00
2.990000000000000000e+03,1.059794637954854721e+02,0.000000000000000000e+00
2.991000000000000000e+03,1.046330054010109336e+02,0.000000000000000000e+00
2.992000000000000000e+03,1.025598426298233079e+02,0.000000000000000000e+00
2.993000000000000000e+03,1.030166604999361226e+02,0.000000000000000000e+00
2.994000000000000000e+03,1.018137177034489298e+02,0.000000000000000000e+00
2.995000000000000000e+03,1.050304624074248068e+02,0.000000000000000000e+00
2.996000000000000000e+03,1.020012862949246824e+02,0.000000000000000000e+00
2.997000000000000000e+03,1.048818237930339308e+02,0.000000000000000000e+00
2.998000000000000000e+03,9.802860068066578947e+01,0.000000000000000000e+00
2.999000000000000000e+03,1.039588749892839985e+02,0.000000000000000000e+00
3.000000000000000000e+03,1.061891540988016942e+02,0.000000000000000000e+00
3.001000000000000000e+03,9.863224358006704051e+01,0.000000000000000000e+00
3.002000000000000000e+03,1.015239731823567695e+02,0.000000000000000000e+00
3.003000000000000000e+03,1.019893603663501835e+02,0.000000000000000000e+00
3.004000000000000000e+03,1.014287289149628322e+02,0.000000000000000000e+00
3.005000000000000000e+03,9.941728066168941780e+01,0.000000000000000000e+00
3.006000000000000000e+03,9.884445814384302764e+01,0.000000000000000000e+00
3.007000000000000000e+03,1.014644272578681381e+02,0.000000000000000000e+00
3.008000000000000000e+03,1.030016729075385200e+02,0.000000000000000000e+00
3.009000000000000000e+03,9.660223148483335365e+01,0.000000000000000000e+00
3.010000000000000000e+03,9.954782816346707364e+01,0.000000000000000000e+00
3.011000000000000000e+03,9.600058657222420777e+01,0.000000000000000000e+00
3.012000000000000000e+03,9.924649693285034857e+01,0.000000000000000000e+00
3.013000000000000000e+03,1.058694154028324874e+02,0.000000000000000000e+00
3.014000000000000000e+03,9.789807431432146245e+01,0.000000000000000000e+00
3.015000000000000000e+03,1.028285319989545314e+02,0.000000000000000000e+00
3.016000000000000000e+03,9.943532853529922022e+01,0.000000000000000000e+00
3.017000000000000000e+03,9.804336338225117231e+01,0.000000000000000000e+00
3.018000000000000000e+03,1.067342832467970624e+02,0.000000000000000000e+00
3.019000000000000000e+03,1.015515633403403228e+02,0.000000000000000000e+00
3.020000000000000000e+03,9.742513519384260690e+01,0.000000000000000000e+00
3.021000000000000000e+03,1.036474705302596249e+02,0.000000000000000000e+00
3.022000000000000000e+03,1.059187539731509844e+02,0.000000000000000000e+00
3.023000000000000000e+03,1.024486802803668581e+02,0.000000000000000000e+00
3.024000000000000000e+03,1.047273638578919162e+02,0.000000000000000000e+00
3.025000000000000000e+03,9.979358555401634590e+01,0.000000000000000000e+00
3.026000000000000000e+03,1.065260744100811934e+02,0.000000000000000000e+00
3.027000000000000000e+03,1.020912977587553740e+02,0.000000000000000000e+00
3.028000000000000000e+03,9.677711935494539830e+01,0.000000000000000000e+00
3.029000000000000000e+03,1.055054495124436471e+02,0.000000000000000000e+00
3.030000000000000000e+03,1.056040663105364672e+02,0.000000000000000000e+00
3.031000000000000000e+03,9.992712804287269535e+01,0.000000000000000000e+00
3.032000000000000000e+03,9.678417948230783452e+01,0.000000000000000000e+00
3.033000000000000000e+03,9.942413974442364122e+01,0.000000000000000000e+00
3.034000000000000000e+03,1.021254098847941520e+02,0.000000000000000000e+00
3.035000000000000000e+03,1.026584620976474582e+02,0.000000000000000000e+00
3.036000000000000000e+03,1.000759557836034901e+02,0.000000000000000000e+00
3.037000000000000000e+03,1.060513786640318443e+02,0.000000000000000000e+00
3.038000000000000000e+03,1.015356490542037164e+02,0.000000000000000000e+00
3.039000000000000000e+03,9.914838407938012210e+01,0.000000000000000000e+00
3.040000000000000000e+03,1.064454480295378573e+02,0.000000000000000000e+00
3.041000000000000000e+03,1.046163922004045759e+02,0.000000000000000000e+00
3.042000000000000000e+03,1.010016909800842200e+02,0.000000000000000000e+00
3.043000000000000000e+03,1.013621860780765331e+02,0.000000000000000000e+00
3.044000000000000000e+03,9.789817801580299772e+01,0.000000000000000000e+00
3.045000000000000000e+03,1.021987977515255892e+02,0.000000000000000000e+00
3.046000000000000000e+03,9.906182567878632028e+01,0.000000000000000000e+00
3.047000000000000000e+03,9.859930945678357261e+01,0.000000000000000000e+00
3.048000000000000000e+03,1.035511604031111972e+02,0.000000000000000000e+00
3.049000000000000000e+03,1.019560645228498146e+02,0.000000000000000000e+00
3.050000000000000000e+03,1.004266977367193476e+02,0.000000000000000000e+00
3.051000000000000000e+03,9.727579656067823066e+01,0.000000000000000000e+00
3.052000000000000000e+03,1.010356211933431752e+02,0.000000000000000000e+00
3.053000000000000000e+03,9.907075735895570290e+01,0.000000000000000000e+00
3.054000000000000000e+03,1.037986310803923828e+02,0.000000000000000000e+00
3.055000000000000000e+03,9.817948817571658537e+01,0.000000000000000000e+00
3.056000000000000000e+03,1.017699543213643381e+02,0.000000000000000000e+00
3.057000000000000000e+03,9.522021456776440118e+01,0.000000000000000000e+00
3.058000000000000000e+03,1.019219660940797780e+02,0.000000000000000000e+00
3.059000000000000000e+03,9.835439426984322608e+01,0.000000000000000000e+00
3.060000000000000000e+03,1.029882466252750106e+02,0.000000000000000000e+00
3.061000000000000000e+03,9.951675649909437027e+01,0.000000000000000000e+00
3.062000000000000000e+03,9.804279733684001030e+01,0.000000000000000000e+00
3.063000000000000000e+03,1.021840649988802454e+02,0.000000000000000000e+00
3.064000000000000000e+03,9.890750604950541458e+01,0.000000000000000000e+00
3.065000000000000000e+03,1.025487886173751377e+02,0.000000000000000000e+00
3.066000000000000000e+03,1.017431829953995930e+02,0.000000000000000000e+00
3.067000000000000000e+03,1.030028968551422253e+02,0.000000000000000000e+00
3.068000000000000000e+03,9.786606038583532552e+01,0.000000000000000000e+00
3.069000000000000000e+03,1.027953550759657446e+02,0.000000000000000000e+00
3.070000000000000000e+03,9.925476913365511678e+01,0.000000000000000000e+00
3.071000000000000000e+03,1.041207737374953979e+02,0.000000000000000000e+00
3.072000000000000000e+03,1.057772939277450490e+02,0.000000000000000000e+00
3.073000000000000000e+03,1.050222511604680733e+02,0.000000000000000000e+00
3.074000000000000000e+03,1.052327542368143440e+02,0.000000000000000000e+00
3.075000000000000000e+03,1.072099053429128901e+02,0.000000000000000000e+00
3.076000000000000000e+03,1.044683652164127494e+02,0.000000000000000000e+00
3.077000000000000000e+03,9.648826545016453338e+01,0.000000000000000000e+00
3.078000000000000000e+03,1.050007053184441475e+02,0.000000000000000000e+00
3.079000000000000000e+03,1.002250861725212445e+02,0.000000000000000000e+00
3.080000000000000000e+03,1.057433535430800049e+02,0.000000000000000000e+00
3.081000000000000000e+03,9.981759073403470950e+01,0.000000000000000000e+00
3.082000000000000000e+03,1.005293943478605883e+02,0.000000000000000000e+00
3.083000000000000000e+03,9.869180617535666045e+01,0.000000000000000000e+00
3.084000000000000000e+03,9.947578885158557682e+01,0.000000000000000000e+00
3.085000000000000000e+03,1.004388905652166954e+02,0.000000000000000000e+00
3.086000000000000000e+03,9.774733310890601956e+01,0.000000000000000000e+00
3.087000000000000000e+03,1.059424609094789531e+02,0.000000000000000000e+00
3.088000000000000000e+03,1.013893047908227771e+02,0.000000000000000000e+00
3.089000000000000000e+03,1.027162382821980913e+02,0.000000000000000000e+00
3.090000000000000000e+03,1.023281200829590318e+02,0.000000000000000000e+00
3.091000000000000000e+03,1.074042816042304054e+02,0.000000000000000000e+00
3.092000000000000000e+03,9.585277635944443375e+01,0.000000000000000000e+00
3.093000000000000000e+03,1.008221092001274144e+02,0.000000000000000000e+00
3.094000000000000000e+03,1.041184258434101650e+02,0.000000000000000000e+00
3.095000000000000000e+03,9.293268190211583146e+01,0.000000000000000000e+00
3.096000000000000000e+03,1.025179868349532626e+02,0.000000000000000000e+00
3.097000000000000000e+03,9.940855344815641104e+01,0.000000000000000000e+00
3.098000000000000000e+03,9.795332466334038202e+01,0.000000000000000000e+00
3.099000000000000000e+03,1.053141283717786933e+02,0.000000000000000000e+00
3.100000000000000000e+03,9.381218530743717565e+01,0.000000000000000000e+00
3.101000000000000000e+03,9.880300120317320989e+01,0.000000000000000000e+00
3.102000000000000000e+03,1.030585272577454958e+02,0.000000000000000000e+00
3.103000000000000000e+03,1.030752624616458633e+02,0.000000000000000000e+00
3.104000000000000000e+03,1.002587605745802506e+02,0.000000000000000000e+00
3.105000000000000000e+03,9.999521524644717374e+01,0.000000000000000000e+00
3.106000000000000000e+03,1.062267611881924836e+02,0.000000000000000000e+00
3.107000000000000000e+03,1.015794396815279299e+02,0.000000000000000000e+00
3.108000000000000000e+03,9.548537504271325815e+01,0.000000000000000000e+00
3.109000000000000000e+03,9.548094923077448470e+01,0.000000000000000000e+00
3.110000000000000000e+03,9.704872604685247950e+01,0.000000000000000000e+00
3.111000000000000000e+03,9.421341641115169807e+01,0.000000000000000000e+00
3.112000000000000000e+03,1.049366490510113863e+02,0.000000000000000000e+00
3.113000000000000000e+03,1.023226849492205730e+02,0.000000000000000000e+00
3.114000000000000000e+03,1.075924359754426547e+02,0.000000000000000000e+00
3.115000000000000000e+03,9.588571935849536487e+01,0.000000000000000000e+00
3.116000000000000000e+03,9.526353755997480732e+01,0.000000000000000000e+00
3.117000000000000000e+03,1.035835088167419116e+02,0.000000000000000000e+00
3.118000000000000000e+03,9.707276859232392496e+01,0.000000000000000000e+00
3.119000000000000000e+03,1.083236049387936220e+02,0.000000000000000000e+00
3.120000000000000000e+03,1.021775427872214266e+02,0.000000000000000000e+00
3.121000000000000000e+03,1.022548322220609833e+02,0.000000000000000000e+00
3.122000000000000000e+03,1.005976593375880555e+02,0.000000000000000000e+00
3.123000000000000000e+03,9.655785892654991187e+01,0.000000000000000000e+00
3.124000000000000000e+03,1.048095777948069269e+02,0.000000000000000000e+00
3.125000000000000000e+03,1.009236302677897896e+02,0.000000000000000000e+00
3.126000000000000000e+03,1.022641024936394132e+02,0.000000000000000000e+00
3.127000000000000000e+03,1.105963816735101659e+02,0.000000000000000000e+00
3.128000000000000000e+03,9.848493606032903358e+01,0.000000000000000000e+00
3.129000000000000000e+03,9.947327423694730442e+01,0.000000000000000000e+00
3.130000000000000000e+03,1.041900431174771455e+02,0.000000000000000000e+00
3.131000000000000000e+03,1.055354338557259837e+02,0.000000000000000000e+00
3.132000000000000000e+03,1.013715397835570116e+02,0.000000000000000000e+00
3.133000000000000000e+03,1.072289463665649691e+02,0.000000000000000000e+00
3.134000000000000000e+03,1.028721928568855901e+02,0.000000000000000000e+00
3.135000000000000000e+03,1.038809287866050823e+02,0.000000000000000000e+00
3.136000000000000000e+03,1.112538241046973440e+02,0.000000000000000000e+00
3.137000000000000000e+03,1.048005910102318410e+02,0.000000000000000000e+00
3.138000000000000000e+03,9.872326085945429952e+01,0.000000000000000000e+00
3.139000000000000000e+03,1.020448073061979954e+02,0.000000000000000000e+00
3.140000000000000000e+03,1.048429181392726974e+02,0.000000000000000000e+00
3.141000000000000000e+03,1.064590740725138858e+02,0.000000000000000000e+00
3.142000000000000000e+03,1.018470655975175987e+02,0.000000000000000000e+00
3.143000000000000000e+03,1.095455198774955647e+02,0.000000000000000000e+00
3.144000000000000000e+03,9.873886831380139029e+01,0.000000000000000000e+00
3.145000000000000000e+03,9.434663225034800860e+01,0.000000000000000000e+00
3.146000000000000000e+03,1.038521294651862092e+02,0.000000000000000000e+00
3.147000000000000000e+03,9.721818600735478810e+01,0.000000000000000000e+00
3.148000000000000000e+03,1.058046459067990384e+02,0.000000000000000000e+00
3.149000000000000000e+03,9.261940391622476909e+01,0.000000000000000000e+00
3.150000000000000000e+03,9.770226014148636295e+01,0.000000000000000000e+00
3.151000000000000000e+03,9.669870668946987280e+01,0.000000000000000000e+00
3.152000000000000000e+03,1.051477533146333201e+02,0.000000000000000000e+00
3.153000000000000000e+03,9.960111332758192759e+01,0.000000000000000000e+00
3.154000000000000000e+03,9.801427497234803354e+01,0.000000000000000000e+00
3.155000000000000000e+03,1.058905187529302481e+02,0.000000000000000000e+00
3.156000000000000000e+03,1.029666716433452507e+02,0.000000000000000000e+00
3.157000000000000000e+03,1.027463909216525195e+02,0.000000000000000000e+00
3.158000000000000000e+03,9.974409534055773463e+01,0.000000000000000000e+00
3.159000000000000000e+03,1.006345851916818361e+02,0.000000000000000000e+00
3.160000000000000000e+03,1.030954767911483430e+02,0.000000000000000000e+00
3.161000000000000000e+03,9.536708713869059295e+01,0.000000000000000000e+00
3.162000000000000000e+03,1.047673402182286253e+02,0.000000000000000000e+00
3.163000000000000000e+03,1.060296817355029333e+02,0.000000000000000000e+00
3.164000000000000000e+03,1.017178528450716755e+02,0.000000000000000000e+00
3.165000000000000000e+03,1.060147977043573349e+02,0.000000000000000000e+00
3.166000000000000000e+03,1.004168012504927532e+02,0.000000000000000000e+00
3.167000000000000000e+03,1.051077344339145725e+02,0.000000000000000000e+00
3.168000000000000000e+03,1.019569956446235608e+02,0.000000000000000000e+00
3.169000000000000000e+03,1.027859170337272730e+02,0.000000000000000000e+00
3.170000000000000000e+03,1.018713551373396768e+02,0.000000000000000000e+00
3.171000000000000000e+03,1.064258048934484435e+02,0.000000000000000000e+00
3.172000000000000000e+03,1.064257130353875738e+02,0.000000000000000000e+00
3.173000000000000000e+03,9.759213973143886278e+01,0.000000000000000000e+00
3.174000000000000000e+03,1.010265577600855380e+02,0.000000000000000000e+00
3.175000000000000000e+03,9.866848425961916291e+01,0.000000000000000000e+00
3.176000000000000000e+03,1.018135386465383903e+02,0.000000000000000000e+00
3.177000000000000000e+03,1.046693141443252415e+02,0.000000000000000000e+00
3.178000000000000000e+03,1.026189371809473982e+02,0.000000000000000000e+00
3.179000000000000000e+03,1.049714507423073258e+02,0.000000000000000000e+00
3.180000000000000000e+03,1.029925497667589269e+02,0.000000000000000000e+00
3.181000000000000000e+03,1.043390687826392167e+02,0.000000000000000000e+00
3.182000000000000000e+03,9.516498185065653104e+01,0.000000000000000000e+00
3.183000000000000000e+03,1.059123892932004480e+02,0.000000000000000000e+00
3.184000000000000000e+03,9.976823716663187724e+01,0.000000000000000000e+00
3.185000000000000000e+03,1.030554350818356681e+02,0.000000000000000000e+00
3.186000000000000000e+03,1.020649864473733146e+02,0.000000000000000000e+00
3.187000000000000000e+03,9.923079572284675010e+01,0.000000000000000000e+00
3.188000000000000000e+03,9.945654860099564587e+01,0.000000000000000000e+00
3.189000000000000000e+03,1.011585839748317994e+02,0.000000000000000000e+00
3.190000000000000000e+03,9.862838723023700993e+01,0.000000000000000000e+00
3.191000000000000000e+03,1.088555070425986315e+02,0.000000000000000000e+00
3.192000000000000000e+03,9.650981417118701700e+01,0.000000000000000000e+00
3.193000000000000000e+03,1.020195871872467990e+02,0.000000000000000000e+00
3.194000000000000000e+03,1.001022205833776155e+02,0.000000000000000000e+00
3.195000000000000000e+03,9.625318516311726569e+01,0.000000000000000000e+00
3.196000000000000000e+03,1.022622370980349160e+02,0.000000000000000000e+00
3.197000000000000000e+03,1.057969720669034501e+02,0.000000000000000000e+00
3.198000000000000000e+03,1.000886953840129365e+02,0.000000000000000000e+00
3.199000000000000000e+03,1.009151973808383644e+02,0.000000000000000000e+00
3.200000000000000000e+03,1.000026372678474615e+02,0.000000000000000000e+00
3.201000000000000000e+03,1.044675002446404051e+02,0.000000000000000000e+00
3.202000000000000000e+03,1.058018421953716910e+02,0.000000000000000000e+00
3.203000000000000000e+03,9.648919741703824116e+01,0.000000000000000000e+00
3.204000000000000000e+03,9.879403124027608385e+01,0.000000000000000000e+00
3.205000000000000000e+03,9.708202444592600955e+01,0.000000000000000000e+00
3.206000000000000000e+03,1.005045705004558840e+02,0.000000000000000000e+00
3.207000000000000000e+03,1.066838160214150406e+02,0.000000000000000000e+00
3.208000000000000000e+03,1.047820773067406748e+02,0.000000000000000000e+00
3.209000000000000000e+03,1.019456806006502347e+02,0.000000000000000000e+00
3.210000000000000000e+03,1.011303184975651135e+02,0.000000000000000000e+00
3.211000000000000000e+03,9.588264399150091322e+01,0.000000000000000000e+00
3.212000000000000000e+03,1.031381059708646433e+02,0.000000000000000000e+00
3.213000000000000000e+03,1.014796926293552843e+02,0.000000000000000000e+00
3.214000000000000000e+03,1.065818165351709439e+02,0.000000000000000000e+00
3.215000000000000000e+03,9.435425914827692395e+01,0.000000000000000000e+00
3.216000000000000000e+03,1.022057606584993863e+02,0.000000000000000000e+00
3.217000000000000000e+03,1.024915452805094986e+02,0.000000000000000000e+00
3.218000000000000000e+03,9.235980236015114997e+01,0.000000000000000000e+00
3.219000000000000000e+03,1.035180494420110051e+02,0.000000000000000000e+00
3.220000000000000000e+03,1.012546860312003218e+02,0.000000000000000000e+00
3.221000000000000000e+03,9.735510489472744666e+01,0.000000000000000000e+00
3.222000000000000000e+03,1.018149456392696521e+02,0.000000000000000000e+00
3.223000000000000000e+03,1.053345818542461672e+02,0.000000000000000000e+00
3.224000000000000000e+03,1.039007411790891240e+02,0.000000000000000000e+00
3.225000000000000000e+03,1.088216824734125652e+02,0.000000000000000000e+00
3.226000000000000000e+03,1.044648098064730988e+02,0.000000000000000000e+00
3.227000000000000000e+03,9.999793839239789861e+01,0.000000000000000000e+00
3.228000000000000000e+03,9.829834693078521468e+01,0.000000000000000000e+00
3.229000000000000000e+03,1.011517737386415519e+02,0.000000000000000000e+00
3.230000000000000000e+03,1.025650042947511196e+02,0.000000000000000000e+00
3.231000000000000000e+03,1.029018228124999013e+02,0.000000000000000000e+00
3.232000000000000000e+03,1.045442060154631463e+02,0.000000000000000000e+00
3.233000000000000000e+03,1.038603847856483071e+02,0.000000000000000000e+00
3.234000000000000000e+03,1.065976692689373095e+02,0.000000000000000000e+00
3.235000000000000000e+03,9.696225701673266428e+01,0.000000000000000000e+00
3.236000000000000000e+03,9.908795707160145128e+01,0.000000000000000000e+00
3.237000000000000000e+03,9.909522742398053197e+01,0.000000000000000000e+00
3.238000000000000000e+03,1.063236312261766727e+02,0.000000000000000000e+00
3.239000000000000000e+03,1.024304181593249439e+02,0.000000000000000000e+00
3.240000000000000000e+03,1.018770540400755635e+02,0.000000000000000000e+00
3.241000000000000000e+03,1.021029349080570938e+02,0.000000000000000000e+00
3.242000000000000000e+03,1.043117123406732532e+02,0.000000000000000000e+00
3.243000000000000000e+03,9.432458462306004776e+01,0.000000000000000000e+00
3.244000000000000000e+03,1.062220580104340968e+02,0.000000000000000000e+00
3.245000000000000000e+03,1.023444446022234047e+02,0.000000000000000000e+00
3.246000000000000000e+03,1.059526857567039144e+02,0.000000000000000000e+00
3.247000000000000000e+03,1.058372541349860398e+02,0.000000000000000000e+00
3.248000000000000000e+03,9.701950613607908736e+01,0.000000000000000000e+00
3.249000000000000000e+03,9.984679344331061657e+01,0.000000000000000000e+00
3.250000000000000000e+03,1.058986713189594298e+02,0.000000000000000000e+00
3.251000000000000000e+03,9.654128116680396943e+01,0.000000000000000000e+00
3.252000000000000000e+03,9.944267681354799038e+01,0.000000000000000000e+00
3.253000000000000000e+03,9.663948795944288861e+01,0.000000000000000000e+00
3.254000000000000000e+03,9.813239511976819074e+01,0.000000000000000000e+00
3.255000000000000000e+03,1.026869476424684535e+02,0.000000000000000000e+00
3.256000000000000000e+03,1.015280303155112449e+02,0.000000000000000000e+00
3.257000000000000000e+03,1.022575791975526158e+02,0.000000000000000000e+00
3.258000000000000000e+03,1.082785828235052179e+02,0.000000000000000000e+00
3.259000000000000000e+03,9.903806082167645286e+01,0.000000000000000000e+00
3.260000000000000000e+03,1.033895926395518927e+02,0.000000000000000000e+00
3.261000000000000000e+03,9.842506803650162794e+01,0.000000000000000000e+00
3.262000000000000000e+03,1.014316247761136225e+02,0.000000000000000000e+00
3.263000000000000000e+03,1.051384009548251157e+02,0.000000000000000000e+00
3.264000000000000000e+03,1.020081263716577951e+02,0.000000000000000000e+00
3.265000000000000000e+03,9.846345247121239197e+01,0.000000000000000000e+00
3.266000000000000000e+03,9.183459582393561504e+01,0.000000000000000000e+00
3.267000000000000000e+03,1.015140345029456626e+02,0.000000000000000000e+00
3.268000000000000000e+03,9.863662573057803229e+01,0.000000000000000000e+00
3.269000000000000000e+03,1.012578794030134333e+02,0.000000000000000000e+00
3.270000000000000000e+03,1.019962404836511212e+02,0.000000000000000000e+00
3.271000000000000000e+03,1.057777356580326540e+02,0.000000000000000000e+00
3.272000000000000000e+03,1.095737577941692678e+02,0.000000000000000000e+00
3.273000000000000000e+03,1.044532739156750978e+02,0.000000000000000000e+00
3.274000000000000000e+03,1.056990511024887667e+02,0.000000000000000000e+00
3.275000000000000000e+03,1.028088029190735426e+02,0.000000000000000000e+00
3.276000000000000000e+03,9.988639478724792298e+01,0.000000000000000000e+00
3.277000000000000000e+03,9.508812919128460805e+01,0.000000000000000000e+00
3.278000000000000000e+03,1.013197962273989390e+02,0.000000000000000000e+00
3.279000000000000000e+03,1.006163463057700653e+02,0.000000000000000000e+00
3.280000000000000000e+03,1.065778159819764142e+02,0.000000000000000000e+00
3.281000000000000000e+03,1.004681178746305932e+02,0.000000000000000000e+00
3.282000000000000000e+03,1.036717198336981909e+02,0.000000000000000000e+00
3.283000000000000000e+03,1.003655488032757717e+02,0.000000000000000000e+00
3.284000000000000000e+03,1.069499279112729937e+02,0.000000000000000000e+00
3.285000000000000000e+03,9.750851780616773112e+01,0.000000000000000000e+00
3.286000000000000000e+03,1.014773193051735944e+02,0.000000000000000000e+00
3.287000000000000000e+03,1.028297707016972851e+02,0.000000000000000000e+00
3.288000000000000000e+03,9.178769216894400529e+01,0.000000000000000000e+00
3.289000000000000000e+03,9.980385978649432843e+01,0.000000000000000000e+00
3.290000000000000000e+03,1.062247193803714254e+02,0.000000000000000000e+00
3.291000000000000000e+03,1.007552785453587916e+02,0.000000000000000000e+00
3.292000000000000000e+03,9.753001091688126678e+01,0.000000000000000000e+00
3.293000000000000000e+03,9.197393866700207354e+01,0.000000000000000000e+00
3.294000000000000000e+03,1.008660552023226558e+02,0.000000000000000000e+00
3.295000000000000000e+03,1.026851263673361814e+02,0.000000000000000000e+00
3.296000000000000000e+03,9.509228597642149339e+01,0.000000000000000000e+00
3.297000000000000000e+03,1.018069091197830716e+02,0.000000000000000000e+00
3.298000000000000000e+03,1.037338983994959278e+02,0.000000000000000000e+00
3.299000000000000000e+03,1.041908673340966232e+02,0.000000000000000000e+00
3.300000000000000000e+03,1.034299568692934344e+02,0.000000000000000000e+00
3.301000000000000000e+03,1.036698262118927119e+02,0.000000000000000000e+00
3.302000000000000000e+03,9.871564888187229769e+01,0.000000000000000000e+00
3.303000000000000000e+03,1.023523360606115489e+02,0.000000000000000000e+00
3.304000000000000000e+03,1.007335048383264962e+02,0.000000000000000000e+00
3.305000000000000000e+03,1.005773610232790958e+02,0.000000000000000000e+00
3.306000000000000000e+03,9.836945517122806848e+01,0.000000000000000000e+00
3.307000000000000000e+03,9.985375362897038087e+01,0.000000000000000000e+00
3.308000000000000000e+03,1.018763180330436739e+02,0.000000000000000000e+00
3.309000000000000000e+03,1.048450077729589651e+02,0.000000000000000000e+00
3.310000000000000000e+03,1.047118705702194603e+02,0.000000000000000000e+00
3.311000000000000000e+03,1.006831215456949735e+02,0.000000000000000000e+00
3.312000000000000000e+03,9.676179487127359380e+01,0.000000000000000000e+00
3.313000000000000000e+03,1.005046744979285336e+02,0.000000000000000000e+00
3.314000000000000000e+03,1.029010332020394287e+02,0.000000000000000000e+00
3.315000000000000000e+03,1.023420722960115654e+02,0.000000000000000000e+00
3.316000000000000000e+03,1.068864392367809444e+02,0.000000000000000000e+00
3.317000000000000000e+03,1.012776131576602126e+02,0.000000000000000000e+00
3.318000000000000000e+03,1.050295822522791127e+02,0.000000000000000000e+00
3.319000000000000000e+03,1.009560671372451424e+02,0.000000000000000000e+00
3.320000000000000000e+03,9.418377241770232899e+01,0.000000000000000000e+00
3.321000000000000000e+03,9.638821788532254686e+01,0.000000000000000000e+00
3.322000000000000000e+03,1.094350098489164793e+02,0.000000000000000000e+00
3.323000000000000000e+03,1.064480601926013179e+02,0.000000000000000000e+00
3.324000000000000000e+03,9.693545828062346459e+01,0.000000000000000000e+00
3.325000000000000000e+03,9.707544512571074335e+01,0.000000000000000000e+00
3.326000000000000000e+03,1.035056835868753495e+02,0.000000000000000000e+00
3.327000000000000000e+03,1.032475236354897703e+02,0.000000000000000000e+00
3.328000000000000000e+03,1.040025497540990784e+02,0.000000000000000000e+00
3.329000000000000000e+03,9.228977210494672079e+01,0.000000000000000000e+00
3.330000000000000000e+03,9.971218092128343358e+01,0.000000000000000000e+00
3.331000000000000000e+03,1.067245730904677572e+02,0.000000000000000000e+00
3.332000000000000000e+03,9.699977569147800693e+01,0.000000000000000000e+00
3.333000000000000000e+03,1.050820249959526080e+02,0.000000000000000000e+00
3.334000000000000000e+03,9.987237455993823687e+01,0.000000000000000000e+00
3.335000000000000000e+03,9.703955606788883870e+01,0.000000000000000000e+00
3.336000000000000000e+03,1.048365809241608986e+02,0.000000000000000000e+00
3.337000000000000000e+03,1.057245127420835047e+02,0.000000000000000000e+00
3.338000000000000000e+03,1.029413020553606799e+02,0.000000000000000000e+00
3.339000000000000000e+03,9.771091253734088866e+01,0.000000000000000000e+00
3.340000000000000000e+03,1.020100562307919603e+02,0.000000000000000000e+00
3.341000000000000000e+03,9.661655190701408458e+01,0.000000000000000000e+00
3.342000000000000000e+03,9.518178310277325238e+01,0.000000000000000000e+00
3.343000000000000000e+03,9.916365993558315495e+01,0.000000000000000000e+00
3.344000000000000000e+03,1.029382793014253252e+02,0.000000000000000000e+00
3.345000000000000000e+03,1.040255217168072619e+02,0.000000000000000000e+00
3.346000000000000000e+03,1.005120322742538832e+02,0.000000000000000000e+00
3.347000000000000000e+03,1.044168879178306213e+02,0.000000000000000000e+00
3.348000000000000000e+03,1.052993010277038906e+02,0.000000000000000000e+00
3.349000000000000000e+03,1.017198087306795031e+02,0.000000000000000000e+00
3.350000000000000000e+03,9.598542679162966351e+01,0.000000000000000000e+00
3.351000000000000000e+03,1.075761042628555657e+02,0.000000000000000000e+00
3.352000000000000000e+03,9.812338552704771644e+01,0.000000000000000000e+00
3.353000000000000000e+03,1.020080139581888261e+02,0.000000000000000000e+00
3.354000000000000000e+03,1.075495721698234490e+02,0.000000000000000000e+00
3.355000000000000000e+03,1.054283608616391064e+02,0.000000000000000000e+00
3.356000000000000000e+03,1.058477916375204018e+02,0.000000000000000000e+00
3.357000000000000000e+03,1.010399944513235226e+02,0.000000000000000000e+00
3.358000000000000000e+03,1.042782633824130158e+02,0.000000000000000000e+00
3.359000000000000000e+03,9.961848021399407571e+01,0.000000000000000000e+00
3.360000000000000000e+03,1.015106936966330267e+02,0.000000000000000000e+00
3.361000000000000000e+03,1.056928885701343575e+02,0.000000000000000000e+00
3.362000000000000000e+03,1.032319298304607713e+02,0.000000000000000000e+00
3.363000000000000000e+03,9.819865955094371657e+01,0.000000000000000000e+00
3.364000000000000000e+03,1.067647718233282035e+02,0.000000000000000000e+00
3.365000000000000000e+03,9.553401814246508650e+01,0.000000000000000000e+00
3.366000000000000000e+03,1.087379314379499533e+02,0.000000000000000000e+00
3.367000000000000000e+03,1.040325213489833658e+02,0.000000000000000000e+00
3.368000000000000000e+03,9.998657493652000028e+01,0.000000000000000000e+00
3.369000000000000000e+03,1.016824681291819559e+02,0.000000000000000000e+00
3.370000000000000000e+03,1.012850381054388578e+02,0.000000000000000000e+00
3.371000000000000000e+03,1.001145100894712670e+02,0.000000000000000000e+00
3.372000000000000000e+03,9.937063520899378943e+01,0.000000000000000000e+00
3.373000000000000000e+03,9.972704384972102787e+01,0.000000000000000000e+00
3.374000000000000000e+03,9.972400273266032400e+01,0.000000000000000000e+00
3.375000000000000000e+03,9.787937290632629583e+01,0.000000000000000000e+00
3.376000000000000000e+03,1.018525740671948085e+02,0.000000000000000000e+00
3.377000000000000000e+03,1.009622526200439978e+02,0.000000000000000000e+00
3.378000000000000000e+03,9.800478692941851477e+01,0.000000000000000000e+00
3.379000000000000000e+03,9.718037242356969330e+01,0.000000000000000000e+00
3.380000000000000000e+03,9.757914008813921214e+01,0.000000000000000000e+00
3.381000000000000000e+03,1.059570294843324234e+02,0.000000000000000000e+00
3.382000000000000000e+03,9.956095890171708618e+01,0.000000000000000000e+00
3.383000000000000000e+03,9.242921926254980747e+01,0.000000000000000000e+00
3.384000000000000000e+03,9.971278188811974985e+01,0.000000000000000000e+00
3.385000000000000000e+03,1.022653569061277636e+02,0.000000000000000000e+00
3.386000000000000000e+03,9.854260661772367769e+01,0.000000000000000000e+00
3.387000000000000000e+03,1.019212551696575986e+02,0.000000000000000000e+00
3.388000000000000000e+03,9.943548558269864657e+01,0.000000000000000000e+00
3.389000000000000000e+03,1.022850439047061997e+02,0.000000000000000000e+00
3.390000000000000000e+03,1.048914596408648094e+02,0.000000000000000000e+00
3.391000000000000000e+03,1.040541840883714713e+02,0.000000000000000000e+00
3.392000000000000000e+03,9.793906198006878583e+01,0.000000000000000000e+00
3.393000000000000000e+03,9.883809675198587286e+01,0.000000000000000000e+00
3.394000000000000000e+03,1.050255947367216152e+02,0.000000000000000000e+00
3.395000000000000000e+03,9.911481706833589556e+01,0.000000000000000000e+00
3.396000000000000000e+03,1.039242307077296630e+02,0.000000000000000000e+00
3.397000000000000000e+03,1.097653761906726544e+02,0.000000000000000000e+00
3.398000000000000000e+03,1.036508811991285768e+02,0.000000000000000000e+00
3.399000000000000000e+03,1.047066651292303021e+02,0.000000000000000000e+00
3.400000000000000000e+03,9.529763019808366664e+01,0.000000000000000000e+00
3.401000000000000000e+03,9.819266996085238475e+01,0.000000000000000000e+00
3.402000000000000000e+03,1.055858679122905812e+02,0.000000000000000000e+00
3.403000000000000000e+03,1.010994463690658165e+02,0.000000000000000000e+00
3.404000000000000000e+03,1.050166679437574118e+02,0.000000000000000000e+00
3.405000000000000000e+03,9.958564701758756144e+01,0.000000000000000000e+00
3.406000000000000000e+03,1.022276909688545317e+02,0.000000000000000000e+00
3.407000000000000000e+03,9.007290316161346766e+01,0.000000000000000000e+00
3.408000000000000000e+03,9.556953423245022350e+01,0.000000000000000000e+00
3.409000000000000000e+03,1.006638249219284234e+02,0.000000000000000000e+00
3.410000000000000000e+03,1.043589159956712251e+02,0.000000000000000000e+00
3.411000000000000000e+03,1.044353886789878914e+02,0.000000000000000000e+00
3.412000000000000000e+03,1.053024054705938539e+02,0.000000000000000000e+00
3.413000000000000000e+03,1.069727487092875151e+02,0.000000000000000000e+00
3.414000000000000000e+03,9.904200912977515259e+01,0.000000000000000000e+00
3.415000000000000000e+03,1.015382119361779587e+02,0.000000000000000000e+00
3.416000000000000000e+03,9.778637305203500318e+01,0.000000000000000000e+00
3.417000000000000000e+03,1.019395991839956253e+02,0.000000000000000000e+00
3.418000000000000000e+03,1.008488344882663057e+02,0.000000000000000000e+00
3.419000000000000000e+03,9.492089412811529314e+01,0.000000000000000000e+00
3.420000000000000000e+03,9.793567321531341463e+01,0.000000000000000000e+00
3.421000000000000000e+03,9.535520667858386901e+01,0.000000000000000000e+00
3.422000000000000000e+03,9.573036108676542710e+01,0.000000000000000000e+00
3.423000000000000000e+03,1.023859513786925675e+02,0.000000000000000000e+00
3.424000000000000000e+03,9.880110389789459191e+01,0.000000000000000000e+00
3.425000000000000000e+03,1.042358119319294900e+02,0.000000000000000000e+00
3.426000000000000000e+03,1.074495829698629024e+02,0.000000000000000000e+00
3.427000000000000000e+03,1.053435283384854131e+02,0.000000000000000000e+00
3.428000000000000000e+03,1.018592383344491310e+02,0.000000000000000000e+00
3.429000000000000000e+03,1.108250357736537950e+02,0.000000000000000000e+00
3.430000000000000000e+03,1.027471804455402236e+02,0.000000000000000000e+00
3.431000000000000000e+03,1.025292134491079992e+02,0.000000000000000000e+00
3.432000000000000000e+03,1.035285466229595954e+02,0.000000000000000000e+00
3.433000000000000000e+03,9.928654405545519523e+01,0.000000000000000000e+00
3.434000000000000000e+03,1.019957609812894219e+02,0.000000000000000000e+00
3.435000000000000000e+03,9.675834901427741386e+01,0.000000000000000000e+00
3.436000000000000000e+03,9.905190258127773006e+01,0.000000000000000000e+00
3.437000000000000000e+03,9.540190962736316749e+01,0.000000000000000000e+00
3.438000000000000000e+03,1.015794546923081185e+02,0.000000000000000000e+00
3.439000000000000000e+03,9.960246022192802684e+01,0.000000000000000000e+00
3.440000000000000000e+03,1.006199508622962639e+02,0.000000000000000000e+00
3.441000000000000000e+03,1.031686218361992786e+02,0.000000000000000000e+00
3.442000000000000000e+03,1.003395251349237185e+02,0.000000000000000000e+00
3.443000000000000000e+03,1.041746516170205865e+02,0.000000000000000000e+00
3.444000000000000000e+03,9.861695284660822836e+01,0.000000000000000000e+00
3.445000000000000000e+03,9.932512690213451378e+01,0.000000000000000000e+00
3.446000000000000000e+03,9.471390725367818675e+01,0.000000000000000000e+00
3.447000000000000000e+03,1.024882768761425496e+02,0.000000000000000000e+00
3.448000000000000000e+03,1.020364993760635599e+02,0.000000000000000000e+00
3.449000000000000000e+03,1.058041554074883379e+02,0.000000000000000000e+00
3.450000000000000000e+03,9.750816872764202969e+01,0.000000000000000000e+00
3.451000000000000000e+03,1.005282154682410578e+02,0.000000000000000000e+00
3.452000000000000000e+03,9.664112369983838846e+01,0.000000000000000000e+00
3.453000000000000000e+03,1.012292455544822474e+02,0.000000000000000000e+00
3.454000000000000000e+03,1.047971716772617441e+02,0.000000000000000000e+00
3.455000000000000000e+03,1.008511848622313920e+02,0.000000000000000000e+00
3.456000000000000000e+03,9.958745873447301733e+01,0.000000000000000000e+00
3.457000000000000000e+03,1.032933908305929407e+02,0.000000000000000000e+00
3.458000000000000000e+03,1.033472812219879557e+02,0.000000000000000000e+00
3.459000000000000000e+03,9.803022664989619273e+01,0.000000000000000000e+00
3.460000000000000000e+03,9.663916889289863832e+01,0.000000000000000000e+00
3.461000000000000000e+03,1.025132052931005688e+02,0.000000000000000000e+00
3.462000000000000000e+03,9.960213155072982261e+01,0.000000000000000000e+00
3.463000000000000000e+03,1.034701700797875361e+02,0.000000000000000000e+00
3.464000000000000000e+03,1.063732117746750561e+02,0.000000000000000000e+00
3.465000000000000000e+03,1.016839513272296784e+02,0.000000000000000000e+00
3.466000000000000000e+03,9.506085065767649667e+01,0.000000000000000000e+00
3.467000000000000000e+03,1.046936129641928090e+02,0.000000000000000000e+00
3.468000000000000000e+03,9.854268865736617045e+01,0.000000000000000000e+00
3.469000000000000000e+03,1.031213290809205034e+02,0.000000000000000000e+00
3.470000000000000000e+03,1.061250819696165024e+02,0.000000000000000000e+00
3.471000000000000000e+03,9.748767846340786036e+01,0.000000000000000000e+00
3.472000000000000000e+03,1.063350435183736806e+02,0.000000000000000000e+00
3.473000000000000000e+03,9.789635305994229952e+01,0.000000000000000000e+00
3.474000000000000000e+03,1.033847189302394156e+02,0.000000000000000000e+00
3.475000000000000000e+03,1.032149978492373350e+02,0.000000000000000000e+00
3.476000000000000000e+03,9.750721564907972549e+01,0.000000000000000000e+00
3.477000000000000000e+03,1.057292096940038562e+02,0.000000000000000000e+00
3.478000000000000000e+03,1.016344205201054933e+02,0.000000000000000000e+00
3.479000000000000000e+03,1.015524659408368819e+02,0.000000000000000000e+00
3.480000000000000000e+03,9.970994094159225085e+01,0.000000000000000000e+00
3.481000000000000000e+03,1.011485496011577254e+02,0.000000000000000000e+00
3.482000000000000000e+03,1.068285530887537078e+02,0.000000000000000000e+00
3.483000000000000000e+03,9.632462658344495310e+01,0.000000000000000000e+00
3.484000000000000000e+03,1.025910087100013470e+02,0.000000000000000000e+00
3.485000000000000000e+03,1.084574466071981078e+02,0.000000000000000000e+00
3.486000000000000000e+03,1.040669458607648039e+02,0.000000000000000000e+00
3.487000000000000000e+03,1.017903328104958973e+02,0.000000000000000000e+00
3.488000000000000000e+03,1.002474418027665877e+02,0.000000000000000000e+00
3.489000000000000000e+03,1.047486905934852928e+02,0.000000000000000000e+00
3.490000000000000000e+03,9.945074272556819039e+01,0.000000000000000000e+00
3.491000000000000000e+03,1.017122655589881788e+02,0.000000000000000000e+00
3.492000000000000000e+03,9.706777316236448883e+01,0.000000000000000000e+00
3.493000000000000000e+03,9.890246842465832344e+01,0.000000000000000000e+00
3.494000000000000000e+03,9.815139317996693080e+01,0.000000000000000000e+00
3.495000000000000000e+03,1.019163846115049239e+02,0.000000000000000000e+00
3.496000000000000000e+03,9.742275921296112529e+01,0.000000000000000000e+00
3.497000000000000000e+03,1.098449536047344424e+02,0.000000000000000000e+00
3.498000000000000000e+03,9.522022114678192395e+01,0.000000000000000000e+00
3.499000000000000000e+03,9.965608177661852096e+01,0.000000000000000000e+00
3.500000000000000000e+03,9.912503595034010573e+01,0.000000000000000000e+00
3.501000000000000000e+03,1.038864746446537026e+02,0.000000000000000000e+00
3.502000000000000000e+03,1.032891315254262565e+02,0.000000000000000000e+00
3.503000000000000000e+03,9.823585157434463611e+01,0.000000000000000000e+00
3.504000000000000000e+03,1.000214486833706360e+02,0.000000000000000000e+00
3.505000000000000000e+03,9.426453279510856476e+01,0.000000000000000000e+00
3.506000000000000000e+03,9.902974458577401151e+01,0.000000000000000000e+00
3.507000000000000000e+03,9.625931576938903333e+01,0.000000000000000000e+00
3.508000000000000000e+03,1.022564830249429946e+02,0.000000000000000000e+00
3.509000000000000000e+03,1.079467897697434466e+02,0.000000000000000000e+00
3.510000000000000000e+03,1.023668114259597530e+02,0.000000000000000000e+00
3.511000000000000000e+03,1.018941823794906014e+02,0.000000000000000000e+00
3.512000000000000000e+03,9.759277938561834276e+01,0.000000000000000000e+00
3.513000000000000000e+03,1.046610492716251457e+02,0.000000000000000000e+00
3.514000000000000000e+03,9.507892363469143504e+01,0.000000000000000000e+00
3.515000000000000000e+03,1.014060457427166710e+02,0.000000000000000000e+00
3.516000000000000000e+03,9.918373550657568671e+01,0.000000000000000000e+00
3.517000000000000000e+03,9.946099467838703845e+01,0.000000000000000000e+00
3.518000000000000000e+03,9.968451969533442991e+01,0.000000000000000000e+00
3.519000000000000000e+03,9.939499423688988600e+01,0.000000000000000000e+00
3.520000000000000000e+03,1.009671845015528646e+02,0.000000000000000000e+00
3.521000000000000000e+03,1.012781310564976138e+02,0.000000000000000000e+00
3.522000000000000000e+03,9.726112868340793227e+01,0.000000000000000000e+00
3.523000000000000000e+03,1.041384936941558266e+02,0.000000000000000000e+00
3.524000000000000000e+03,1.039518566156473298e+02,0.000000000000000000e+00
3.525000000000000000e+03,1.050328696431430586e+02,0.000000000000000000e+00
3.526000000000000000e+03,1.061144914430690989e+02,0.000000000000000000e+00
3.527000000000000000e+03,9.812814034383053752e+01,0.000000000000000000e+00
3.528000000000000000e+03,9.858434009403410414e+01,0.000000000000000000e+00
3.529000000000000000e+03,1.025859321767589734e+02,0.000000000000000000e+00
3.530000000000000000e+03,1.004118272024810068e+02,0.000000000000000000e+00
3.531000000000000000e+03,9.920406964649693293e+01,0.000000000000000000e+00
3.532000000000000000e+03,1.011675278599439878e+02,0.000000000000000000e+00
3.533000000000000000e+03,9.392678126122882531e+01,0.000000000000000000e+00
3.534000000000000000e+03,1.005661409730807350e+02,0.000000000000000000e+00
3.535000000000000000e+03,1.041608989251154469e+02,0.000000000000000000e+00
3.536000000000000000e+03,9.845458370438012707e+01,0.000000000000000000e+00
3.537000000000000000e+03,9.696650179402773517e+01,0.000000000000000000e+00
3.538000000000000000e+03,1.016021739231469212e+02,0.000000000000000000e+00
3.539000000000000000e+03,1.038234282417458161e+02,0.000000000000000000e+00
3.540000000000000000e+03,9.929815404435089476e+01,0.000000000000000000e+00
3.541000000000000000e+03,1.059460855853451875e+02,0.000000000000000000e+00
3.542000000000000000e+03,1.030520087163789071e+02,0.000000000000000000e+00
3.543000000000000000e+03,9.936378126285410417e+01,0.000000000000000000e+00
3.544000000000000000e+03,1.050204159090494045e+02,0.000000000000000000e+00
3.545000000000000000e+03,1.018525754474996745e+02,0.000000000000000000e+00
3.546000000000000000e+03,9.485436818995192709e+01,0.000000000000000000e+00
3.547000000000000000e+03,1.021288454210938283e+02,0.000000000000000000e+00
3.548000000000000000e+03,9.738656221273252811e+01,0.000000000000000000e+00
3.549000000000000000e+03,1.051678633461787058e+02,0.000000000000000000e+00
3.550000000000000000e+03,1.000789806225618008e+02,0.000000000000000000e+00
3.551000000000000000e+03,1.016216317535524922e+02,0.000000000000000000e+00
3.552000000000000000e+03,9.816167702538261608e+01,0.000000000000000000e+00
3.553000000000000000e+03,9.168593875135613303e+01,0.000000000000000000e+00
3.554000000000000000e+03,9.827796078735994456e+01,0.000000000000000000e+00
3.555000000000000000e+03,1.058902104514521056e+02,0.000000000000000000e+00
3.556000000000000000e+03,1.044169019731204173e+02,0.000000000000000000e+00
3.557000000000000000e+03,1.023650425499304362e+02,0.000000000000000000e+00
3.558000000000000000e+03,1.079561493182731340e+02,0.000000000000000000e+00
3.559000000000000000e+03,9.508487958333671486e+01,0.000000000000000000e+00
3.560000000000000000e+03,1.055047085487733227e+02,0.000000000000000000e+00
3.561000000000000000e+03,1.034274126294903198e+02,0.000000000000000000e+00
3.562000000000000000e+03,1.032695227167519647e+02,0.000000000000000000e+00
3.563000000000000000e+03,1.052155276566495559e+02,0.000000000000000000e+00
3.564000000000000000e+03,9.724953268564581776e+01,0.000000000000000000e+00
3.565000000000000000e+03,1.036176585246614934e+02,0.000000000000000000e+00
3.566000000000000000e+03,1.006026851510425644e+02,0.000000000000000000e+00
3.567000000000000000e+03,1.027242122610056896e+02,0.000000000000000000e+00
3.568000000000000000e+03,1.027952342570803381e+02,0.000000000000000000e+00
3.569000000000000000e+03,9.870813003086938409e+01,0.000000000000000000e+00
3.570000000000000000e+03,9.814719930466728215e+01,0.000000000000000000e+00
3.571000000000000000e+03,1.002928998681392017e+02,0.000000000000000000e+00
3.572000000000000000e+03,9.847510718964819887e+01,0.000000000000000000e+00
3.573000000000000000e+03,1.003762123930909809e+02,0.000000000000000000e+00
3.574000000000000000e+03,1.003510351225016706e+02,0.000000000000000000e+00
3.575000000000000000e+03,9.509732942700009062e+01,0.000000000000000000e+00
3.576000000000000000e+03,1.027253532827030256e+02,0.000000000000000000e+00
3.577000000000000000e+03,9.910683820748029405e+01,0.000000000000000000e+00
3.578000000000000000e+03,9.818069461451986513e+01,0.000000000000000000e+00
3.579000000000000000e+03,1.030000208099021535e+02,0.000000000000000000e+00
3.580000000000000000e+03,9.842488339639635342e+01,0.000000000000000000e+00
3.581000000000000000e+03,1.009380350305901430e+02,0.000000000000000000e+00
3.582000000000000000e+03,1.019215539624988764e+02,0.000000000000000000e+00
3.583000000000000000e+03,1.088160108327701607e+02,0.000000000000000000e+00
3.584000000000000000e+03,1.064652292172378765e+02,0.000000000000000000e+00
3.585000000000000000e+03,1.026110442824421227e+02,0.000000000000000000e+00
3.586000000000000000e+03,1.005352680310224827e+02,0.000000000000000000e+00
3.587000000000000000e+03,9.996300145778833723e+01,0.000000000000000000e+00
3.588000000000000000e+03,1.004649069220011626e+02,0.000000000000000000e+00
3.589000000000000000e+03,1.045814187374672031e+02,0.000000000000000000e+00
3.590000000000000000e+03,1.062823202676540575e+02,0.000000000000000000e+00
3.591000000000000000e+03,9.814480057678744629e+01,0.000000000000000000e+00
3.592000000000000000e+03,1.072976226449915202e+02,0.000000000000000000e+00
3.593000000000000000e+03,9.985197048273658993e+01,0.000000000000000000e+00
3.594000000000000000e+03,1.022603982606418214e+02,0.000000000000000000e+00
3.595000000000000000e+03,1.022560121771691826e+02,0.000000000000000000e+00
3.596000000000000000e+03,1.092781045533068891e+02,0.000000000000000000e+00
3.597000000000000000e+03,1.059484828071055915e+02,0.000000000000000000e+00
3.598000000000000000e+03,9.782377871231123834e+01,0.000000000000000000e+00
3.599000000000000000e+03,1.004823373620292983e+02,0.000000000000000000e+00
3.600000000000000000e+03,9.911752453954208875e+01,0.000000000000000000e+00
3.601000000000000000e+03,9.819992550079564353e+01,0.000000000000000000e+00
3.602000000000000000e+03,9.680675652321616553e+01,0.000000000000000000e+00
3.603000000000000000e+03,1.021564877613693767e+02,0.000000000000000000e+00
3.604000000000000000e+03,9.880971799724562743e+01,0.000000000000000000e+00
3.605000000000000000e+03,9.692478823985197778e+01,0.000000000000000000e+00
3.606000000000000000e+03,1.017754985580599509e+02,0.000000000000000000e+00
3.607000000000000000e+03,1.013776586796346635e+02,0.000000000000000000e+00
3.608000000000000000e+03,1.011899733599167917e+02,0.000000000000000000e+00
3.609000000000000000e+03,1.028772625270804753e+02,0.000000000000000000e+00
3.610000000000000000e+03,9.550862050958039617e+01,0.000000000000000000e+00
3.611000000000000000e+03,1.068452219252719573e+02,0.000000000000000000e+00
3.612000000000000000e+03,1.043959303926766609e+02,0.000000000000000000e+00
3.613000000000000000e+03,1.023618070477489681e+02,0.000000000000000000e+00
3.614000000000000000e+03,1.010578002158183182e+02,0.000000000000000000e+00
3.615000000000000000e+03,9.895107621107143814e+01,0.000000000000000000e+00
3.616000000000000000e+03,9.717760394645846134e+01,0.000000000000000000e+00
3.617000000000000000e+03,9.831297778655167008e+01,0.000000000000000000e+00
3.618000000000000000e+03,9.755546376982321988e+01,0.000000000000000000e+00
3.619000000000000000e+03,1.006225280635364072e+02,0.000000000000000000e+00
3.620000000000000000e+03,9.975584737327848472e+01,0.000000000000000000e+00
3.621000000000000000e+03,1.004513788269818093e+02,0.000000000000000000e+00
3.622000000000000000e+03,1.016379109861825754e+02,0.000000000000000000e+00
3.623000000000000000e+03,1.056458861341316293e+02,0.000000000000000000e+00
3.624000000000000000e+03,1.065303471394500718e+02,0.000000000000000000e+00
3.625000000000000000e+03,9.660099528993964668e+01,0.000000000000000000e+00
3.626000000000000000e+03,9.837447869509524878e+01,0.000000000000000000e+00
3.627000000000000000e+03,9.914220982357188916e+01,0.000000000000000000e+00
3.628000000000000000e+03,9.747527857536073270e+01,0.000000000000000000e+00
3.629000000000000000e+03,1.033415892673780689e+02,0.000000000000000000e+00
3.630000000000000000e+03,1.034732373998389932e+02,0.000000000000000000e+00
3.631000000000000000e+03,9.971971602855317940e+01,0.000000000000000000e+00
3.632000000000000000e+03,1.021446714930682305e+02,0.000000000000000000e+00
3.633000000000000000e+03,9.846137902337648029e+01,0.000000000000000000e+00
3.634000000000000000e+03,9.269194938469505018e+01,0.000000000000000000e+00
3.635000000000000000e+03,1.024230918977760183e+02,0.000000000000000000e+00
3.636000000000000000e+03,1.020725593564189921e+02,0.000000000000000000e+00
3.637000000000000000e+03,1.002260910378664960e+02,0.000000000000000000e+00
3.638000000000000000e+03,9.853990736384889715e+01,0.000000000000000000e+00
3.639000000000000000e+03,1.026657875608175061e+02,0.000000000000000000e+00
3.640000000000000000e+03,1.030218098542454044e+02,0.000000000000000000e+00
3.641000000000000000e+03,9.979398686605112800e+01,0.000000000000000000e+00
3.642000000000000000e+03,1.022683414584726620e+02,0.000000000000000000e+00
3.643000000000000000e+03,1.101989140245529484e+02,0.000000000000000000e+00
3.644000000000000000e+03,1.008191046206854793e+02,0.000000000000000000e+00
3.645000000000000000e+03,1.041103398874506496e+02,0.000000000000000000e+00
3.646000000000000000e+03,9.839512443701337929e+01,0.000000000000000000e+00
3.647000000000000000e+03,1.024527741983449687e+02,0.000000000000000000e+00
3.648000000000000000e+03,1.077330441457853851e+02,0.000000000000000000e+00
3.649000000000000000e+03,9.728150505253654501e+01,0.000000000000000000e+00
3.650000000000000000e+03,9.837094256353428534e+01,0.000000000000000000e+00
3.651000000000000000e+03,1.000575624830563726e+02,0.000000000000000000e+00
3.652000000000000000e+03,1.035748604019247665e+02,0.000000000000000000e+00
3.653000000000000000e+03,1.005621443059705058e+02,0.000000000000000000e+00
3.654000000000000000e+03,1.031453662959686994e+02,0.000000000000000000e+00
3.655000000000000000e+03,1.028677455471253381e+02,0.000000000000000000e+00
3.656000000000000000e+03,1.039794235639106148e+02,0.000000000000000000e+00
3.657000000000000000e+03,1.009071389341630720e+02,0.000000000000000000e+00
3.658000000000000000e+03,1.037234416994720192e+02,0.000000000000000000e+00
3.659000000000000000e+03,1.010642352814152645e+02,0.000000000000000000e+00
3.660000000000000000e+03,1.017637498927642241e+02,0.000000000000000000e+00
3.661000000000000000e+03,9.942051119372992218e+01,0.000000000000000000e+00
3.662000000000000000e+03,1.022498793917603450e+02,0.000000000000000000e+00
3.663000000000000000e+03,1.005214034509541108e+02,0.000000000000000000e+00
3.664000000000000000e+03,1.023566085035118078e+02,0.000000000000000000e+00
3.665000000000000000e+03,9.742029574585910723e+01,0.000000000000000000e+00
3.666000000000000000e+03,1.015724998890294160e+02,0.000000000000000000e+00
3.667000000000000000e+03,1.016858463070626613e+02,0.000000000000000000e+00
3.668000000000000000e+03,1.019281779975681275e+02,0.000000000000000000e+00
3.669000000000000000e+03,1.009409417835330345e+02,0.000000000000000000e+00
3.670000000000000000e+03,1.042509787586019883e+02,0.000000000000000000e+00
3.671000000000000000e+03,9.679667543484997339e+01,0.000000000000000000e+00
3.672000000000000000e+03,1.028601252796396182e+02,0.000000000000000000e+00
3.673000000000000000e+03,9.860442980504795685e+01,0.000000000000000000e+00
3.674000000000000000e+03,1.014892800004011661e+02,0.000000000000000000e+00
3.675000000000000000e+03,1.034469554455579043e+02,0.000000000000000000e+00
3.676000000000000000e+03,1.020051288221398806e+02,0.000000000000000000e+00
3.677000000000000000e+03,1.027342648691360836e+02,0.000000000000000000e+00
3.678000000000000000e+03,1.011988780669496037e+02,0.000000000000000000e+00
3.679000000000000000e+03,1.062371344643773625e+02,0.000000000000000000e+00
3.680000000000000000e+03,1.036372977547890173e+02,0.000000000000000000e+00
3.681000000000000000e+03,1.039174197928996790e+02,0.000000000000000000e+00
3.682000000000000000e+03,1.026230055833851935e+02,0.000000000000000000e+00
3.683000000000000000e+03,1.031420460139821813e+02,0.000000000000000000e+00
3.684000000000000000e+03,1.051186562743302204e+02,0.000000000000000000e+00
3.685000000000000000e+03,1.080699642860243017e+02,0.000000000000000000e+00
3.686000000000000000e+03,9.714827640709953016e+01,0.000000000000000000e+00
3.687000000000000000e+03,9.895142682914161014e+01,0.000000000000000000e+00
3.688000000000000000e+03,1.080791829250327254e+02,0.000000000000000000e+00
3.689000000000000000e+03,9.883983331060508704e+01,0.000000000000000000e+00
3.690000000000000000e+03,1.018498011923344393e+02,0.000000000000000000e+00
3.691000000000000000e+03,1.061241829985251144e+02,0.000000000000000000e+00
3.692000000000000000e+03,1.036164201627381800e+02,0.000000000000000000e+00
3.693000000000000000e+03,1.027033953451427379e+02,0.000000000000000000e+00
3.694000000000000000e+03,9.619145748915593686e+01,0.000000000000000000e+00
3.695000000000000000e+03,1.033182384469710087e+02,0.000000000000000000e+00
3.696000000000000000e+03,9.894550323398333092e+01,0.000000000000000000e+00
3.697000000000000000e+03,1.040900625449631605e+02,0.000000000000000000e+00
3.698000000000000000e+03,1.016585847366563655e+02,0.000000000000000000e+00
3.699000000000000000e+03,1.022234480251989766e+02,0.000000000000000000e+00
3.700000000000000000e+03,9.506370213055846818e+01,0.000000000000000000e+00
3.701000000000000000e+03,9.384348639750673726e+01,0.000000000000000000e+00
3.702000000000000000e+03,1.073081914367108425e+02,0.000000000000000000e+00
3.703000000000000000e+03,1.058358083873771704e+02,0.000000000000000000e+00
3.704000000000000000e+03,1.001637388612083015e+02,0.000000000000000000e+00
3.705000000000000000e+03,9.981279087498046465e+01,0.000000000000000000e+00
3.706000000000000000e+03,1.053268689280090911e+02,0.000000000000000000e+00
3.707000000000000000e+03,9.953613088294976308e+01,0.000000000000000000e+00
3.708000000000000000e+03,9.642561768473154871e+01,0.000000000000000000e+00
3.709000000000000000e+03,1.018658589567291983e+02,0.000000000000000000e+00
3.710000000000000000e+03,9.114523556613077915e+01,0.000000000000000000e+00
3.711000000000000000e+03,1.016404643163684227e+02,0.000000000000000000e+00
3.712000000000000000e+03,1.051295592093143938e+02,0.000000000000000000e+00
3.713000000000000000e+03,1.014757670996218906e+02,0.000000000000000000e+00
3.714000000000000000e+03,1.046145500772800574e+02,0.000000000000000000e+00
3.715000000000000000e+03,1.050992220728163602e+02,0.000000000000000000e+00
3.716000000000000000e+03,1.017758310168807299e+02,0.000000000000000000e+00
3.717000000000000000e+03,1.036227000912631269e+02,0.000000000000000000e+00
3.718000000000000000e+03,9.887987755570163984e+01,0.000000000000000000e+00
3.719000000000000000e+03,9.955307975345996852e+01,0.000000000000000000e+00
3.720000000000000000e+03,1.027600217343563003e+02,0.000000000000000000e+00
3.721000000000000000e+03,9.839900739537789320e+01,0.000000000000000000e+00
3.722000000000000000e+03,1.024730659898919356e+02,0.000000000000000000e+00
3.723000000000000000e+03,1.046434456661273202e+02,0.000000000000000000e+00
3.724000000000000000e+03,9.310661363699283299e+01,0.000000000000000000e+00
3.725000000000000000e+03,1.017957494353924659e+02,0.000000000000000000e+00
3.726000000000000000e+03,9.655984804138016386e+01,0.000000000000000000e+00
3.727000000000000000e+03,9.731912282455988361e+01,0.000000000000000000e+00
3.728000000000000000e+03,9.662844822806738421e+01,0.000000000000000000e+00
3.729000000000000000e+03,1.047893747827716453e+02,0.000000000000000000e+00
3.730000000000000000e+03,9.816222353860133865e+01,0.000000000000000000e+00
3.731000000000000000e+03,1.065590959130740742e+02,0.000000000000000000e+00
3.732000000000000000e+03,9.762554886386431008e+01,0.000000000000000000e+00
3.733000000000000000e+03,1.012800165753001664e+02,0.000000000000000000e+00
3.734000000000000000e+03,9.858913235557824351e+01,0.000000000000000000e+00
3.735000000000000000e+03,9.758486367808102102e+01,0.000000000000000000e+00
3.736000000000000000e+03,1.068027006635476823e+02,0.000000000000000000e+00
3.737000000000000000e+03,1.035626273852813597e+02,0.000000000000000000e+00
3.738000000000000000e+03,1.053964506902098037e+02,0.000000000000000000e+00
3.739000000000000000e+03,9.681030331094862618e+01,0.000000000000000000e+00
3.740000000000000000e+03,1.056748974272481263e+02,0.000000000000000000e+00
3.741000000000000000e+03,1.000190626083512200e+02,0.000000000000000000e+00
3.742000000000000000e+03,1.058487987859519279e+02,0.000000000000000000e+00
3.743000000000000000e+03,1.032047631096577334e+02,0.000000000000000000e+00
3.744000000000000000e+03,1.033509966764209196e+02,0.000000000000000000e+00
3.745000000000000000e+03,9.940791761910195135e+01,0.000000000000000000e+00
3.746000000000000000e+03,1.037892713518146905e+02,0.000000000000000000e+00
3.747000000000000000e+03,1.033443213227857598e+02,0.000000000000000000e+00
3.748000000000000000e+03,1.026200931056938970e+02,0.000000000000000000e+00
3.749000000000000000e+03,1.075419899057113327e+02,0.000000000000000000e+00
3.750000000000000000e+03,1.013482955387710689e+02,0.000000000000000000e+00
3.751000000000000000e+03,1.078058489713455401e+02,0.000000000000000000e+00
3.752000000000000000e+03,9.500468129304989873e+01,0.000000000000000000e+00
3.753000000000000000e+03,1.058345750168384996e+02,0.000000000000000000e+00
3.754000000000000000e+03,1.023206086423220000e+02,0.000000000000000000e+00
3.755000000000000000e+03,1.049324435079401496e+02,0.000000000000000000e+00
3.756000000000000000e+03,1.004502248329554135e+02,0.000000000000000000e+00
3.757000000000000000e+03,9.807969772306798006e+01,0.000000000000000000e+00
3.758000000000000000e+03,1.034034660515633561e+02,0.000000000000000000e+00
3.759000000000000000e+03,1.049602581909744003e+02,0.000000000000000000e+00
3.760000000000000000e+03,1.028781373648532167e+02,0.000000000000000000e+00
3.761000000000000000e+03,9.610647467127884624e+01,0.000000000000000000e+00
3.762000000000000000e+03,9.725600317065143940e+01,0.000000000000000000e+00
3.763000000000000000e+03,9.806583809577045940e+01,0.000000000000000000e+00
3.764000000000000000e+03,1.053935023655455439e+02,0.000000000000000000e+00
3.765000000000000000e+03,1.065641673832075895e+02,0.000000000000000000e+00
3.766000000000000000e+03,9.957141134716459874e+01,0.000000000000000000e+00
3.767000000000000000e+03,1.012552948313141314e+02,0.000000000000000000e+00
3.768000000000000000e+03,9.645617910145237772e+01,0.000000000000000000e+00
3.769000000000000000e+03,1.042101769728389087e+02,0.000000000000000000e+00
3.770000000000000000e+03,1.044668697904544814e+02,0.000000000000000000e+00
3.771000000000000000e+03,1.029227148151278755e+02,0.000000000000000000e+00
3.772000000000000000e+03,1.029366495429579800e+02,0.000000000000000000e+00
3.773000000000000000e+03,1.036093795135306408e+02,0.000000000000000000e+00
3.774000000000000000e+03,1.002113024099293455e+02,0.000000000000000000e+00
3.775000000000000000e+03,1.098603749412745003e+02,0.000000000000000000e+00
3.776000000000000000e+03,1.065890667013445352e+02,0.000000000000000000e+00
3.777000000000000000e+03,9.824800080970632621e+01,0.000000000000000000e+00
3.778000000000000000e+03,9.595719116896400180e+01,0.000000000000000000e+00
3.779000000000000000e+03,1.027408571858924233e+02,0.000000000000000000e+00
3.780000000000000000e+03,1.034884383813650288e+02,0.000000000000000000e+00
3.781000000000000000e+03,1.015251277316402110e+02,0.000000000000000000e+00
3.782000000000000000e+03,9.862254332029135639e+01,0.000000000000000000e+00
3.783000000000000000e+03,9.687085480298085827e+01,0.000000000000000000e+00
3.784000000000000000e+03,9.905958902436829305e+01,0.000000000000000000e+00
3.785000000000000000e+03,9.522799952422575132e+01,0.000000000000000000e+00
3.786000000000000000e+03,9.768600191736426552e+01,0.000000000000000000e+00
3.787000000000000000e+03,1.023868113229657695e+02,0.000000000000000000e+00
3.788000000000000000e+03,1.048893526001962755e+02,0.000000000000000000e+00
3.789000000000000000e+03,1.060056294187723154e+02,0.000000000000000000e+00
3.790000000000000000e+03,1.021726664968460909e+02,0.000000000000000000e+00
3.791000000000000000e+03,9.507472229301501443e+01,0.000000000000000000e+00
3.792000000000000000e+03,9.554815394871999956e+01,0.000000000000000000e+00
3.793000000000000000e+03,1.049300779050092700e+02,0.000000000000000000e+00
3.794000000000000000e+03,9.613072183588677433e+01,0.000000000000000000e+00
3.795000000000000000e+03,1.021751698323038653e+02,0.000000000000000000e+00
3.796000000000000000e+03,1.065086006131925274e+02,0.000000000000000000e+00
3.797000000000000000e+03,1.047086940896941485e+02,0.000000000000000000e+00
3.798000000000000000e+03,1.014958510128868880e+02,0.000000000000000000e+00
3.799000000000000000e+03,9.427958365525594786e+01,0.000000000000000000e+00
3.800000000000000000e+03,9.873902330689573148e+01,0.000000000000000000e+00
3.801000000000000000e+03,9.434737811058666068e+01,0.000000000000000000e+00
3.802000000000000000e+03,9.992534977300242360e+01,0.000000000000000000e+00
3.803000000000000000e+03,9.844331975974527893e+01,0.000000000000000000e+00
3.804000000000000000e+03,1.007363037861249779e+02,0.000000000000000000e+00
3.805000000000000000e+03,1.041191551764797936e+02,0.000000000000000000e+00
3.806000000000000000e+03,1.043580950993212042e+02,0.000000000000000000e+00
3.807000000000000000e+03,1.052083579439753720e+02,0.000000000000000000e+00
3.808000000000000000e+03,1.073370091982318684e+02,0.000000000000000000e+00
3.809000000000000000e+03,1.026755833810179723e+02,0.000000000000000000e+00
3.810000000000000000e+03,1.036514583076448304e+02,0.000000000000000000e+00
3.811000000000000000e+03,9.998416164065292833e+01,0.000000000000000000e+00
3.812000000000000000e+03,1.024720021009621718e+02,0.000000000000000000e+00
3.813000000000000000e+03,9.980977018949556623e+01,0.000000000000000000e+00
3.814000000000000000e+03,9.588781106540237431e+01,0.000000000000000000e+00
3.815000000000000000e+03,9.457509608240650323e+01,0.000000000000000000e+00
3.816000000000000000e+03,1.017721227694630528e+02,0.000000000000000000e+00
3.817000000000000000e+03,9.855161297677118171e+01,0.000000000000000000e+00
3.818000000000000000e+03,9.991084722478633751e+01,0.000000000000000000e+00
3.819000000000000000e+03,1.031755807148271771e+02,0.000000000000000000e+00
3.820000000000000000e+03,1.031944426594868531e+02,0.000000000000000000e+00
3.821000000000000000e+03,9.545468084131849196e+01,0.000000000000000000e+00
3.822000000000000000e+03,9.515803404458840475e+01,0.000000000000000000e+00
3.823000000000000000e+03,1.011580808177461961e+02,0.000000000000000000e+00
3.824000000000000000e+03,9.375303869493805564e+01,0.000000000000000000e+00
3.825000000000000000e+03,1.041021263616801207e+02,0.000000000000000000e+00
3.826000000000000000e+03,1.001010201417623620e+02,0.000000000000000000e+00
3.827000000000000000e+03,1.028504316253016952e+02,0.000000000000000000e+00
3.828000000000000000e+03,1.022673855542184498e+02,0.000000000000000000e+00
3.829000000000000000e+03,1.030854510470763046e+02,0.000000000000000000e+00
3.830000000000000000e+03,1.037890762998766689e+02,0.000000000000000000e+00
3.831000000000000000e+03,9.959541213400487436e+01,0.000000000000000000e+00
3.832000000000000000e+03,1.036796615208238279e+02,0.000000000000000000e+00
3.833000000000000000e+03,1.008077651693493948e+02,0.000000000000000000e+00
3.834000000000000000e+03,1.039612465371773169e+02,0.000000000000000000e+00
3.835000000000000000e+03,1.044175631736497962e+02,0.000000000000000000e+00
3.836000000000000000e+03,9.984900586929616395e+01,0.000000000000000000e+00
3.837000000000000000e+03,1.004073282786851138e+02,0.000000000000000000e+00
3.838000000000000000e+03,1.026413201902743850e+02,0.000000000000000000e+00
3.839000000000000000e+03,1.031889916528495519e+02,0.000000000000000000e+00
3.840000000000000000e+03,9.847232873735120506e+01,0.000000000000000000e+00
3.841000000000000000e+03,1.033744526755093318e+02,0.000000000000000000e+00
3.842000000000000000e+03,1.031383232027054078e+02,0.000000000000000000e+00
3.843000000000000000e+03,1.059927689836233782e+02,0.000000000000000000e+00
3.844000000000000000e+03,9.761646348300057241e+01,0.000000000000000000e+00
3.845000000000000000e+03,1.047237691885221835e+02,0.000000000000000000e+00
3.846000000000000000e+03,1.061569242947412164e+02,0.000000000000000000e+00
3.847000000000000000e+03,1.059425203777168321e+02,0.000000000000000000e+00
3.848000000000000000e+03,9.562398443207023035e+01,0.000000000000000000e+00
3.849000000000000000e+03,9.442328786983277666e+01,0.000000000000000000e+00
3.850000000000000000e+03,9.843921616347847703e+01,0.000000000000000000e+00
3.851000000000000000e+03,1.073449747109263797e+02,0.000000000000000000e+00
3.852000000000000000e+03,9.727675775354512666e+01,0.000000000000000000e+00
3.853000000000000000e+03,9.925488644662166848e+01,0.000000000000000000e+00
3.854000000000000000e+03,1.035090819789441241e+02,0.000000000000000000e+00
3.855000000000000000e+03,1.008611973328235081e+02,0.000000000000000000e+00
3.856000000000000000e+03,9.911385884377294531e+01,0.000000000000000000e+00
3.857000000000000000e+03,9.454796299487274780e+01,0.000000000000000000e+00
3.858000000000000000e+03,1.010893938619432220e+02,0.000000000000000000e+00
3.859000000000000000e+03,1.037038940703241110e+02,0.000000000000000000e+00
3.860000000000000000e+03,9.572203459540824610e+01,0.000000000000000000e+00
3.861000000000000000e+03,1.039389492567123057e+02,0.000000000000000000e+00
3.862000000000000000e+03,1.024850850244384191e+02,0.000000000000000000e+00
3.863000000000000000e+03,9.859344494322090213e+01,0.000000000000000000e+00
3.864000000000000000e+03,1.046674596316996713e+02,0.000000000000000000e+00
3.865000000000000000e+03,1.012337388579438908e+02,0.000000000000000000e+00
3.866000000000000000e+03,1.000833358639174975e+02,0.000000000000000000e+00
3.867000000000000000e+03,1.006479848214937221e+02,0.000000000000000000e+00
3.868000000000000000e+03,1.016069601190760494e+02,0.000000000000000000e+00
3.869000000000000000e+03,9.780259618971136604e+01,0.000000000000000000e+00
3.870000000000000000e+03,1.025083126555221611e+02,0.000000000000000000e+00
3.871000000000000000e+03,1.050915111771928565e+02,0.000000000000000000e+00
3.872000000000000000e+03,9.637738064072372879e+01,0.000000000000000000e+00
3.873000000000000000e+03,1.006553132772198609e+02,0.000000000000000000e+00
3.874000000000000000e+03,1.039291566404654787e+02,0.000000000000000000e+00
3.875000000000000000e+03,1.000337232924549511e+02,0.000000000000000000e+00
3.876000000000000000e+03,1.044188407341867588e+02,0.000000000000000000e+00
3.877000000000000000e+03,1.010882071006246292e+02,0.000000000000000000e+00
3.878000000000000000e+03,1.047520490826257458e+02,0.000000000000000000e+00
3.879000000000000000e+03,9.847694969991316327e+01,0.000000000000000000e+00
3.880000000000000000e+03,1.028224874129060424e+02,0.000000000000000000e+00
3.881000000000000000e+03,1.005417624841616941e+02,0.000000000000000000e+00
3.882000000000000000e+03,1.004978996458444129e+02,0.000000000000000000e+00
3.883000000000000000e+03,1.033160477703482343e+02,0.000000000000000000e+00
3.884000000000000000e+03,1.026034408850139101e+02,0.000000000000000000e+00
3.885000000000000000e+03,9.935665329677379987e+01,0.000000000000000000e+00
3.886000000000000000e+03,9.727819760403670557e+01,0.000000000000000000e+00
3.887000000000000000e+03,1.004371694566297748e+02,0.000000000000000000e+00
3.888000000000000000e+03,1.011220350386932836e+02,0.000000000000000000e+00
3.889000000000000000e+03,9.961932194914781746e+01,0.000000000000000000e+00
3.890000000000000000e+03,9.915323140858902207e+01,0.000000000000000000e+00
3.891000000000000000e+03,1.022964392482515592e+02,0.000000000000000000e+00
3.892000000000000000e+03,1.004618202276569434e+02,0.000000000000000000e+00
3.893000000000000000e+03,9.246752563657227597e+01,0.000000000000000000e+00
3.894000000000000000e+03,9.936379339059108418e+01,0.000000000000000000e+00
3.895000000000000000e+03,9.367473080576803568e+01,0.000000000000000000e+00
3.896000000000000000e+03,1.022817329192271245e+02,0.000000000000000000e+00
3.897000000000000000e+03,1.004017057724010726e+02,0.000000000000000000e+00
3.898000000000000000e+03,9.975661101084457982e+01,0.000000000000000000e+00
3.899000000000000000e+03,9.352529934473355411e+01,0.000000000000000000e+00
3.900000000000000000e+03,1.077998308499726079e+02,0.000000000000000000e+00
3.901000000000000000e+03,1.002920968016002519e+02,0.000000000000000000e+00
3.902000000000000000e+03,1.036838189088655611e+02,0.000000000000000000e+00
3.903000000000000000e+03,1.030957744302467916e+02,0.000000000000000000e+00
3.904000000000000000e+03,1.000127152733910378e+02,0.000000000000000000e+00
3.905000000000000000e+03,9.965914540368967778e+01,0.000000000000000000e+00
3.906000000000000000e+03,1.029030824230722345e+02,0.000000000000000000e+00
3.907000000000000000e+03,1.016537709013252879e+02,0.000000000000000000e+00
3.908000000000000000e+03,9.992122419633844288e+01,0.000000000000000000e+00
3.909000000000000000e+03,1.036684136550966429e+02,0.000000000000000000e+00
3.910000000000000000e+03,1.047880967918277264e+02,0.000000000000000000e+00
3.911000000000000000e+03,1.071169467487147102e+02,0.000000000000000000e+00
3.912000000000000000e+03,9.645768188273746091e+01,0.000000000000000000e+00
3.913000000000000000e+03,1.023175844735331168e+02,0.000000000000000000e+00
3.914000000000000000e+03,9.765339072573233636e+01,0.000000000000000000e+00
3.915000000000000000e+03,9.450384097782587389e+01,0.000000000000000000e+00
3.916000000000000000e+03,1.048575636462710321e+02,0.000000000000000000e+00
3.917000000000000000e+03,1.072878301669977645e+02,0.000000000000000000e+00
3.918000000000000000e+03,1.020577462840777514e+02,0.000000000000000000e+00
3.919000000000000000e+03,1.027855143495239361e+02,0.000000000000000000e+00
3.920000000000000000e+03,1.047121238732568429e+02,0.000000000000000000e+00
3.921000000000000000e+03,1.082998264480223867e+02,0.000000000000000000e+00
3.922000000000000000e+03,9.995577015929806919e+01,0.000000000000000000e+00
3.923000000000000000e+03,9.875928369859512657e+01,0.000000000000000000e+00
3.924000000000000000e+03,9.888169942247816380e+01,0.000000000000000000e+00
3.925000000000000000e+03,1.037426385905915822e+02,0.000000000000000000e+00
3.926000000000000000e+03,1.017398589699950975e+02,0.000000000000000000e+00
3.927000000000000000e+03,1.048995611351010240e+02,0.000000000000000000e+00
3.928000000000000000e+03,1.019532480875928826e+02,0.000000000000000000e+00
3.929000000000000000e+03,9.984860834224436132e+01,0.000000000000000000e+00
3.930000000000000000e+03,1.026512628833804399e+02,0.000000000000000000e+00
3.931000000000000000e+03,1.028825335244780348e+02,0.000000000000000000e+00
3.932000000000000000e+03,1.010572637835301180e+02,0.000000000000000000e+00
3.933000000000000000e+03,1.012959396097690785e+02,0.000000000000000000e+00
3.934000000000000000e+03,9.785118425783289808e+01,0.000000000000000000e+00
3.935000000000000000e+03,1.052522405347471590e+02,0.000000000000000000e+00
3.936000000000000000e+03,1.000410780620361493e+02,0.000000000000000000e+00
3.937000000000000000e+03,1.007745865387016835e+02,0.000000000000000000e+00
3.938000000000000000e+03,1.007688659187677587e+02,0.000000000000000000e+00
3.939000000000000000e+03,9.825431479190578443e+01,0.000000000000000000e+00
3.940000000000000000e+03,9.673687697532992047e+01,0.000000000000000000e+00
3.941000000000000000e+03,1.023601598124824221e+02,0.000000000000000000e+00
3.942000000000000000e+03,1.098273631148977216e+02,0.000000000000000000e+00
3.943000000000000000e+03,9.907979854137289522e+01,0.000000000000000000e+00
3.944000000000000000e+03,1.054605975633513992e+02,0.000000000000000000e+00
3.945000000000000000e+03,1.096856565581350083e+02,0.000000000000000000e+00
3.946000000000000000e+03,9.868232945413608093e+01,0.000000000000000000e+00
3.947000000000000000e+03,1.026787376996000063e+02,0.000000000000000000e+00
3.948000000000000000e+03,1.040157418759073238e+02,0.000000000000000000e+00
3.949000000000000000e+03,1.103204053296598488e+02,0.000000000000000000e+00
3.950000000000000000e+03,9.624289370335701221e+01,0.000000000000000000e+00
3.951000000000000000e+03,1.035634432997069609e+02,0.000000000000000000e+00
3.952000000000000000e+03,9.613607653213033188e+01,0.000000000000000000e+00
3.953000000000000000e+03,1.016874121761487260e+02,0.000000000000000000e+00
3.954000000000000000e+03,1.006765948524273142e+02,0.000000000000000000e+00
3.955000000000000000e+03,9.797453838521795433e+01,0.000000000000000000e+00
3.956000000000000000e+03,1.032430304520289326e+02,0.000000000000000000e+00
3.957000000000000000e+03,1.042443151525653917e+02,0.000000000000000000e+00
3.958000000000000000e+03,9.958881936462994133e+01,0.000000000000000000e+00
3.959000000000000000e+03,9.860664177473449854e+01,0.000000000000000000e+00
3.960000000000000000e+03,9.861987655915550022e+01,0.000000000000000000e+00
3.961000000000000000e+03,1.050826769552816558e+02,0.000000000000000000e+00
3.962000000000000000e+03,1.011322529041210743e+02,0.000000000000000000e+00
3.963000000000000000e+03,9.930232568505813617e+01,0.000000000000000000e+00
3.964000000000000000e+03,9.438825579524990417e+01,0.000000000000000000e+00
3.965000000000000000e+03,9.558636665094255136e+01,0.000000000000000000e+00
3.966000000000000000e+03,9.760254226462460281e+01,0.000000000000000000e+00
3.967000000000000000e+03,9.475616706413009638e+01,0.000000000000000000e+00
3.968000000000000000e+03,9.931520506753626876e+01,0.000000000000000000e+00
3.969000000000000000e+03,9.379959583079018159e+01,0.000000000000000000e+00
3.970000000000000000e+03,9.867348289226762859e+01,0.000000000000000000e+00
3.971000000000000000e+03,1.011177560748693907e+02,0.000000000000000000e+00
3.972000000000000000e+03,1.044622769912113114e+02,0.000000000000000000e+00
3.973000000000000000e+03,1.020420112122815937e+02,0.000000000000000000e+00
3.974000000000000000e+03,1.023258443423779482e+02,0.000000000000000000e+00
3.975000000000000000e+03,9.859672876803143993e+01,0.000000000000000000e+00
3.976000000000000000e+03,1.037302650425290551e+02,0.000000000000000000e+00
3.977000000000000000e+03,9.644740772147115138e+01,0.000000000000000000e+00
3.978000000000000000e+03,1.046090136788910456e+02,0.000000000000000000e+00
3.979000000000000000e+03,9.844350961885173490e+01,0.000000000000000000e+00
3.980000000000000000e+03,9.908668390510969459e+01,0.000000000000000000e+00
3.981000000000000000e+03,1.026347416600653730e+02,0.000000000000000000e+00
3.982000000000000000e+03,1.027249147420531301e+02,0.000000000000000000e+00
3.983000000000000000e+03,9.646211910144874935e+01,0.000000000000000000e+00
3.984000000000000000e+03,9.769657366727203396e+01,0.000000000000000000e+00
3.985000000000000000e+03,1.032027647096346925e+02,0.000000000000000000e+00
3.986000000000000000e+03,1.086007343282726794e+02,0.000000000000000000e+00
3.987000000000000000e+03,9.423492464970743754e+01,0.000000000000000000e+00
3.988000000000000000e+03,1.019504701204658943e+02,0.000000000000000000e+00
3.989000000000000000e+03,1.025060087043518990e+02,0.000000000000000000e+00
3.990000000000000000e+03,9.992250102463488304e+01,0.000000000000000000e+00
3.991000000000000000e+03,1.034472689733052704e+02,0.000000000000000000e+00
3.992000000000000000e+03,9.981621993649108049e+01,0.000000000000000000e+00
3.993000000000000000e+03,1.001661800847203097e+02,0.000000000000000000e+00
3.994000000000000000e+03,1.011120102303216015e+02,0.000000000000000000e+00
3.995000000000000000e+03,1.021499189737124453e+02,0.000000000000000000e+00
3.996000000000000000e+03,9.981050010761704527e+01,0.000000000000000000e+00
3.997000000000000000e+03,1.075752622356654769e+02,0.000000000000000000e+00
3.998000000000000000e+03,1.052832461403265114e+02,0.000000000000000000e+00
3.999000000000000000e+03,9.494272989684115771e+01,0.000000000000000000e+00
4.000000000000000000e+03,1.025382851975279124e+02,0.000000000000000000e+00
4.001000000000000000e+03,9.973984472127615675e+01,0.000000000000000000e+00
4.002000000000000000e+03,1.043411261274576702e+02,0.000000000000000000e+00
4.003000000000000000e+03,1.037454201596004424e+02,0.000000000000000000e+00
4.004000000000000000e+03,1.032039978135528600e+02,0.000000000000000000e+00
4.005000000000000000e+03,9.973054437231991187e+01,0.000000000000000000e+00
4.006000000000000000e+03,1.014736914294835231e+02,0.000000000000000000e+00
4.007000000000000000e+03,9.206216354476012498e+01,0.000000000000000000e+00
4.008000000000000000e+03,1.030880176612161847e+02,0.000000000000000000e+00
4.009000000000000000e+03,9.695317932896917057e+01,0.000000000000000000e+00
4.010000000000000000e+03,9.850430441627362654e+01,0.000000000000000000e+00
4.011000000000000000e+03,1.005216754368566683e+02,0.000000000000000000e+00
4.012000000000000000e+03,9.922545952243429213e+01,0.000000000000000000e+00
4.013000000000000000e+03,1.059060367703353336e+02,0.000000000000000000e+00
4.014000000000000000e+03,1.014038326065211777e+02,0.000000000000000000e+00
4.015000000000000000e+03,9.879218436518718249e+01,0.000000000000000000e+00
4.016000000000000000e+03,9.812867314049761092e+01,0.000000000000000000e+00
4.017000000000000000e+03,1.070115622486049176e+02,0.000000000000000000e+00
4.018000000000000000e+03,9.959977964611077539e+01,0.000000000000000000e+00
4.019000000000000000e+03,1.006821622344714058e+02,0.000000000000000000e+00
4.020000000000000000e+03,1.040777905170508006e+02,0.000000000000000000e+00
4.021000000000000000e+03,9.897321348843924227e+01,0.000000000000000000e+00
4.022000000000000000e+03,1.085502921980940414e+02,0.000000000000000000e+00
4.023000000000000000e+03,1.022725632061915775e+02,0.000000000000000000e+00
4.024000000000000000e+03,1.048304966254142130e+02,0.000000000000000000e+00
4.025000000000000000e+03,9.447202760516053388e+01,0.000000000000000000e+00
4.026000000000000000e+03,1.024523269958232135e+02,0.000000000000000000e+00
4.027000000000000000e+03,1.090598571514177593e+02,0.000000000000000000e+00
4.028000000000000000e+03,1.022833333773378683e+02,0.000000000000000000e+00
4.029000000000000000e+03,1.008453464984338979e+02,0.000000000000000000e+00
4.030000000000000000e+03,1.045640143074230650e+02,0.000000000000000000e+00
4.031000000000000000e+03,1.076844814845309060e+02,0.000000000000000000e+00
4.032000000000000000e+03,9.884783000225323235e+01,0.000000000000000000e+00
4.033000000000000000e+03,9.770797763786406165e+01,0.000000000000000000e+00
4.034000000000000000e+03,1.002955037926092530e+02,0.000000000000000000e+00
4.035000000000000000e+03,1.078355245066518648e+02,0.000000000000000000e+00
4.036000000000000000e+03,9.694675317489591748e+01,0.000000000000000000e+00
4.037000000000000000e+03,1.004226227697553071e+02,0.000000000000000000e+00
4.038000000000000000e+03,9.893652755315213199e+01,0.000000000000000000e+00
4.039000000000000000e+03,9.964332368960349129e+01,0.000000000000000000e+00
4.040000000000000000e+03,1.037207895395177673e+02,0.000000000000000000e+00
4.041000000000000000e+03,9.785337958836316830e+01,0.000000000000000000e+00
4.042000000000000000e+03,1.010093021891478884e+02,0.000000000000000000e+00
4.043000000000000000e+03,1.036122303310245485e+02,0.000000000000000000e+00
4.044000000000000000e+03,1.029539966758124478e+02,0.000000000000000000e+00
4.045000000000000000e+03,1.064656404382102295e+02,0.000000000000000000e+00
4.046000000000000000e+03,1.021581083573341999e+02,0.000000000000000000e+00
4.047000000000000000e+03,9.908017783387326460e+01,0.000000000000000000e+00
4.048000000000000000e+03,9.705679601688127889e+01,0.000000000000000000e+00
4.049000000000000000e+03,9.784738920899916081e+01,0.000000000000000000e+00
4.050000000000000000e+03,1.062560780070265452e+02,0.000000000000000000e+00
4.051000000000000000e+03,1.010638682570828024e+02,0.000000000000000000e+00
4.052000000000000000e+03,9.856656998494474919e+01,0.000000000000000000e+00
4.053000000000000000e+03,1.003699434892433260e+02,0.000000000000000000e+00
4.054000000000000000e+03,9.949260350888889093e+01,0.000000000000000000e+00
4.055000000000000000e+03,9.958936934377342709e+01,0.000000000000000000e+00
4.056000000000000000e+03,1.012265373056444844e+02,0.000000000000000000e+00
4.057000000000000000e+03,9.506569400075787257e+01,0.000000000000000000e+00
4.058000000000000000e+03,9.997216394034796849e+01,0.000000000000000000e+00
4.059000000000000000e+03,1.036020120615900737e+02,0.000000000000000000e+00
4.060000000000000000e+03,1.041774646290408128e+02,0.000000000000000000e+00
4.061000000000000000e+03,1.045022314733982540e+02,0.000000000000000000e+00
4.062000000000000000e+03,1.019014425462567885e+02,0.000000000000000000e+00
4.063000000000000000e+03,1.006930351904334344e+02,0.000000000000000000e+00
4.064000000000000000e+03,1.014169976604015062e+02,0.000000000000000000e+00
4.065000000000000000e+03,1.053365405661045031e+02,0.000000000000000000e+00
4.066000000000000000e+03,1.082448111540435320e+02,0.000000000000000000e+00
4.067000000000000000e+03,9.875515767349033069e+01,0.000000000000000000e+00
4.068000000000000000e+03,9.512895423490478208e+01,0.000000000000000000e+00
4.069000000000000000e+03,1.081297045522344433e+02,0.000000000000000000e+00
4.070000000000000000e+03,1.017314308412800870e+02,0.000000000000000000e+00
4.071000000000000000e+03,9.821371899779337866e+01,0.000000000000000000e+00
4.072000000000000000e+03,9.799567158492587282e+01,0.000000000000000000e+00
4.073000000000000000e+03,1.009763902264925264e+02,0.000000000000000000e+00
4.074000000000000000e+03,1.031922229230092682e+02,0.000000000000000000e+00
4.075000000000000000e+03,9.882374738726218766e+01,0.000000000000000000e+00
4.076000000000000000e+03,1.049647080795392498e+02,0.000000000000000000e+00
4.077000000000000000e+03,9.672893575958129020e+01,0.000000000000000000e+00
4.078000000000000000e+03,1.000180329100235923e+02,0.000000000000000000e+00
4.079000000000000000e+03,9.954601115095493924e+01,0.000000000000000000e+00
4.080000000000000000e+03,9.743158627910081293e+01,0.000000000000000000e+00
4.081000000000000000e+03,9.986828665420253515e+01,0.000000000000000000e+00
4.082000000000000000e+03,1.002174723626220043e+02,0.000000000000000000e+00
4.083000000000000000e+03,9.919134460482366933e+01,0.000000000000000000e+00
4.084000000000000000e+03,9.978201445734944741e+01,0.000000000000000000e+00
4.085000000000000000e+03,1.019724971808730771e+02,0.000000000000000000e+00
4.086000000000000000e+03,1.069319547134992945e+02,0.000000000000000000e+00
4.087000000000000000e+03,9.478662972474421622e+01,0.000000000000000000e+00
4.088000000000000000e+03,9.311326497141162406e+01,0.000000000000000000e+00
4.089000000000000000e+03,9.865265481109292978e+01,0.000000000000000000e+00
4.090000000000000000e+03,1.043135657442452668e+02,0.000000000000000000e+00
4.091000000000000000e+03,1.057170286761483453e+02,0.000000000000000000e+00
4.092000000000000000e+03,1.054228196558084392e+02,0.000000000000000000e+00
4.093000000000000000e+03,1.019924148673935349e+02,0.000000000000000000e+00
4.094000000000000000e+03,1.033110377688161634e+02,0.000000000000000000e+00
4.095000000000000000e+03,9.459990652666752453e+01,0.000000000000000000e+00
4.096000000000000000e+03,9.671360243628618036e+01,0.000000000000000000e+00
4.097000000000000000e+03,1.011459743112782519e+02,0.000000000000000000e+00
4.098000000000000000e+03,9.628662201084428318e+01,0.000000000000000000e+00
4.099000000000000000e+03,9.622100723256036758e+01,0.000000000000000000e+00
4.100000000000000000e+03,9.749111718153442041e+01,0.000000000000000000e+00
4.101000000000000000e+03,1.034312564736141127e+02,0.000000000000000000e+00
4.102000000000000000e+03,1.031439339227141119e+02,0.000000000000000000e+00
4.103000000000000000e+03,1.025141836282354149e+02,0.000000000000000000e+00
4.104000000000000000e+03,1.097980870734029111e+02,0.000000000000000000e+00
4.105000000000000000e+03,1.008196194575759392e+02,0.000000000000000000e+00
4.106000000000000000e+03,1.061080891417104795e+02,0.000000000000000000e+00
4.107000000000000000e+03,9.870185331835462250e+01,0.000000000000000000e+00
4.108000000000000000e+03,9.860072312886583745e+01,0.000000000000000000e+00
4.109000000000000000e+03,1.029694528223349153e+02,0.000000000000000000e+00
4.110000000000000000e+03,1.074436208801977699e+02,0.000000000000000000e+00
4.111000000000000000e+03,1.032235388983399957e+02,0.000000000000000000e+00
4.112000000000000000e+03,1.040074296050107137e+02,0.000000000000000000e+00
4.113000000000000000e+03,1.005563728685640825e+02,0.000000000000000000e+00
4.114000000000000000e+03,1.022512444460883216e+02,0.000000000000000000e+00
4.115000000000000000e+03,1.077698601589173393e+02,0.000000000000000000e+00
4.116000000000000000e+03,1.083206248491009944e+02,0.000000000000000000e+00
4.117000000000000000e+03,9.681651965688469375e+01,0.000000000000000000e+00
4.118000000000000000e+03,1.110006816970351338e+02,0.000000000000000000e+00
4.119000000000000000e+03,1.037606321080114924e+02,0.000000000000000000e+00
4.120000000000000000e+03,1.023433727961719484e+02,0.000000000000000000e+00
4.121000000000000000e+03,1.034460793726253058e+02,0.000000000000000000e+00
4.122000000000000000e+03,1.060953682500402948e+02,0.000000000000000000e+00
4.123000000000000000e+03,1.013815881861756338e+02,0.000000000000000000e+00
4.124000000000000000e+03,1.128115167711857509e+02,1.000000000000000000e+00
4.125000000000000000e+03,1.168975964805819814e+02,1.000000000000000000e+00
4.126000000000000000e+03,1.228561628316805212e+02,1.000000000000000000e+00
4.127000000000000000e+03,1.404165896863732996e+02,1.000000000000000000e+00
4.128000000000000000e+03,1.387000996533691932e+02,1.000000000000000000e+00
4.129000000000000000e+03,1.568048875406493039e+02,1.000000000000000000e+00
4.130000000000000000e+03,1.579005542990984452e+02,1.000000000000000000e+00
4.131000000000000000e+03,1.641282174671368068e+02,1.000000000000000000e+00
4.132000000000000000e+03,1.629428668247250584e+02,1.000000000000000000e+00
4.133000000000000000e+03,1.720663253187355224e+02,1.000000000000000000e+00
4.134000000000000000e+03,1.690641405529997598e+02,1.000000000000000000e+00
4.135000000000000000e+03,1.769681496279326325e+02,1.000000000000000000e+00
4.136000000000000000e+03,1.721780445926993650e+02,1.000000000000000000e+00
4.137000000000000000e+03,1.878939161577412165e+02,1.000000000000000000e+00
4.138000000000000000e+03,1.765982728330010900e+02,1.000000000000000000e+00
4.139000000000000000e+03,1.783496458292500790e+02,1.000000000000000000e+00
4.140000000000000000e+03,1.832045682660261718e+02,1.000000000000000000e+00
4.141000000000000000e+03,1.766713630582670476e+02,1.000000000000000000e+00
4.142000000000000000e+03,1.813592990919622139e+02,1.000000000000000000e+00
4.143000000000000000e+03,1.845386178211749097e+02,1.000000000000000000e+00
4.144000000000000000e+03,1.827429496932067536e+02,1.000000000000000000e+00
4.145000000000000000e+03,1.822457505041111006e+02,1.000000000000000000e+00
4.146000000000000000e+03,1.852747262953467953e+02,1.000000000000000000e+00
4.147000000000000000e+03,1.736586300219852603e+02,1.000000000000000000e+00
4.148000000000000000e+03,1.750547560062449861e+02,1.000000000000000000e+00
4.149000000000000000e+03,1.815732526002088036e+02,1.000000000000000000e+00
4.150000000000000000e+03,1.698742378805957003e+02,1.000000000000000000e+00
4.151000000000000000e+03,1.691265332027934960e+02,1.000000000000000000e+00
4.152000000000000000e+03,1.679627708610441914e+02,1.000000000000000000e+00
4.153000000000000000e+03,1.675886781417201234e+02,1.000000000000000000e+00
4.154000000000000000e+03,1.699773155603093642e+02,1.000000000000000000e+00
4.155000000000000000e+03,1.660945081367311786e+02,1.000000000000000000e+00
4.156000000000000000e+03,1.631775211570421789e+02,1.000000000000000000e+00
4.157000000000000000e+03,1.582928781428063019e+02,1.000000000000000000e+00
4.158000000000000000e+03,1.593887737480637554e+02,1.000000000000000000e+00
4.159000000000000000e+03,1.553006199301631796e+02,1.000000000000000000e+00
4.160000000000000000e+03,1.409342808246178151e+02,1.000000000000000000e+00
4.161000000000000000e+03,1.429796752632181551e+02,1.000000000000000000e+00
4.162000000000000000e+03,1.499899550678210574e+02,1.000000000000000000e+00
4.163000000000000000e+03,1.420139625158484193e+02,1.000000000000000000e+00
4.164000000000000000e+03,1.390285103915758782e+02,1.000000000000000000e+00
4.165000000000000000e+03,1.356282052409877110e+02,1.000000000000000000e+00
4.166000000000000000e+03,1.380483795611541211e+02,1.000000000000000000e+00
4.167000000000000000e+03,1.285031538174086734e+02,1.000000000000000000e+00
4.168000000000000000e+03,1.292848930744983988e+02,1.000000000000000000e+00
4.169000000000000000e+03,1.399994447396581734e+02,1.000000000000000000e+00
4.170000000000000000e+03,1.252767995812464790e+02,1.000000000000000000e+00
4.171000000000000000e+03,1.184320329774248393e+02,1.000000000000000000e+00
4.172000000000000000e+03,1.164940532969400806e+02,1.000000000000000000e+00
4.173000000000000000e+03,1.156539787790712523e+02,1.000000000000000000e+00
4.174000000000000000e+03,1.242844857204208040e+02,1.000000000000000000e+00
4.175000000000000000e+03,1.230022584907518990e+02,1.000000000000000000e+00
4.176000000000000000e+03,1.230053103436635098e+02,1.000000000000000000e+00
4.177000000000000000e+03,1.242893905241209893e+02,1.000000000000000000e+00
4.178000000000000000e+03,1.171723008870234679e+02,1.000000000000000000e+00
4.179000000000000000e+03,1.214847489157811822e+02,1.000000000000000000e+00
4.180000000000000000e+03,1.184400018022354715e+02,1.000000000000000000e+00
4.181000000000000000e+03,1.096982406978694087e+02,1.000000000000000000e+00
4.182000000000000000e+03,1.074416849148055917e+02,1.000000000000000000e+00
4.183000000000000000e+03,1.111886980125263307e+02,1.000000000000000000e+00
4.184000000000000000e+03,1.120772765194402751e+02,1.000000000000000000e+00
4.185000000000000000e+03,1.200770881971766499e+02,1.000000000000000000e+00
4.186000000000000000e+03,1.169432034253190835e+02,1.000000000000000000e+00
4.187000000000000000e+03,1.195688592846437501e+02,1.000000000000000000e+00
4.188000000000000000e+03,1.174664430490078217e+02,1.000000000000000000e+00
4.189000000000000000e+03,1.187061803304465002e+02,1.000000000000000000e+00
4.190000000000000000e+03,1.177039451591842294e+02,1.000000000000000000e+00
4.191000000000000000e+03,1.160788897236240302e+02,1.000000000000000000e+00
4.192000000000000000e+03,1.190606421613561707e+02,1.000000000000000000e+00
4.193000000000000000e+03,1.104870621856274084e+02,1.000000000000000000e+00
4.194000000000000000e+03,1.114754438657504636e+02,1.000000000000000000e+00
4.195000000000000000e+03,1.090323275373651057e+02,1.000000000000000000e+00
4.196000000000000000e+03,1.091916829056829670e+02,1.000000000000000000e+00
4.197000000000000000e+03,1.110081837388668191e+02,1.000000000000000000e+00
4.198000000000000000e+03,1.126408871656427806e+02,1.000000000000000000e+00
4.199000000000000000e+03,1.105404164864714716e+02,1.000000000000000000e+00
4.200000000000000000e+03,1.061690648476599250e+02,1.000000000000000000e+00
4.201000000000000000e+03,1.135958880071394503e+02,1.000000000000000000e+00
4.202000000000000000e+03,1.081003271991927619e+02,1.000000000000000000e+00
4.203000000000000000e+03,1.066582032580842707e+02,1.000000000000000000e+00
4.204000000000000000e+03,1.080569516852810921e+02,0.000000000000000000e+00
4.205000000000000000e+03,1.056336197972916864e+02,0.000000000000000000e+00
4.206000000000000000e+03,1.097209983486570621e+02,0.000000000000000000e+00
4.207000000000000000e+03,1.052420525480216185e+02,0.000000000000000000e+00
4.208000000000000000e+03,1.037042744430208074e+02,0.000000000000000000e+00
4.209000000000000000e+03,9.763679267472603840e+01,0.000000000000000000e+00
4.210000000000000000e+03,1.086200924489786956e+02,0.000000000000000000e+00
4.211000000000000000e+03,1.011180028731847500e+02,0.000000000000000000e+00
4.212000000000000000e+03,1.037997839304137102e+02,0.000000000000000000e+00
4.213000000000000000e+03,9.478617103662244858e+01,0.000000000000000000e+00
4.214000000000000000e+03,9.836342318689602848e+01,0.000000000000000000e+00
4.215000000000000000e+03,9.850235504793883479e+01,0.000000000000000000e+00
4.216000000000000000e+03,1.072313242269665068e+02,0.000000000000000000e+00
4.217000000000000000e+03,9.591740173949391135e+01,0.000000000000000000e+00
4.218000000000000000e+03,9.769532977241304650e+01,0.000000000000000000e+00
4.219000000000000000e+03,1.008905403495422775e+02,0.000000000000000000e+00
4.220000000000000000e+03,1.052060819252525050e+02,0.000000000000000000e+00
4.221000000000000000e+03,9.464958972812891602e+01,0.000000000000000000e+00
4.222000000000000000e+03,1.032021522581208188e+02,0.000000000000000000e+00
4.223000000000000000e+03,1.020035277261656717e+02,0.000000000000000000e+00
4.224000000000000000e+03,1.000505538442738782e+02,0.000000000000000000e+00
4.225000000000000000e+03,9.142842835566644055e+01,0.000000000000000000e+00
4.226000000000000000e+03,1.039602747084353069e+02,0.000000000000000000e+00
4.227000000000000000e+03,1.021097881777753003e+02,0.000000000000000000e+00
4.228000000000000000e+03,1.017275930435192350e+02,0.000000000000000000e+00
4.229000000000000000e+03,1.028044832390253873e+02,0.000000000000000000e+00
4.230000000000000000e+03,1.014836577416816255e+02,0.000000000000000000e+00
4.231000000000000000e+03,9.384923309491726684e+01,0.000000000000000000e+00
4.232000000000000000e+03,1.047407442955858272e+02,0.000000000000000000e+00
4.233000000000000000e+03,9.974069417148065497e+01,0.000000000000000000e+00
4.234000000000000000e+03,1.025402696963478633e+02,0.000000000000000000e+00
4.235000000000000000e+03,1.039989481787883250e+02,0.000000000000000000e+00
4.236000000000000000e+03,9.883999772596786215e+01,0.000000000000000000e+00
4.237000000000000000e+03,9.665047972892895700e+01,0.000000000000000000e+00
4.238000000000000000e+03,9.523873099904866990e+01,0.000000000000000000e+00
4.239000000000000000e+03,1.009113888981865870e+02,0.000000000000000000e+00
4.240000000000000000e+03,1.096959846331513688e+02,0.000000000000000000e+00
4.241000000000000000e+03,9.713632152618009741e+01,0.000000000000000000e+00
4.242000000000000000e+03,9.837052106886775960e+01,0.000000000000000000e+00
4.243000000000000000e+03,1.034289529278493660e+02,0.000000000000000000e+00
4.244000000000000000e+03,9.663961731488166151e+01,0.000000000000000000e+00
4.245000000000000000e+03,1.070999338112100929e+02,0.000000000000000000e+00
4.246000000000000000e+03,9.749572496357330920e+01,0.000000000000000000e+00
4.247000000000000000e+03,1.001371274947685919e+02,0.000000000000000000e+00
4.248000000000000000e+03,9.981280606634729224e+01,0.000000000000000000e+00
4.249000000000000000e+03,1.003678502381512772e+02,0.000000000000000000e+00
4.250000000000000000e+03,1.022397953113498374e+02,0.000000000000000000e+00
4.251000000000000000e+03,9.950106132946078219e+01,0.000000000000000000e+00
4.252000000000000000e+03,9.638164815382968698e+01,0.000000000000000000e+00
4.253000000000000000e+03,1.004298942651078619e+02,0.000000000000000000e+00
4.254000000000000000e+03,1.026249722880505857e+02,0.000000000000000000e+00
4.255000000000000000e+03,1.023182936846914970e+02,0.000000000000000000e+00
4.256000000000000000e+03,9.771631163050676605e+01,0.000000000000000000e+00
4.257000000000000000e+03,9.772368629738525669e+01,0.000000000000000000e+00
4.258000000000000000e+03,1.071431006466160767e+02,0.000000000000000000e+00
4.259000000000000000e+03,1.021539372797633263e+02,0.000000000000000000e+00
4.260000000000000000e+03,1.035229114981001999e+02,0.000000000000000000e+00
4.261000000000000000e+03,1.033066689472828159e+02,0.000000000000000000e+00
4.262000000000000000e+03,1.059711172347916204e+02,0.000000000000000000e+00
4.263000000000000000e+03,9.653551831496785951e+01,0.000000000000000000e+00
4.264000000000000000e+03,1.075995784009608656e+02,0.000000000000000000e+00
4.265000000000000000e+03,1.058132119266966527e+02,0.000000000000000000e+00
4.266000000000000000e+03,1.030753692189066584e+02,0.000000000000000000e+00
4.267000000000000000e+03,9.920050647112492470e+01,0.000000000000000000e+00
4.268000000000000000e+03,9.702122204875996658e+01,0.000000000000000000e+00
4.269000000000000000e+03,1.007684391990488706e+02,0.000000000000000000e+00
4.270000000000000000e+03,9.967591496712566368e+01,0.000000000000000000e+00
4.271000000000000000e+03,1.037577291391768881e+02,0.000000000000000000e+00
4.272000000000000000e+03,1.008172303095195446e+02,0.000000000000000000e+00
4.273000000000000000e+03,1.036044595311175982e+02,0.000000000000000000e+00
4.274000000000000000e+03,9.852059992844041858e+01,0.000000000000000000e+00
4.275000000000000000e+03,1.008014921104617940e+02,0.000000000000000000e+00
4.276000000000000000e+03,1.033305414696715445e+02,0.000000000000000000e+00
4.277000000000000000e+03,9.705311578348239721e+01,0.000000000000000000e+00
4.278000000000000000e+03,9.534106945504554176e+01,0.000000000000000000e+00
4.279000000000000000e+03,9.773990337274646834e+01,0.000000000000000000e+00
4.280000000000000000e+03,1.021849389247093569e+02,0.000000000000000000e+00
4.281000000000000000e+03,9.944544189489036512e+01,0.000000000000000000e+00
4.282000000000000000e+03,9.711649948172529889e+01,0.000000000000000000e+00
4.283000000000000000e+03,1.019111908407124787e+02,0.000000000000000000e+00
4.284000000000000000e+03,1.027933845860267894e+02,0.000000000000000000e+00
4.285000000000000000e+03,1.068491036476818863e+02,0.000000000000000000e+00
4.286000000000000000e+03,1.050047166396006162e+02,0.000000000000000000e+00
4.287000000000000000e+03,1.090810839262794332e+02,0.000000000000000000e+00
4.288000000000000000e+03,1.003374225776726121e+02,0.000000000000000000e+00
4.289000000000000000e+03,9.694687341673596848e+01,0.000000000000000000e+00
4.290000000000000000e+03,9.313601772849040117e+01,0.000000000000000000e+00
4.291000000000000000e+03,1.035817238761395771e+02,0.000000000000000000e+00
4.292000000000000000e+03,1.006277923120595688e+02,0.000000000000000000e+00
4.293000000000000000e+03,1.078082906783120478e+02,0.000000000000000000e+00
4.294000000000000000e+03,9.862334239386882473e+01,0.000000000000000000e+00
4.295000000000000000e+03,1.024030207559352306e+02,0.000000000000000000e+00
4.296000000000000000e+03,1.000797695258457480e+02,0.000000000000000000e+00
4.297000000000000000e+03,1.052569653531144098e+02,0.000000000000000000e+00
4.298000000000000000e+03,9.621455866502408583e+01,0.000000000000000000e+00
4.299000000000000000e+03,1.022876621704067759e+02,0.000000000000000000e+00
4.300000000000000000e+03,1.033404546311642491e+02,0.000000000000000000e+00
4.301000000000000000e+03,9.979603177611541298e+01,0.000000000000000000e+00
4.302000000000000000e+03,1.065168685445695189e+02,0.000000000000000000e+00
4.303000000000000000e+03,1.010842484606587135e+02,0.000000000000000000e+00
4.304000000000000000e+03,1.030768227195131601e+02,0.000000000000000000e+00
4.305000000000000000e+03,1.033591357971588423e+02,0.000000000000000000e+00
4.306000000000000000e+03,1.063854839946155977e+02,0.000000000000000000e+00
4.307000000000000000e+03,1.009223647762106424e+02,0.000000000000000000e+00
4.308000000000000000e+03,1.023350690149044766e+02,0.000000000000000000e+00
4.309000000000000000e+03,1.020960495435564326e+02,0.000000000000000000e+00
4.310000000000000000e+03,1.020066973335452474e+02,0.000000000000000000e+00
4.311000000000000000e+03,9.727305602688781505e+01,0.000000000000000000e+00
4.312000000000000000e+03,9.978233180864049245e+01,0.000000000000000000e+00
4.313000000000000000e+03,1.048436532963324055e+02,0.000000000000000000e+00
4.314000000000000000e+03,1.059526753076258672e+02,0.000000000000000000e+00
4.315000000000000000e+03,9.999245556749175989e+01,0.000000000000000000e+00
4.316000000000000000e+03,1.046110474729821931e+02,0.000000000000000000e+00
4.317000000000000000e+03,1.036471278218823784e+02,0.000000000000000000e+00
4.318000000000000000e+03,1.092009609328506059e+02,0.000000000000000000e+00
4.319000000000000000e+03,1.028823365135004906e+02,0.000000000000000000e+00
4.320000000000000000e+03,9.419046273797701474e+01,0.000000000000000000e+00
4.321000000000000000e+03,1.004344407117274898e+02,0.000000000000000000e+00
4.322000000000000000e+03,1.003896513973456877e+02,0.000000000000000000e+00
4.323000000000000000e+03,1.017426963690154196e+02,0.000000000000000000e+00
4.324000000000000000e+03,1.047496194214238869e+02,0.000000000000000000e+00
4.325000000000000000e+03,1.030024786359966953e+02,0.000000000000000000e+00
4.326000000000000000e+03,9.852626524746119685e+01,0.000000000000000000e+00
4.327000000000000000e+03,9.965240210734741311e+01,0.000000000000000000e+00
4.328000000000000000e+03,1.060415499377942155e+02,0.000000000000000000e+00
4.329000000000000000e+03,9.948267044172078499e+01,0.000000000000000000e+00
4.330000000000000000e+03,1.011420422790852314e+02,0.000000000000000000e+00
4.331000000000000000e+03,1.026656639095419763e+02,0.000000000000000000e+00
4.332000000000000000e+03,1.005832077789904702e+02,0.000000000000000000e+00
4.333000000000000000e+03,1.062278095457641172e+02,0.000000000000000000e+00
4.334000000000000000e+03,9.765206196064549715e+01,0.000000000000000000e+00
4.335000000000000000e+03,1.020871544920613161e+02,0.000000000000000000e+00
4.336000000000000000e+03,9.829174293020932396e+01,0.000000000000000000e+00
4.337000000000000000e+03,9.947664379717068073e+01,0.000000000000000000e+00
4.338000000000000000e+03,1.015941886120319566e+02,0.000000000000000000e+00
4.339000000000000000e+03,1.001617397654037518e+02,0.000000000000000000e+00
4.340000000000000000e+03,9.518710408765707598e+01,0.000000000000000000e+00
4.341000000000000000e+03,9.659087028655463314e+01,0.000000000000000000e+00
4.342000000000000000e+03,9.942806559404856159e+01,0.000000000000000000e+00
4.343000000000000000e+03,1.007808378060308740e+02,0.000000000000000000e+00
4.344000000000000000e+03,1.023013540961191410e+02,0.000000000000000000e+00
4.345000000000000000e+03,1.000343239083360487e+02,0.000000000000000000e+00
4.346000000000000000e+03,9.908826896219012781e+01,0.000000000000000000e+00
4.347000000000000000e+03,9.749814286930403284e+01,0.000000000000000000e+00
4.348000000000000000e+03,1.014348218315407451e+02,0.000000000000000000e+00
4.349000000000000000e+03,1.046063316456318830e+02,0.000000000000000000e+00
4.350000000000000000e+03,1.052922418640150539e+02,0.000000000000000000e+00
4.351000000000000000e+03,1.017231544102678242e+02,0.000000000000000000e+00
4.352000000000000000e+03,1.023068501820383602e+02,0.000000000000000000e+00
4.353000000000000000e+03,9.871273389143563293e+01,0.000000000000000000e+00
4.354000000000000000e+03,1.032666994073753273e+02,0.000000000000000000e+00
4.355000000000000000e+03,1.006974622199299034e+02,0.000000000000000000e+00
4.356000000000000000e+03,1.033688584947145443e+02,0.000000000000000000e+00
4.357000000000000000e+03,9.814668736094834856e+01,0.000000000000000000e+00
4.358000000000000000e+03,1.027371940327510913e+02,0.000000000000000000e+00
4.359000000000000000e+03,9.199242575812334621e+01,0.000000000000000000e+00
4.360000000000000000e+03,9.578494415460180278e+01,0.000000000000000000e+00
4.361000000000000000e+03,9.895039127934740009e+01,0.000000000000000000e+00
4.362000000000000000e+03,9.800184012618316842e+01,0.000000000000000000e+00
4.363000000000000000e+03,1.015128025878882738e+02,0.000000000000000000e+00
4.364000000000000000e+03,9.751133602724171112e+01,0.000000000000000000e+00
4.365000000000000000e+03,1.001064421946753811e+02,0.000000000000000000e+00
4.366000000000000000e+03,1.075736112171581311e+02,0.000000000000000000e+00
4.367000000000000000e+03,1.006195421262582101e+02,0.000000000000000000e+00
4.368000000000000000e+03,1.014426197477900189e+02,0.000000000000000000e+00
4.369000000000000000e+03,1.022301994923703177e+02,0.000000000000000000e+00
4.370000000000000000e+03,1.028522646105733713e+02,0.000000000000000000e+00
4.371000000000000000e+03,9.646471495656281547e+01,0.000000000000000000e+00
4.372000000000000000e+03,1.059211192910601795e+02,0.000000000000000000e+00
4.373000000000000000e+03,1.023850590644732108e+02,0.000000000000000000e+00
4.374000000000000000e+03,1.008047158825209237e+02,0.000000000000000000e+00
4.375000000000000000e+03,1.018137305360565108e+02,0.000000000000000000e+00
4.376000000000000000e+03,9.953800975395958517e+01,0.000000000000000000e+00
4.377000000000000000e+03,1.028481596369533264e+02,0.000000000000000000e+00
4.378000000000000000e+03,1.058754922922076673e+02,0.000000000000000000e+00
4.379000000000000000e+03,1.014245993652547639e+02,0.000000000000000000e+00
4.380000000000000000e+03,1.048342591227253564e+02,0.000000000000000000e+00
4.381000000000000000e+03,1.071707204528058242e+02,0.000000000000000000e+00
4.382000000000000000e+03,1.020458870753348180e+02,0.000000000000000000e+00
4.383000000000000000e+03,1.037382276407351185e+02,0.000000000000000000e+00
4.384000000000000000e+03,1.047179478582723249e+02,0.000000000000000000e+00
4.385000000000000000e+03,9.253403802758268171e+01,0.000000000000000000e+00
4.386000000000000000e+03,1.016338704847988481e+02,0.000000000000000000e+00
4.387000000000000000e+03,1.038455666461111662e+02,0.000000000000000000e+00
4.388000000000000000e+03,1.005156164517817672e+02,0.000000000000000000e+00
4.389000000000000000e+03,1.055382890140163568e+02,0.000000000000000000e+00
4.390000000000000000e+03,1.060246526815910499e+02,0.000000000000000000e+00
4.391000000000000000e+03,1.011506287559596160e+02,0.000000000000000000e+00
4.392000000000000000e+03,9.908645257056920741e+01,0.000000000000000000e+00
4.393000000000000000e+03,1.002605143927925440e+02,0.000000000000000000e+00
4.394000000000000000e+03,1.007105521391191729e+02,0.000000000000000000e+00
4.395000000000000000e+03,9.750993937226687081e+01,0.000000000000000000e+00
4.396000000000000000e+03,1.032560052940704338e+02,0.000000000000000000e+00
4.397000000000000000e+03,1.011613387866413944e+02,0.000000000000000000e+00
4.398000000000000000e+03,1.012150873567042453e+02,0.000000000000000000e+00
4.399000000000000000e+03,1.006060293923751203e+02,0.000000000000000000e+00
4.400000000000000000e+03,9.998090482428956705e+01,0.000000000000000000e+00
4.401000000000000000e+03,1.009160561876458928e+02,0.000000000000000000e+00
4.402000000000000000e+03,1.082569410734704149e+02,0.000000000000000000e+00
4.403000000000000000e+03,1.051537528070698500e+02,0.000000000000000000e+00
4.404000000000000000e+03,9.459334677232750721e+01,0.000000000000000000e+00
4.405000000000000000e+03,9.902261109121688776e+01,0.000000000000000000e+00
4.406000000000000000e+03,1.025280364336800432e+02,0.000000000000000000e+00
4.407000000000000000e+03,9.524440369032463138e+01,0.000000000000000000e+00
4.408000000000000000e+03,9.515428647361365222e+01,0.000000000000000000e+00
4.409000000000000000e+03,1.000716645482442857e+02,0.000000000000000000e+00
4.410000000000000000e+03,9.820923764447363169e+01,0.000000000000000000e+00
4.411000000000000000e+03,1.049876874048211022e+02,0.000000000000000000e+00
4.412000000000000000e+03,9.718389758243539234e+01,0.000000000000000000e+00
4.413000000000000000e+03,1.001244604126293609e+02,0.000000000000000000e+00
4.414000000000000000e+03,1.094629071398713052e+02,0.000000000000000000e+00
4.415000000000000000e+03,1.064081813760335109e+02,0.000000000000000000e+00
4.416000000000000000e+03,9.582764939167502405e+01,0.000000000000000000e+00
4.417000000000000000e+03,1.007194861071641441e+02,0.000000000000000000e+00
4.418000000000000000e+03,9.820521379588208788e+01,0.000000000000000000e+00
4.419000000000000000e+03,1.026720709324914651e+02,0.000000000000000000e+00
4.420000000000000000e+03,9.589516500708985802e+01,0.000000000000000000e+00
4.421000000000000000e+03,1.040025905035329430e+02,0.000000000000000000e+00
4.422000000000000000e+03,1.063415951244539457e+02,0.000000000000000000e+00
4.423000000000000000e+03,1.023285497645659063e+02,0.000000000000000000e+00
4.424000000000000000e+03,9.754827194517997668e+01,0.000000000000000000e+00
4.425000000000000000e+03,1.036552454488608390e+02,0.000000000000000000e+00
4.426000000000000000e+03,1.006649399969978305e+02,0.000000000000000000e+00
4.427000000000000000e+03,9.946224344921674287e+01,0.000000000000000000e+00
4.428000000000000000e+03,1.028546698279374425e+02,0.000000000000000000e+00
4.429000000000000000e+03,9.594718624027157716e+01,0.000000000000000000e+00
4.430000000000000000e+03,1.057440151281527108e+02,0.000000000000000000e+00
4.431000000000000000e+03,9.854300596998685080e+01,0.000000000000000000e+00
4.432000000000000000e+03,1.020055620385167572e+02,0.000000000000000000e+00
4.433000000000000000e+03,1.031209904598692759e+02,0.000000000000000000e+00
4.434000000000000000e+03,1.009011590243115393e+02,0.000000000000000000e+00
4.435000000000000000e+03,1.043459201159826932e+02,0.000000000000000000e+00
4.436000000000000000e+03,1.056814050991731335e+02,0.000000000000000000e+00
4.437000000000000000e+03,1.068627356163077877e+02,0.000000000000000000e+00
4.438000000000000000e+03,9.473761973761156696e+01,0.000000000000000000e+00
4.439000000000000000e+03,1.009510925008043358e+02,0.000000000000000000e+00
4.440000000000000000e+03,1.033860585779504504e+02,0.000000000000000000e+00
4.441000000000000000e+03,9.971636105487037582e+01,0.000000000000000000e+00
4.442000000000000000e+03,9.515036030974930270e+01,0.000000000000000000e+00
4.443000000000000000e+03,9.747772430660563714e+01,0.000000000000000000e+00
4.444000000000000000e+03,1.032650800493918837e+02,0.000000000000000000e+00
4.445000000000000000e+03,1.014397732930060414e+02,0.000000000000000000e+00
4.446000000000000000e+03,1.013272886440446001e+02,0.000000000000000000e+00
4.447000000000000000e+03,1.045048889056825203e+02,0.000000000000000000e+00
4.448000000000000000e+03,9.759329399771640112e+01,0.000000000000000000e+00
4.449000000000000000e+03,1.013335890197175218e+02,0.000000000000000000e+00
4.450000000000000000e+03,1.002513112888783411e+02,0.000000000000000000e+00
4.451000000000000000e+03,9.380466436581554035e+01,0.000000000000000000e+00
4.452000000000000000e+03,9.534247966732095847e+01,0.000000000000000000e+00
4.453000000000000000e+03,1.076671852245691667e+02,0.000000000000000000e+00
4.454000000000000000e+03,1.057619475424558146e+02,0.000000000000000000e+00
4.455000000000000000e+03,1.016434388077933875e+02,0.000000000000000000e+00
4.456000000000000000e+03,9.682340965919574671e+01,0.000000000000000000e+00
4.457000000000000000e+03,1.026891345331742826e+02,0.000000000000000000e+00
4.458000000000000000e+03,1.004844750478184778e+02,0.000000000000000000e+00
4.459000000000000000e+03,1.013746724892810676e+02,0.000000000000000000e+00
4.460000000000000000e+03,9.680928346878002344e+01,0.000000000000000000e+00
4.461000000000000000e+03,1.070618674668670707e+02,0.000000000000000000e+00
4.462000000000000000e+03,1.013514092999687648e+02,0.000000000000000000e+00
4.463000000000000000e+03,1.051391196201859373e+02,0.000000000000000000e+00
4.464000000000000000e+03,1.033899557713082373e+02,0.000000000000000000e+00
4.465000000000000000e+03,1.044617024114688064e+02,0.000000000000000000e+00
4.466000000000000000e+03,9.071124109246410683e+01,0.000000000000000000e+00
4.467000000000000000e+03,9.914199682837318051e+01,0.000000000000000000e+00
4.468000000000000000e+03,1.036694968263244903e+02,0.000000000000000000e+00
4.469000000000000000e+03,1.023382687697155404e+02,0.000000000000000000e+00
4.470000000000000000e+03,9.852123541082463021e+01,0.000000000000000000e+00
4.471000000000000000e+03,1.026192580264139167e+02,0.000000000000000000e+00
4.472000000000000000e+03,1.061226200795372989e+02,0.000000000000000000e+00
4.473000000000000000e+03,9.756629307264607576e+01,0.000000000000000000e+00
4.474000000000000000e+03,1.096357199339719699e+02,0.000000000000000000e+00
4.475000000000000000e+03,1.002291577416933563e+02,0.000000000000000000e+00
4.476000000000000000e+03,1.018382042314559186e+02,0.000000000000000000e+00
4.477000000000000000e+03,1.047698140644388758e+02,0.000000000000000000e+00
4.478000000000000000e+03,9.565109686647431886e+01,0.000000000000000000e+00
4.479000000000000000e+03,1.033047047159130898e+02,0.000000000000000000e+00
4.480000000000000000e+03,9.754537186470254539e+01,0.000000000000000000e+00
4.481000000000000000e+03,9.070066166356318149e+01,0.000000000000000000e+00
4.482000000000000000e+03,1.073473663493568324e+02,0.000000000000000000e+00
4.483000000000000000e+03,1.047419579954026574e+02,0.000000000000000000e+00
4.484000000000000000e+03,9.814368262989231084e+01,0.000000000000000000e+00
4.485000000000000000e+03,9.904576329940549329e+01,0.000000000000000000e+00
4.486000000000000000e+03,9.935378727536171084e+01,0.000000000000000000e+00
4.487000000000000000e+03,1.013765021367590151e+02,0.000000000000000000e+00
4.488000000000000000e+03,1.033132616342818011e+02,0.000000000000000000e+00
4.489000000000000000e+03,1.058670849300035144e+02,0.000000000000000000e+00
4.490000000000000000e+03,1.067759278536559719e+02,0.000000000000000000e+00
4.491000000000000000e+03,1.052243051528910769e+02,0.000000000000000000e+00
4.492000000000000000e+03,9.877810148949465940e+01,0.000000000000000000e+00
4.493000000000000000e+03,9.825714252090664047e+01,0.000000000000000000e+00
4.494000000000000000e+03,1.012074161287566483e+02,0.000000000000000000e+00
4.495000000000000000e+03,9.850013224495722852e+01,0.000000000000000000e+00
4.496000000000000000e+03,1.058207879126369022e+02,0.000000000000000000e+00
4.497000000000000000e+03,1.064202051844079904e+02,0.000000000000000000e+00
4.498000000000000000e+03,9.559274834656454800e+01,0.000000000000000000e+00
4.499000000000000000e+03,1.000910979327333763e+02,0.000000000000000000e+00
4.500000000000000000e+03,9.590962012731336017e+01,0.000000000000000000e+00
4.501000000000000000e+03,9.212898866178791479e+01,0.000000000000000000e+00
4.502000000000000000e+03,1.056062018396349913e+02,0.000000000000000000e+00
4.503000000000000000e+03,9.874105641430254821e+01,0.000000000000000000e+00
4.504000000000000000e+03,1.036435001138431602e+02,0.000000000000000000e+00
4.505000000000000000e+03,1.039512419928757510e+02,0.000000000000000000e+00
4.506000000000000000e+03,1.025558550015771146e+02,0.000000000000000000e+00
4.507000000000000000e+03,1.084124798687276012e+02,0.000000000000000000e+00
4.508000000000000000e+03,1.029288718723474148e+02,0.000000000000000000e+00
4.509000000000000000e+03,9.600988797877707270e+01,0.000000000000000000e+00
4.510000000000000000e+03,1.047083340890415428e+02,0.000000000000000000e+00
4.511000000000000000e+03,9.511567222193257010e+01,0.000000000000000000e+00
4.512000000000000000e+03,9.943132791239871437e+01,0.000000000000000000e+00
4.513000000000000000e+03,1.003553904075047711e+02,0.000000000000000000e+00
4.514000000000000000e+03,1.016595785098984521e+02,0.000000000000000000e+00
4.515000000000000000e+03,9.428392291980058815e+01,0.000000000000000000e+00
4.516000000000000000e+03,1.089617750337165489e+02,0.000000000000000000e+00
4.517000000000000000e+03,1.028013005839252401e+02,0.000000000000000000e+00
4.518000000000000000e+03,9.752699780956316999e+01,0.000000000000000000e+00
4.519000000000000000e+03,1.023537511253888539e+02,0.000000000000000000e+00
4.520000000000000000e+03,9.870003010601143956e+01,0.000000000000000000e+00
4.521000000000000000e+03,9.751975676582316055e+01,0.000000000000000000e+00
4.522000000000000000e+03,9.659504825789817062e+01,0.000000000000000000e+00
4.523000000000000000e+03,1.059424796999387439e+02,0.000000000000000000e+00
4.524000000000000000e+03,1.010922911237789776e+02,0.000000000000000000e+00
4.525000000000000000e+03,9.715949787163732765e+01,0.000000000000000000e+00
4.526000000000000000e+03,1.041336447401436800e+02,0.000000000000000000e+00
4.527000000000000000e+03,1.088634357205206555e+02,0.000000000000000000e+00
4.528000000000000000e+03,1.001429890589708549e+02,0.000000000000000000e+00
4.529000000000000000e+03,1.029459047567417542e+02,0.000000000000000000e+00
4.530000000000000000e+03,9.551985518234191375e+01,0.000000000000000000e+00
4.531000000000000000e+03,1.042830646820720375e+02,0.000000000000000000e+00
4.532000000000000000e+03,9.943435509812420037e+01,0.000000000000000000e+00
4.533000000000000000e+03,1.007637789243575952e+02,0.000000000000000000e+00
4.534000000000000000e+03,1.011849085659104901e+02,0.000000000000000000e+00
4.535000000000000000e+03,9.749026928037920925e+01,0.000000000000000000e+00
4.536000000000000000e+03,1.005483782523738938e+02,0.000000000000000000e+00
4.537000000000000000e+03,1.019483416776349003e+02,0.000000000000000000e+00
4.538000000000000000e+03,9.787876857345401049e+01,0.000000000000000000e+00
4.539000000000000000e+03,1.097442933536293026e+02,0.000000000000000000e+00
4.540000000000000000e+03,1.014787899297821099e+02,0.000000000000000000e+00
4.541000000000000000e+03,9.651899274672558704e+01,0.000000000000000000e+00
4.542000000000000000e+03,9.525361129364196699e+01,0.000000000000000000e+00
4.543000000000000000e+03,1.052987359094219499e+02,0.000000000000000000e+00
4.544000000000000000e+03,9.917765955592982152e+01,0.000000000000000000e+00
4.545000000000000000e+03,1.036630523289925918e+02,0.000000000000000000e+00
4.546000000000000000e+03,1.078118033190182388e+02,0.000000000000000000e+00
4.547000000000000000e+03,1.042390905324469799e+02,0.000000000000000000e+00
4.548000000000000000e+03,1.002175322150250452e+02,0.000000000000000000e+00
4.549000000000000000e+03,1.004880839627609959e+02,0.000000000000000000e+00
4.550000000000000000e+03,1.004338505148710681e+02,0.000000000000000000e+00
4.551000000000000000e+03,9.510348741248370175e+01,0.000000000000000000e+00
4.552000000000000000e+03,1.084848312199193430e+02,0.000000000000000000e+00
4.553000000000000000e+03,9.789448141121408753e+01,0.000000000000000000e+00
4.554000000000000000e+03,1.092964792643222580e+02,0.000000000000000000e+00
4.555000000000000000e+03,9.962578777857375201e+01,0.000000000000000000e+00
4.556000000000000000e+03,9.578262481397975137e+01,0.000000000000000000e+00
4.557000000000000000e+03,9.772415222140526225e+01,0.000000000000000000e+00
4.558000000000000000e+03,1.045504113976913345e+02,0.000000000000000000e+00
4.559000000000000000e+03,1.048927022591570477e+02,0.000000000000000000e+00
4.560000000000000000e+03,9.496445380309314999e+01,0.000000000000000000e+00
4.561000000000000000e+03,9.781428942205207022e+01,0.000000000000000000e+00
4.562000000000000000e+03,1.019691338218369907e+02,0.000000000000000000e+00
4.563000000000000000e+03,1.045672138506650839e+02,0.000000000000000000e+00
4.564000000000000000e+03,1.052212202175041256e+02,0.000000000000000000e+00
4.565000000000000000e+03,9.995425282195860461e+01,0.000000000000000000e+00
4.566000000000000000e+03,9.861570062306012119e+01,0.000000000000000000e+00
4.567000000000000000e+03,1.025728722427284367e+02,0.000000000000000000e+00
4.568000000000000000e+03,1.010262497113637750e+02,0.000000000000000000e+00
4.569000000000000000e+03,1.010572782102576355e+02,0.000000000000000000e+00
4.570000000000000000e+03,1.011637954205606604e+02,0.000000000000000000e+00
4.571000000000000000e+03,1.036872062936259766e+02,0.000000000000000000e+00
4.572000000000000000e+03,1.025907105734017506e+02,0.000000000000000000e+00
4.573000000000000000e+03,9.753422491078983114e+01,0.000000000000000000e+00
4.574000000000000000e+03,9.960748245739627293e+01,0.000000000000000000e+00
4.575000000000000000e+03,1.033071345047251839e+02,0.000000000000000000e+00
4.576000000000000000e+03,9.576051173977104725e+01,0.000000000000000000e+00
4.577000000000000000e+03,1.005962645385483825e+02,0.000000000000000000e+00
4.578000000000000000e+03,1.021064972204381576e+02,0.000000000000000000e+00
4.579000000000000000e+03,1.063160335066662157e+02,0.000000000000000000e+00
4.580000000000000000e+03,1.041777243157748103e+02,0.000000000000000000e+00
4.581000000000000000e+03,1.012829426841216218e+02,0.000000000000000000e+00
4.582000000000000000e+03,9.885462011793123338e+01,0.000000000000000000e+00
4.583000000000000000e+03,1.051062143367479251e+02,0.000000000000000000e+00
4.584000000000000000e+03,9.987893948943873568e+01,0.000000000000000000e+00
4.585000000000000000e+03,1.007319908756257263e+02,0.000000000000000000e+00
4.586000000000000000e+03,1.036972087487302190e+02,0.000000000000000000e+00
4.587000000000000000e+03,1.011692336294561443e+02,0.000000000000000000e+00
4.588000000000000000e+03,1.024228540539805437e+02,0.000000000000000000e+00
4.589000000000000000e+03,1.021599482365937348e+02,0.000000000000000000e+00
4.590000000000000000e+03,1.004786053644333066e+02,0.000000000000000000e+00
4.591000000000000000e+03,9.953831960929214517e+01,0.000000000000000000e+00
4.592000000000000000e+03,1.022075340747677927e+02,0.000000000000000000e+00
4.593000000000000000e+03,9.855372433307070423e+01,0.000000000000000000e+00
4.594000000000000000e+03,1.005795240580447114e+02,0.000000000000000000e+00
4.595000000000000000e+03,9.916391911163943007e+01,0.000000000000000000e+00
4.596000000000000000e+03,9.849265522050849597e+01,0.000000000000000000e+00
4.597000000000000000e+03,1.018753018119355715e+02,0.000000000000000000e+00
4.598000000000000000e+03,1.039001445624023461e+02,0.000000000000000000e+00
4.599000000000000000e+03,1.006618943795540844e+02,0.000000000000000000e+00
4.600000000000000000e+03,9.701977178986521722e+01,0.000000000000000000e+00
4.601000000000000000e+03,1.012116084540893866e+02,0.000000000000000000e+00
4.602000000000000000e+03,9.985762584036028500e+01,0.000000000000000000e+00
4.603000000000000000e+03,1.010405767112401634e+02,0.000000000000000000e+00
4.604000000000000000e+03,1.005640903093878364e+02,0.000000000000000000e+00
4.605000000000000000e+03,9.853410744229644536e+01,0.000000000000000000e+00
4.606000000000000000e+03,1.041052526772461562e+02,0.000000000000000000e+00
4.607000000000000000e+03,9.735246655996019172e+01,0.000000000000000000e+00
4.608000000000000000e+03,1.032386220540980730e+02,0.000000000000000000e+00
4.609000000000000000e+03,1.050783943374947569e+02,0.000000000000000000e+00
4.610000000000000000e+03,1.020006127376846052e+02,0.000000000000000000e+00
4.611000000000000000e+03,1.001853756136529370e+02,0.000000000000000000e+00
4.612000000000000000e+03,9.874185877929599542e+01,0.000000000000000000e+00
4.613000000000000000e+03,1.070523607705226112e+02,0.000000000000000000e+00
4.614000000000000000e+03,9.924478675518678017e+01,0.000000000000000000e+00
4.615000000000000000e+03,1.015298738273142334e+02,0.000000000000000000e+00
4.616000000000000000e+03,1.047023033901318882e+02,0.000000000000000000e+00
4.617000000000000000e+03,1.039276298973739046e+02,0.000000000000000000e+00
4.618000000000000000e+03,9.954142743648604608e+01,0.000000000000000000e+00
4.619000000000000000e+03,1.032547298298583058e+02,0.000000000000000000e+00
4.620000000000000000e+03,9.698672503217342467e+01,0.000000000000000000e+00
4.621000000000000000e+03,1.045952212125866652e+02,0.000000000000000000e+00
4.622000000000000000e+03,1.035282661794690995e+02,0.000000000000000000e+00
4.623000000000000000e+03,1.024044237285413317e+02,0.000000000000000000e+00
4.624000000000000000e+03,1.063185069315717470e+02,0.000000000000000000e+00
4.625000000000000000e+03,9.560689200808965893e+01,0.000000000000000000e+00
4.626000000000000000e+03,1.061176593049749641e+02,0.000000000000000000e+00
4.627000000000000000e+03,1.039614628491039099e+02,0.000000000000000000e+00
4.628000000000000000e+03,1.015329067888132641e+02,0.000000000000000000e+00
4.629000000000000000e+03,9.807364113739886591e+01,0.000000000000000000e+00
4.630000000000000000e+03,1.084025382833763587e+02,0.000000000000000000e+00
4.631000000000000000e+03,1.027796626869211423e+02,0.000000000000000000e+00
4.632000000000000000e+03,1.042883058319459479e+02,0.000000000000000000e+00
4.633000000000000000e+03,1.117669239917800184e+02,0.000000000000000000e+00
4.634000000000000000e+03,9.627629518949279941e+01,0.000000000000000000e+00
4.635000000000000000e+03,1.031467744755476303e+02,0.000000000000000000e+00
4.636000000000000000e+03,1.009551310862954239e+02,0.000000000000000000e+00
4.637000000000000000e+03,9.945563089107106691e+01,0.000000000000000000e+00
4.638000000000000000e+03,1.013033307096482361e+02,0.000000000000000000e+00
4.639000000000000000e+03,1.062330285678255279e+02,0.000000000000000000e+00
4.640000000000000000e+03,9.806327576733684737e+01,0.000000000000000000e+00
4.641000000000000000e+03,9.885281883709602369e+01,0.000000000000000000e+00
4.642000000000000000e+03,9.519252241259812308e+01,0.000000000000000000e+00
4.643000000000000000e+03,9.965930586079277020e+01,0.000000000000000000e+00
4.644000000000000000e+03,1.017206203915652480e+02,0.000000000000000000e+00
4.645000000000000000e+03,9.848064118125412847e+01,0.000000000000000000e+00
4.646000000000000000e+03,1.044399157853266615e+02,0.000000000000000000e+00
4.647000000000000000e+03,9.639547744244573835e+01,0.000000000000000000e+00
4.648000000000000000e+03,1.014390884040593050e+02,0.000000000000000000e+00
4.649000000000000000e+03,1.030285916754559850e+02,0.000000000000000000e+00
4.650000000000000000e+03,1.016165340408764024e+02,0.000000000000000000e+00
4.651000000000000000e+03,9.706428622164628450e+01,0.000000000000000000e+00
4.652000000000000000e+03,9.877712784015804459e+01,0.000000000000000000e+00
4.653000000000000000e+03,9.943137313539541822e+01,0.000000000000000000e+00
4.654000000000000000e+03,1.068444768936100786e+02,0.000000000000000000e+00
4.655000000000000000e+03,9.998360155011405936e+01,0.000000000000000000e+00
4.656000000000000000e+03,9.868655361361602729e+01,0.000000000000000000e+00
4.657000000000000000e+03,1.012119893369324188e+02,0.000000000000000000e+00
4.658000000000000000e+03,9.529257688274432780e+01,0.000000000000000000e+00
4.659000000000000000e+03,9.942074718493682894e+01,0.000000000000000000e+00
4.660000000000000000e+03,1.007077883540301571e+02,0.000000000000000000e+00
4.661000000000000000e+03,9.947738878376286209e+01,0.000000000000000000e+00
4.662000000000000000e+03,1.038571549616100356e+02,0.000000000000000000e+00
4.663000000000000000e+03,1.101854325389671203e+02,0.000000000000000000e+00
4.664000000000000000e+03,1.014900889934565953e+02,0.000000000000000000e+00
4.665000000000000000e+03,9.795255029872244279e+01,0.000000000000000000e+00
4.666000000000000000e+03,1.005220731331126132e+02,0.000000000000000000e+00
4.667000000000000000e+03,9.451900690730892052e+01,0.000000000000000000e+00
4.668000000000000000e+03,1.073847391342120972e+02,0.000000000000000000e+00
4.669000000000000000e+03,1.060044296049522643e+02,0.000000000000000000e+00
4.670000000000000000e+03,1.034963982571046301e+02,0.000000000000000000e+00
4.671000000000000000e+03,9.793758103761560108e+01,0.000000000000000000e+00
4.672000000000000000e+03,9.807995697522528644e+01,0.000000000000000000e+00
4.673000000000000000e+03,1.043581490247213424e+02,0.000000000000000000e+00
4.674000000000000000e+03,1.040371133222256219e+02,0.000000000000000000e+00
4.675000000000000000e+03,1.022166588390254276e+02,0.000000000000000000e+00
4.676000000000000000e+03,9.642950394909117051e+01,0.000000000000000000e+00
4.677000000000000000e+03,1.008994270397716804e+02,0.000000000000000000e+00
4.678000000000000000e+03,9.695220824524763259e+01,0.000000000000000000e+00
4.679000000000000000e+03,1.011831478274207257e+02,0.000000000000000000e+00
4.680000000000000000e+03,9.289099769306359633e+01,0.000000000000000000e+00
4.681000000000000000e+03,1.006020070674942133e+02,0.000000000000000000e+00
4.682000000000000000e+03,1.051113268462461292e+02,0.000000000000000000e+00
4.683000000000000000e+03,1.002385874639681020e+02,0.000000000000000000e+00
4.684000000000000000e+03,1.015965025120165137e+02,0.000000000000000000e+00
4.685000000000000000e+03,9.991607491190170265e+01,0.000000000000000000e+00
4.686000000000000000e+03,1.024134601915686744e+02,0.000000000000000000e+00
4.687000000000000000e+03,1.049566357613824437e+02,0.000000000000000000e+00
4.688000000000000000e+03,1.027396435571103410e+02,0.000000000000000000e+00
4.689000000000000000e+03,9.615615560089108271e+01,0.000000000000000000e+00
4.690000000000000000e+03,1.003668001875420543e+02,0.000000000000000000e+00
4.691000000000000000e+03,9.695599485295662134e+01,0.000000000000000000e+00
4.692000000000000000e+03,1.036302511790898961e+02,0.000000000000000000e+00
4.693000000000000000e+03,1.053172862520549131e+02,0.000000000000000000e+00
4.694000000000000000e+03,1.031841951729978888e+02,0.000000000000000000e+00
4.695000000000000000e+03,1.034883956759937718e+02,0.000000000000000000e+00
4.696000000000000000e+03,1.045949277825629622e+02,0.000000000000000000e+00
4.697000000000000000e+03,1.025248603449278164e+02,0.000000000000000000e+00
4.698000000000000000e+03,9.531732778441734411e+01,0.000000000000000000e+00
4.699000000000000000e+03,1.023923853999314844e+02,0.000000000000000000e+00
4.700000000000000000e+03,9.749360523865811956e+01,0.000000000000000000e+00
4.701000000000000000e+03,1.031586151257000381e+02,0.000000000000000000e+00
4.702000000000000000e+03,1.076710587719221053e+02,0.000000000000000000e+00
4.703000000000000000e+03,1.073433989361677448e+02,0.000000000000000000e+00
4.704000000000000000e+03,1.028551168728466365e+02,0.000000000000000000e+00
4.705000000000000000e+03,1.019398319586124302e+02,0.000000000000000000e+00
4.706000000000000000e+03,1.071987420795784516e+02,0.000000000000000000e+00
4.707000000000000000e+03,1.006598774228197613e+02,0.000000000000000000e+00
4.708000000000000000e+03,9.968680296675950103e+01,0.000000000000000000e+00
4.709000000000000000e+03,1.025624202160703362e+02,0.000000000000000000e+00
4.710000000000000000e+03,1.016111141439315304e+02,0.000000000000000000e+00
4.711000000000000000e+03,9.442577690923747014e+01,0.000000000000000000e+00
4.712000000000000000e+03,1.049172702771705161e+02,0.000000000000000000e+00
4.713000000000000000e+03,1.023763320648016730e+02,0.000000000000000000e+00
4.714000000000000000e+03,9.959306652881207356e+01,0.000000000000000000e+00
4.715000000000000000e+03,1.080885215370854695e+02,0.000000000000000000e+00
4.716000000000000000e+03,9.199079589600452778e+01,0.000000000000000000e+00
4.717000000000000000e+03,9.977534017072063932e+01,0.000000000000000000e+00
4.718000000000000000e+03,1.016494043797843148e+02,0.000000000000000000e+00
4.719000000000000000e+03,9.612381046512116711e+01,0.000000000000000000e+00
4.720000000000000000e+03,1.001048144776082722e+02,0.000000000000000000e+00
4.721000000000000000e+03,1.005220521461314860e+02,0.000000000000000000e+00
4.722000000000000000e+03,9.604256506048004383e+01,0.000000000000000000e+00
4.723000000000000000e+03,1.016204722438345129e+02,0.000000000000000000e+00
4.724000000000000000e+03,1.019951469523165031e+02,0.000000000000000000e+00
4.725000000000000000e+03,1.005758660888270128e+02,0.000000000000000000e+00
4.726000000000000000e+03,1.014178262520768783e+02,0.000000000000000000e+00
4.727000000000000000e+03,1.057553382918943896e+02,0.000000000000000000e+00
4.728000000000000000e+03,9.657407361601477191e+01,0.000000000000000000e+00
4.729000000000000000e+03,1.013327067844787877e+02,0.000000000000000000e+00
4.730000000000000000e+03,1.013153572885231881e+02,0.000000000000000000e+00
4.731000000000000000e+03,1.050068991305927710e+02,0.000000000000000000e+00
4.732000000000000000e+03,1.007831425674482944e+02,0.000000000000000000e+00
4.733000000000000000e+03,9.702385362223481025e+01,0.000000000000000000e+00
4.734000000000000000e+03,1.015111751404427309e+02,0.000000000000000000e+00
4.735000000000000000e+03,9.464267132509984037e+01,0.000000000000000000e+00
4.736000000000000000e+03,1.024601630901246239e+02,0.000000000000000000e+00
4.737000000000000000e+03,1.002180293397752138e+02,0.000000000000000000e+00
4.738000000000000000e+03,1.035885417417605083e+02,0.000000000000000000e+00
4.739000000000000000e+03,9.743488792603953641e+01,0.000000000000000000e+00
4.740000000000000000e+03,1.018392628739068897e+02,0.000000000000000000e+00
4.741000000000000000e+03,1.017142642156734098e+02,0.000000000000000000e+00
4.742000000000000000e+03,9.695522426593366561e+01,0.000000000000000000e+00
4.743000000000000000e+03,9.747729890644019690e+01,0.000000000000000000e+00
4.744000000000000000e+03,1.030124442706040924e+02,0.000000000000000000e+00
4.745000000000000000e+03,1.020401074621498765e+02,0.000000000000000000e+00
4.746000000000000000e+03,9.905474734576844753e+01,0.000000000000000000e+00
4.747000000000000000e+03,1.038177178311418061e+02,0.000000000000000000e+00
4.748000000000000000e+03,9.582272198228518789e+01,0.000000000000000000e+00
4.749000000000000000e+03,1.026909643708474675e+02,0.000000000000000000e+00
4.750000000000000000e+03,1.031162915444021024e+02,0.000000000000000000e+00
4.751000000000000000e+03,1.052338719519179477e+02,0.000000000000000000e+00
4.752000000000000000e+03,9.981406167366228033e+01,0.000000000000000000e+00
4.753000000000000000e+03,9.766825135886125508e+01,0.000000000000000000e+00
4.754000000000000000e+03,1.012321500836268626e+02,0.000000000000000000e+00
4.755000000000000000e+03,9.654955518237747469e+01,0.000000000000000000e+00
4.756000000000000000e+03,1.015522198587473497e+02,0.000000000000000000e+00
4.757000000000000000e+03,9.797242015811468718e+01,0.000000000000000000e+00
4.758000000000000000e+03,9.780444326922784626e+01,0.000000000000000000e+00
4.759000000000000000e+03,1.016747158787618872e+02,0.000000000000000000e+00
4.760000000000000000e+03,1.007106063632495108e+02,0.000000000000000000e+00
4.761000000000000000e+03,1.040428563505133610e+02,0.000000000000000000e+00
4.762000000000000000e+03,1.013363970186303646e+02,0.000000000000000000e+00
4.763000000000000000e+03,1.044189182621408065e+02,0.000000000000000000e+00
4.764000000000000000e+03,1.091764736094496300e+02,0.000000000000000000e+00
4.765000000000000000e+03,9.346540625990647300e+01,0.000000000000000000e+00
4.766000000000000000e+03,1.040388071783548440e+02,0.000000000000000000e+00
4.767000000000000000e+03,1.001861197664515259e+02,0.000000000000000000e+00
4.768000000000000000e+03,9.926979907081788213e+01,0.000000000000000000e+00
4.769000000000000000e+03,1.011730143030102340e+02,0.000000000000000000e+00
4.770000000000000000e+03,1.021835107047543687e+02,0.000000000000000000e+00
4.771000000000000000e+03,9.843488328178916902e+01,0.000000000000000000e+00
4.772000000000000000e+03,1.016323969888849064e+02,0.000000000000000000e+00
4.773000000000000000e+03,1.006813965267108841e+02,0.000000000000000000e+00
4.774000000000000000e+03,1.007199821670953384e+02,0.000000000000000000e+00
4.775000000000000000e+03,1.047259735282397202e+02,0.000000000000000000e+00
4.776000000000000000e+03,1.058235098898115041e+02,0.000000000000000000e+00
4.777000000000000000e+03,9.942533341652283241e+01,0.000000000000000000e+00
4.778000000000000000e+03,9.583078289083537982e+01,0.000000000000000000e+00
4.779000000000000000e+03,9.916499133492547458e+01,0.000000000000000000e+00
4.780000000000000000e+03,9.900364450685925988e+01,0.000000000000000000e+00
4.781000000000000000e+03,9.960801994026746797e+01,0.000000000000000000e+00
4.782000000000000000e+03,1.044549290575924090e+02,0.000000000000000000e+00
4.783000000000000000e+03,1.063046365698866538e+02,0.000000000000000000e+00
4.784000000000000000e+03,9.837672647148029625e+01,0.000000000000000000e+00
4.785000000000000000e+03,1.110355514057604154e+02,0.000000000000000000e+00
4.786000000000000000e+03,1.033332889309897524e+02,0.000000000000000000e+00
4.787000000000000000e+03,1.084244883578551395e+02,0.000000000000000000e+00
4.788000000000000000e+03,1.043417462342400484e+02,0.000000000000000000e+00
4.789000000000000000e+03,1.093336668245931094e+02,0.000000000000000000e+00
4.790000000000000000e+03,1.023826493761551575e+02,0.000000000000000000e+00
4.791000000000000000e+03,9.210571332494772889e+01,0.000000000000000000e+00
4.792000000000000000e+03,9.717356030818588408e+01,0.000000000000000000e+00
4.793000000000000000e+03,1.021053078142522992e+02,0.000000000000000000e+00
4.794000000000000000e+03,9.959753867178235964e+01,0.000000000000000000e+00
4.795000000000000000e+03,9.797278177343719108e+01,0.000000000000000000e+00
4.796000000000000000e+03,9.022788638025915020e+01,0.000000000000000000e+00
4.797000000000000000e+03,9.984812125178335407e+01,0.000000000000000000e+00
4.798000000000000000e+03,9.935908568257335105e+01,0.000000000000000000e+00
4.799000000000000000e+03,1.050364003052744266e+02,0.000000000000000000e+00
4.800000000000000000e+03,1.034600752346066770e+02,0.000000000000000000e+00
4.801000000000000000e+03,1.035119941223446034e+02,0.000000000000000000e+00
4.802000000000000000e+03,9.953634859052375816e+01,0.000000000000000000e+00
4.803000000000000000e+03,1.048758691529536549e+02,0.000000000000000000e+00
4.804000000000000000e+03,9.888277205871395381e+01,0.000000000000000000e+00
4.805000000000000000e+03,1.008439563673128845e+02,0.000000000000000000e+00
4.806000000000000000e+03,1.064641474529356771e+02,0.000000000000000000e+00
4.807000000000000000e+03,1.025265615956130461e+02,0.000000000000000000e+00
4.808000000000000000e+03,1.005037622997577813e+02,0.000000000000000000e+00
4.809000000000000000e+03,9.691720433404712765e+01,0.000000000000000000e+00
4.810000000000000000e+03,9.802805519862872075e+01,0.000000000000000000e+00
4.811000000000000000e+03,1.058765777733139828e+02,0.000000000000000000e+00
4.812000000000000000e+03,9.634424290668471258e+01,0.000000000000000000e+00
4.813000000000000000e+03,9.202627996928126208e+01,0.000000000000000000e+00
4.814000000000000000e+03,1.066767893656831347e+02,0.000000000000000000e+00
4.815000000000000000e+03,1.000121416973784676e+02,0.000000000000000000e+00
4.816000000000000000e+03,1.051227872385516946e+02,0.000000000000000000e+00
4.817000000000000000e+03,9.158535645410837844e+01,0.000000000000000000e+00
4.818000000000000000e+03,1.043663893634995787e+02,0.000000000000000000e+00
4.819000000000000000e+03,1.033236663568702625e+02,0.000000000000000000e+00
4.820000000000000000e+03,1.072080013662874620e+02,0.000000000000000000e+00
4.821000000000000000e+03,1.022767391840592097e+02,0.000000000000000000e+00
4.822000000000000000e+03,1.013332608671602486e+02,0.000000000000000000e+00
4.823000000000000000e+03,9.696166983521068516e+01,0.000000000000000000e+00
4.824000000000000000e+03,1.002480636840822115e+02,0.000000000000000000e+00
4.825000000000000000e+03,1.008857415253533816e+02,0.000000000000000000e+00
4.826000000000000000e+03,1.023911076512590768e+02,0.000000000000000000e+00
4.827000000000000000e+03,9.540474145619312196e+01,0.000000000000000000e+00
4.828000000000000000e+03,1.024195171095853567e+02,0.000000000000000000e+00
4.829000000000000000e+03,9.951655815913790093e+01,0.000000000000000000e+00
4.830000000000000000e+03,1.014508978016677077e+02,0.000000000000000000e+00
4.831000000000000000e+03,9.589296057846901533e+01,0.000000000000000000e+00
4.832000000000000000e+03,9.971577444357689046e+01,0.000000000000000000e+00
4.833000000000000000e+03,1.062245589517325044e+02,0.000000000000000000e+00
4.834000000000000000e+03,1.063427200107123696e+02,0.000000000000000000e+00
4.835000000000000000e+03,1.028573991416729712e+02,0.000000000000000000e+00
4.836000000000000000e+03,9.952419201581783170e+01,0.000000000000000000e+00
4.837000000000000000e+03,1.040541608442757990e+02,0.000000000000000000e+00
4.838000000000000000e+03,1.039998453899253121e+02,0.000000000000000000e+00
4.839000000000000000e+03,1.010861122949211648e+02,0.000000000000000000e+00
4.840000000000000000e+03,1.070217219905338482e+02,0.000000000000000000e+00
4.841000000000000000e+03,1.014625735248223037e+02,0.000000000000000000e+00
4.842000000000000000e+03,1.023002739732197455e+02,0.000000000000000000e+00
4.843000000000000000e+03,1.019006842161743123e+02,0.000000000000000000e+00
4.844000000000000000e+03,1.005445824517069866e+02,0.000000000000000000e+00
4.845000000000000000e+03,9.771713549692856304e+01,0.000000000000000000e+00
4.846000000000000000e+03,1.017904460397771658e+02,0.000000000000000000e+00
4.847000000000000000e+03,1.026612048368876486e+02,0.000000000000000000e+00
4.848000000000000000e+03,9.974050646804823828e+01,0.000000000000000000e+00
4.849000000000000000e+03,1.009652097035129401e+02,0.000000000000000000e+00
4.850000000000000000e+03,1.011648946614526494e+02,0.000000000000000000e+00
4.851000000000000000e+03,1.077639204224793588e+02,0.000000000000000000e+00
4.852000000000000000e+03,9.778740024765119188e+01,0.000000000000000000e+00
4.853000000000000000e+03,9.991315623692179315e+01,0.000000000000000000e+00
4.854000000000000000e+03,1.037920528777420941e+02,0.000000000000000000e+00
4.855000000000000000e+03,1.031510341105105653e+02,0.000000000000000000e+00
4.856000000000000000e+03,1.013816990663431739e+02,0.000000000000000000e+00
4.857000000000000000e+03,1.088264232357818742e+02,0.000000000000000000e+00
4.858000000000000000e+03,9.451468985964001490e+01,0.000000000000000000e+00
4.859000000000000000e+03,1.019953677090334168e+02,0.000000000000000000e+00
4.860000000000000000e+03,1.037578499433402897e+02,0.000000000000000000e+00
4.861000000000000000e+03,1.004968760350142531e+02,0.000000000000000000e+00
4.862000000000000000e+03,1.048479025516865590e+02,0.000000000000000000e+00
4.863000000000000000e+03,9.886549242460365861e+01,0.000000000000000000e+00
4.864000000000000000e+03,1.059088864665860115e+02,0.000000000000000000e+00
4.865000000000000000e+03,1.001511169616511694e+02,0.000000000000000000e+00
4.866000000000000000e+03,1.075825035009559087e+02,0.000000000000000000e+00
4.867000000000000000e+03,1.090133739066948664e+02,0.000000000000000000e+00
4.868000000000000000e+03,9.778013015776261341e+01,0.000000000000000000e+00
4.869000000000000000e+03,1.045168794108896009e+02,0.000000000000000000e+00
4.870000000000000000e+03,9.900433526583758237e+01,0.000000000000000000e+00
4.871000000000000000e+03,1.019135841109879550e+02,0.000000000000000000e+00
4.872000000000000000e+03,1.033241709157505426e+02,0.000000000000000000e+00
4.873000000000000000e+03,9.742850535353724695e+01,0.000000000000000000e+00
4.874000000000000000e+03,1.053072424302040133e+02,0.000000000000000000e+00
4.875000000000000000e+03,1.007385271798423076e+02,0.000000000000000000e+00
4.876000000000000000e+03,1.011294383087884512e+02,0.000000000000000000e+00
4.877000000000000000e+03,9.922854659046561210e+01,0.000000000000000000e+00
4.878000000000000000e+03,1.093227653057867741e+02,0.000000000000000000e+00
4.879000000000000000e+03,9.793069221821355086e+01,0.000000000000000000e+00
4.880000000000000000e+03,9.417607181004281358e+01,0.000000000000000000e+00
4.881000000000000000e+03,9.850023026469533249e+01,0.000000000000000000e+00
4.882000000000000000e+03,1.048465925597619588e+02,0.000000000000000000e+00
4.883000000000000000e+03,1.006808452750315155e+02,0.000000000000000000e+00
4.884000000000000000e+03,1.053349954360286773e+02,0.000000000000000000e+00
4.885000000000000000e+03,1.021736372672534685e+02,0.000000000000000000e+00
4.886000000000000000e+03,9.475010762734699199e+01,0.000000000000000000e+00
4.887000000000000000e+03,1.066339140351400516e+02,0.000000000000000000e+00
4.888000000000000000e+03,9.915227917987965611e+01,0.000000000000000000e+00
4.889000000000000000e+03,9.666720169361065018e+01,0.000000000000000000e+00
4.890000000000000000e+03,9.646242030899891517e+01,0.000000000000000000e+00
4.891000000000000000e+03,9.854197571272989364e+01,0.000000000000000000e+00
4.892000000000000000e+03,9.945707583919870842e+01,0.000000000000000000e+00
4.893000000000000000e+03,1.027585019264983259e+02,0.000000000000000000e+00
4.894000000000000000e+03,1.086701462243436964e+02,0.000000000000000000e+00
4.895000000000000000e+03,1.032917695298000780e+02,0.000000000000000000e+00
4.896000000000000000e+03,9.726814023580000423e+01,0.000000000000000000e+00
4.897000000000000000e+03,9.507747854679197985e+01,0.000000000000000000e+00
4.898000000000000000e+03,1.017800739850144964e+02,0.000000000000000000e+00
4.899000000000000000e+03,9.470892158193719013e+01,0.000000000000000000e+00
4.900000000000000000e+03,1.061192307314859988e+02,0.000000000000000000e+00
4.901000000000000000e+03,1.010541852636824558e+02,0.000000000000000000e+00
4.902000000000000000e+03,1.025241586048527154e+02,0.000000000000000000e+00
4.903000000000000000e+03,1.022293459550293449e+02,0.000000000000000000e+00
4.904000000000000000e+03,9.567688686595033687e+01,0.000000000000000000e+00
4.905000000000000000e+03,1.000827958518449492e+02,0.000000000000000000e+00
4.906000000000000000e+03,1.021484289247417223e+02,0.000000000000000000e+00
4.907000000000000000e+03,1.017801496544610558e+02,0.000000000000000000e+00
4.908000000000000000e+03,1.068298986294081914e+02,0.000000000000000000e+00
4.909000000000000000e+03,1.008775928442308469e+02,0.000000000000000000e+00
4.910000000000000000e+03,1.023082422805755414e+02,0.000000000000000000e+00
4.911000000000000000e+03,1.036132796515022676e+02,0.000000000000000000e+00
4.912000000000000000e+03,9.859326185980211221e+01,0.000000000000000000e+00
4.913000000000000000e+03,1.017025807882497190e+02,0.000000000000000000e+00
4.914000000000000000e+03,1.011492157874707516e+02,0.000000000000000000e+00
4.915000000000000000e+03,1.027484247882754715e+02,0.000000000000000000e+00
4.916000000000000000e+03,1.049764446941002092e+02,0.000000000000000000e+00
4.917000000000000000e+03,1.025960206913753296e+02,0.000000000000000000e+00
4.918000000000000000e+03,1.042910857574911887e+02,0.000000000000000000e+00
4.919000000000000000e+03,9.774439537932367728e+01,0.000000000000000000e+00
4.920000000000000000e+03,1.071331706557965902e+02,0.000000000000000000e+00
4.921000000000000000e+03,1.018144095665137172e+02,0.000000000000000000e+00
4.922000000000000000e+03,1.047997481682567553e+02,0.000000000000000000e+00
4.923000000000000000e+03,9.513960374479003690e+01,0.000000000000000000e+00
4.924000000000000000e+03,1.005018021807952948e+02,0.000000000000000000e+00
4.925000000000000000e+03,1.022817237429455162e+02,0.000000000000000000e+00
4.926000000000000000e+03,1.003103307262994974e+02,0.000000000000000000e+00
4.927000000000000000e+03,1.001472442176997077e+02,0.000000000000000000e+00
4.928000000000000000e+03,1.071233517822994230e+02,0.000000000000000000e+00
4.929000000000000000e+03,1.036726397768399437e+02,0.000000000000000000e+00
4.930000000000000000e+03,9.823796684775604149e+01,0.000000000000000000e+00
4.931000000000000000e+03,9.951752995894749176e+01,0.000000000000000000e+00
4.932000000000000000e+03,9.809011378175782170e+01,0.000000000000000000e+00
4.933000000000000000e+03,9.541692975452765779e+01,0.000000000000000000e+00
4.934000000000000000e+03,1.005737200740227593e+02,0.000000000000000000e+00
4.935000000000000000e+03,1.078188376380244620e+02,0.000000000000000000e+00
4.936000000000000000e+03,9.894819883791484472e+01,0.000000000000000000e+00
4.937000000000000000e+03,1.060925602955613414e+02,0.000000000000000000e+00
4.938000000000000000e+03,9.920942297971477331e+01,0.000000000000000000e+00
4.939000000000000000e+03,1.062390311790493485e+02,0.000000000000000000e+00
4.940000000000000000e+03,1.027319029088343569e+02,0.000000000000000000e+00
4.941000000000000000e+03,1.045223312497681576e+02,0.000000000000000000e+00
4.942000000000000000e+03,9.715643115576114042e+01,0.000000000000000000e+00
4.943000000000000000e+03,9.565433051194645486e+01,0.000000000000000000e+00
4.944000000000000000e+03,9.798916859496864618e+01,0.000000000000000000e+00
4.945000000000000000e+03,1.089352592500914341e+02,0.000000000000000000e+00
4.946000000000000000e+03,9.983049169109946774e+01,0.000000000000000000e+00
4.947000000000000000e+03,1.043104477481385999e+02,0.000000000000000000e+00
4.948000000000000000e+03,1.045157928210919067e+02,0.000000000000000000e+00
4.949000000000000000e+03,9.898207487953170869e+01,0.000000000000000000e+00
4.950000000000000000e+03,1.011651063079269619e+02,0.000000000000000000e+00
4.951000000000000000e+03,9.731953942646350697e+01,0.000000000000000000e+00
4.952000000000000000e+03,1.004345505334741944e+02,0.000000000000000000e+00
4.953000000000000000e+03,9.840875130533444803e+01,0.000000000000000000e+00
4.954000000000000000e+03,1.030367981871307563e+02,0.000000000000000000e+00
4.955000000000000000e+03,9.889162664984922912e+01,0.000000000000000000e+00
4.956000000000000000e+03,9.891997888957617135e+01,0.000000000000000000e+00
4.957000000000000000e+03,1.083491163163206039e+02,0.000000000000000000e+00
4.958000000000000000e+03,9.858083720900090441e+01,0.000000000000000000e+00
4.959000000000000000e+03,9.891344580868342007e+01,0.000000000000000000e+00
4.960000000000000000e+03,1.013664524682807979e+02,0.000000000000000000e+00
4.961000000000000000e+03,9.958942023614324057e+01,0.000000000000000000e+00
4.962000000000000000e+03,9.873971363448350758e+01,0.000000000000000000e+00
4.963000000000000000e+03,1.047020226664227778e+02,0.000000000000000000e+00
4.964000000000000000e+03,9.934619693099730853e+01,0.000000000000000000e+00
4.965000000000000000e+03,1.030753975539108893e+02,0.000000000000000000e+00
4.966000000000000000e+03,1.038438353897452373e+02,0.000000000000000000e+00
4.967000000000000000e+03,9.665705668490900848e+01,0.000000000000000000e+00
4.968000000000000000e+03,1.042447173304764050e+02,0.000000000000000000e+00
4.969000000000000000e+03,1.045948199759282033e+02,0.000000000000000000e+00
4.970000000000000000e+03,1.030586530608800047e+02,0.000000000000000000e+00
4.971000000000000000e+03,1.005073324043278546e+02,0.000000000000000000e+00
4.972000000000000000e+03,9.974979480070787474e+01,0.000000000000000000e+00
4.973000000000000000e+03,1.015815354266631658e+02,0.000000000000000000e+00
4.974000000000000000e+03,9.720545010571906630e+01,0.000000000000000000e+00
4.975000000000000000e+03,1.026322782414180068e+02,0.000000000000000000e+00
4.976000000000000000e+03,1.030056319003086287e+02,0.000000000000000000e+00
4.977000000000000000e+03,1.054822599217016688e+02,0.000000000000000000e+00
4.978000000000000000e+03,9.826586099072522984e+01,0.000000000000000000e+00
4.979000000000000000e+03,9.782775491220523634e+01,0.000000000000000000e+00
4.980000000000000000e+03,1.011978623477022410e+02,0.000000000000000000e+00
4.981000000000000000e+03,1.031330235572862222e+02,0.000000000000000000e+00
4.982000000000000000e+03,9.945518246778217986e+01,0.000000000000000000e+00
4.983000000000000000e+03,9.977612754445399901e+01,0.000000000000000000e+00
4.984000000000000000e+03,1.040696853185187081e+02,0.000000000000000000e+00
4.985000000000000000e+03,9.940168135950821693e+01,0.000000000000000000e+00
4.986000000000000000e+03,1.031612965325603284e+02,0.000000000000000000e+00
4.987000000000000000e+03,1.040581810413158621e+02,0.000000000000000000e+00
4.988000000000000000e+03,1.065185244508819267e+02,0.000000000000000000e+00
4.989000000000000000e+03,1.033831480123875934e+02,0.000000000000000000e+00
4.990000000000000000e+03,1.033931817637821666e+02,0.000000000000000000e+00
4.991000000000000000e+03,1.002517114477984279e+02,0.000000000000000000e+00
4.992000000000000000e+03,9.540269446337754289e+01,0.000000000000000000e+00
4.993000000000000000e+03,9.595121155801757595e+01,0.000000000000000000e+00
4.994000000000000000e+03,1.005494200156272768e+02,0.000000000000000000e+00
4.995000000000000000e+03,1.047749557118198283e+02,0.000000000000000000e+00
4.996000000000000000e+03,1.035527103337698094e+02,0.000000000000000000e+00
4.997000000000000000e+03,1.061192053100061941e+02,0.000000000000000000e+00
4.998000000000000000e+03,1.049660178145632869e+02,0.000000000000000000e+00
4.999000000000000000e+03,1.012619204323606255e+02,0.000000000000000000e+00
5.000000000000000000e+03,1.017675482906949185e+02,0.000000000000000000e+00
5.001000000000000000e+03,9.848823478792024844e+01,0.000000000000000000e+00
5.002000000000000000e+03,9.959367832229453654e+01,0.000000000000000000e+00
5.003000000000000000e+03,9.877948794765224250e+01,0.000000000000000000e+00
5.004000000000000000e+03,9.599416841838466041e+01,0.000000000000000000e+00
5.005000000000000000e+03,9.955848787636887209e+01,0.000000000000000000e+00
5.006000000000000000e+03,1.025913473279650248e+02,0.000000000000000000e+00
5.007000000000000000e+03,1.022923028149976545e+02,0.000000000000000000e+00
5.008000000000000000e+03,1.011945986115519958e+02,0.000000000000000000e+00
5.009000000000000000e+03,1.002754536284122935e+02,0.000000000000000000e+00
5.010000000000000000e+03,1.016126802034324470e+02,0.000000000000000000e+00
5.011000000000000000e+03,1.059988963185416395e+02,0.000000000000000000e+00
5.012000000000000000e+03,1.050961520525640935e+02,0.000000000000000000e+00
5.013000000000000000e+03,9.935190404043370904e+01,0.000000000000000000e+00
5.014000000000000000e+03,9.876060736609451851e+01,0.000000000000000000e+00
5.015000000000000000e+03,1.023254866096015121e+02,0.000000000000000000e+00
5.016000000000000000e+03,1.053561535790649657e+02,0.000000000000000000e+00
5.017000000000000000e+03,1.085843153362994116e+02,0.000000000000000000e+00
5.018000000000000000e+03,1.024100453360570668e+02,0.000000000000000000e+00
5.019000000000000000e+03,9.520414171933093428e+01,0.000000000000000000e+00
5.020000000000000000e+03,9.936841273296518295e+01,0.000000000000000000e+00
5.021000000000000000e+03,1.060975179914262014e+02,0.000000000000000000e+00
5.022000000000000000e+03,9.377907733716952521e+01,0.000000000000000000e+00
5.023000000000000000e+03,9.655935849121411252e+01,0.000000000000000000e+00
5.024000000000000000e+03,9.593149456114011286e+01,0.000000000000000000e+00
5.025000000000000000e+03,1.005980836280569832e+02,0.000000000000000000e+00
5.026000000000000000e+03,1.067319757852840496e+02,0.000000000000000000e+00
5.027000000000000000e+03,1.056462365483818218e+02,0.000000000000000000e+00
5.028000000000000000e+03,1.077167965060754824e+02,0.000000000000000000e+00
5.029000000000000000e+03,9.960014898873686207e+01,0.000000000000000000e+00
5.030000000000000000e+03,1.003084440141957856e+02,0.000000000000000000e+00
5.031000000000000000e+03,9.972639039929860871e+01,0.000000000000000000e+00
5.032000000000000000e+03,1.000214474806426495e+02,0.000000000000000000e+00
5.033000000000000000e+03,1.012685382259939360e+02,0.000000000000000000e+00
5.034000000000000000e+03,1.008810715933223605e+02,0.000000000000000000e+00
5.035000000000000000e+03,1.017113517839319599e+02,0.000000000000000000e+00
5.036000000000000000e+03,1.003902523994110538e+02,0.000000000000000000e+00
5.037000000000000000e+03,1.094535094910941382e+02,0.000000000000000000e+00
5.038000000000000000e+03,1.057894372288901366e+02,0.000000000000000000e+00
5.039000000000000000e+03,1.018802732881133863e+02,0.000000000000000000e+00
5.040000000000000000e+03,1.018819111962586561e+02,0.000000000000000000e+00
5.041000000000000000e+03,9.805326392604143848e+01,0.000000000000000000e+00
5.042000000000000000e+03,1.011979492790000990e+02,0.000000000000000000e+00
5.043000000000000000e+03,1.036058623992424117e+02,0.000000000000000000e+00
5.044000000000000000e+03,1.021170460978399461e+02,0.000000000000000000e+00
5.045000000000000000e+03,1.012098239386778431e+02,0.000000000000000000e+00
5.046000000000000000e+03,9.234487676297113978e+01,0.000000000000000000e+00
5.047000000000000000e+03,9.789645360976187760e+01,0.000000000000000000e+00
5.048000000000000000e+03,1.000438545813965590e+02,0.000000000000000000e+00
5.049000000000000000e+03,1.036055068624802971e+02,0.000000000000000000e+00
5.050000000000000000e+03,1.028415455310909152e+02,0.000000000000000000e+00
5.051000000000000000e+03,9.763590141414391610e+01,0.000000000000000000e+00
5.052000000000000000e+03,1.013048768426478432e+02,0.000000000000000000e+00
5.053000000000000000e+03,9.417584667720018388e+01,0.000000000000000000e+00
5.054000000000000000e+03,1.060061203837104102e+02,0.000000000000000000e+00
5.055000000000000000e+03,1.008110385049727995e+02,0.000000000000000000e+00
5.056000000000000000e+03,1.005175876836480029e+02,0.000000000000000000e+00
5.057000000000000000e+03,9.983722607203910115e+01,0.000000000000000000e+00
5.058000000000000000e+03,1.047230387524474651e+02,0.000000000000000000e+00
5.059000000000000000e+03,1.022671049728509445e+02,0.000000000000000000e+00
5.060000000000000000e+03,9.915042091514264655e+01,0.000000000000000000e+00
5.061000000000000000e+03,9.889125809141700074e+01,0.000000000000000000e+00
5.062000000000000000e+03,1.040050293782921926e+02,0.000000000000000000e+00
5.063000000000000000e+03,9.687713560634544763e+01,0.000000000000000000e+00
5.064000000000000000e+03,1.073508099005629930e+02,0.000000000000000000e+00
5.065000000000000000e+03,9.960153546114901246e+01,0.000000000000000000e+00
5.066000000000000000e+03,1.020395667613727113e+02,0.000000000000000000e+00
5.067000000000000000e+03,1.026573124037291649e+02,0.000000000000000000e+00
5.068000000000000000e+03,1.007747299867886852e+02,0.000000000000000000e+00
5.069000000000000000e+03,9.879427488819437997e+01,0.000000000000000000e+00
5.070000000000000000e+03,1.028465562453524882e+02,0.000000000000000000e+00
5.071000000000000000e+03,1.010456178800767617e+02,0.000000000000000000e+00
5.072000000000000000e+03,9.506305385821315213e+01,0.000000000000000000e+00
5.073000000000000000e+03,1.042923930739110290e+02,0.000000000000000000e+00
5.074000000000000000e+03,1.009306958060890054e+02,0.000000000000000000e+00
5.075000000000000000e+03,1.022112829401795011e+02,0.000000000000000000e+00
5.076000000000000000e+03,1.003741805483609397e+02,0.000000000000000000e+00
5.077000000000000000e+03,1.051550708551253450e+02,0.000000000000000000e+00
5.078000000000000000e+03,9.681334189183485250e+01,0.000000000000000000e+00
5.079000000000000000e+03,9.776437376277824853e+01,0.000000000000000000e+00
5.080000000000000000e+03,9.754062252899655050e+01,0.000000000000000000e+00
5.081000000000000000e+03,1.016384991333180778e+02,0.000000000000000000e+00
5.082000000000000000e+03,9.812062455785765280e+01,0.000000000000000000e+00
5.083000000000000000e+03,9.997152315213836005e+01,0.000000000000000000e+00
5.084000000000000000e+03,9.679250443374758106e+01,0.000000000000000000e+00
5.085000000000000000e+03,1.057177665021328892e+02,0.000000000000000000e+00
5.086000000000000000e+03,1.001623855272449788e+02,0.000000000000000000e+00
5.087000000000000000e+03,9.751338917760325842e+01,0.000000000000000000e+00
5.088000000000000000e+03,9.810157252957165497e+01,0.000000000000000000e+00
5.089000000000000000e+03,1.009117912501247218e+02,0.000000000000000000e+00
5.090000000000000000e+03,1.048346254397292512e+02,0.000000000000000000e+00
5.091000000000000000e+03,1.045471886383874534e+02,0.000000000000000000e+00
5.092000000000000000e+03,1.017070203984218466e+02,0.000000000000000000e+00
5.093000000000000000e+03,1.017910024409684127e+02,0.000000000000000000e+00
5.094000000000000000e+03,1.086987790929820790e+02,0.000000000000000000e+00
5.095000000000000000e+03,9.633369329009968851e+01,0.000000000000000000e+00
5.096000000000000000e+03,1.048267171903524257e+02,0.000000000000000000e+00
5.097000000000000000e+03,1.038251817228342020e+02,0.000000000000000000e+00
5.098000000000000000e+03,9.802197533531143847e+01,0.000000000000000000e+00
5.099000000000000000e+03,1.001082229324159698e+02,0.000000000000000000e+00
5.100000000000000000e+03,1.006101651887288142e+02,0.000000000000000000e+00
5.101000000000000000e+03,1.043453514695762010e+02,0.000000000000000000e+00
5.102000000000000000e+03,1.000649996083369615e+02,0.000000000000000000e+00
5.103000000000000000e+03,1.028719537053132598e+02,0.000000000000000000e+00
5.104000000000000000e+03,1.039898569716858816e+02,0.000000000000000000e+00
5.105000000000000000e+03,1.010508277124359040e+02,0.000000000000000000e+00
5.106000000000000000e+03,1.002463300109901638e+02,0.000000000000000000e+00
5.107000000000000000e+03,1.023986013715958876e+02,0.000000000000000000e+00
5.108000000000000000e+03,9.517089619389108179e+01,0.000000000000000000e+00
5.109000000000000000e+03,1.024271253763572247e+02,0.000000000000000000e+00
5.110000000000000000e+03,9.949394728683446942e+01,0.000000000000000000e+00
5.111000000000000000e+03,9.704777105262371606e+01,0.000000000000000000e+00
5.112000000000000000e+03,1.028176120837845389e+02,0.000000000000000000e+00
5.113000000000000000e+03,9.788906430604409081e+01,0.000000000000000000e+00
5.114000000000000000e+03,1.057576173187446216e+02,0.000000000000000000e+00
5.115000000000000000e+03,9.845279888542205526e+01,0.000000000000000000e+00
5.116000000000000000e+03,1.029837739692351164e+02,0.000000000000000000e+00
5.117000000000000000e+03,1.036327937242188000e+02,0.000000000000000000e+00
5.118000000000000000e+03,1.034346958097381446e+02,0.000000000000000000e+00
5.119000000000000000e+03,1.006160206384293758e+02,0.000000000000000000e+00
5.120000000000000000e+03,1.028092422788137554e+02,0.000000000000000000e+00
5.121000000000000000e+03,9.823514103204819037e+01,0.000000000000000000e+00
5.122000000000000000e+03,1.045451773763215328e+02,0.000000000000000000e+00
5.123000000000000000e+03,1.018860372454542471e+02,0.000000000000000000e+00
5.124000000000000000e+03,1.012221765328371959e+02,0.000000000000000000e+00
5.125000000000000000e+03,1.038790064722049351e+02,0.000000000000000000e+00
5.126000000000000000e+03,1.012426402907952649e+02,0.000000000000000000e+00
5.127000000000000000e+03,9.730961563867433028e+01,0.000000000000000000e+00
5.128000000000000000e+03,1.051618427238621649e+02,0.000000000000000000e+00
5.129000000000000000e+03,9.754777166653693143e+01,0.000000000000000000e+00
5.130000000000000000e+03,1.030398209320687215e+02,0.000000000000000000e+00
5.131000000000000000e+03,9.743952218549098632e+01,0.000000000000000000e+00
5.132000000000000000e+03,1.065748699926070486e+02,0.000000000000000000e+00
5.133000000000000000e+03,1.003683685691336649e+02,0.000000000000000000e+00
5.134000000000000000e+03,9.927678017014773104e+01,0.000000000000000000e+00
5.135000000000000000e+03,1.051030625550460940e+02,0.000000000000000000e+00
5.136000000000000000e+03,1.030819099592590078e+02,0.000000000000000000e+00
5.137000000000000000e+03,1.023350035690473305e+02,0.000000000000000000e+00
5.138000000000000000e+03,1.006528347751824697e+02,0.000000000000000000e+00
5.139000000000000000e+03,1.014465085015588670e+02,0.000000000000000000e+00
5.140000000000000000e+03,1.076028377620300489e+02,0.000000000000000000e+00
5.141000000000000000e+03,1.090860408467990652e+02,0.000000000000000000e+00
5.142000000000000000e+03,1.017633889175193218e+02,0.000000000000000000e+00
5.143000000000000000e+03,1.079070777233794018e+02,0.000000000000000000e+00
5.144000000000000000e+03,1.010612717561547811e+02,0.000000000000000000e+00
5.145000000000000000e+03,1.040628112195282995e+02,0.000000000000000000e+00
5.146000000000000000e+03,1.023570899210860290e+02,0.000000000000000000e+00
5.147000000000000000e+03,9.933936343198729446e+01,0.000000000000000000e+00
5.148000000000000000e+03,1.012016248987130496e+02,0.000000000000000000e+00
5.149000000000000000e+03,1.051454938875622815e+02,0.000000000000000000e+00
5.150000000000000000e+03,9.945512821941760251e+01,0.000000000000000000e+00
5.151000000000000000e+03,9.933258213629983402e+01,0.000000000000000000e+00
5.152000000000000000e+03,1.034455300257783108e+02,0.000000000000000000e+00
5.153000000000000000e+03,1.018556429781827433e+02,0.000000000000000000e+00
5.154000000000000000e+03,9.941053227625249633e+01,0.000000000000000000e+00
5.155000000000000000e+03,1.064037918063698385e+02,0.000000000000000000e+00
5.156000000000000000e+03,9.495494777688509203e+01,0.000000000000000000e+00
5.157000000000000000e+03,1.002228905138925654e+02,0.000000000000000000e+00
5.158000000000000000e+03,1.018662433060569725e+02,0.000000000000000000e+00
5.159000000000000000e+03,1.070440192061424227e+02,0.000000000000000000e+00
5.160000000000000000e+03,1.089558155137186759e+02,0.000000000000000000e+00
5.161000000000000000e+03,9.788586209152384754e+01,0.000000000000000000e+00
5.162000000000000000e+03,1.067003155813287520e+02,0.000000000000000000e+00
5.163000000000000000e+03,1.021592069316622542e+02,0.000000000000000000e+00
5.164000000000000000e+03,1.021992127568788078e+02,0.000000000000000000e+00
5.165000000000000000e+03,1.071635329795439020e+02,0.000000000000000000e+00
5.166000000000000000e+03,1.015705101316501811e+02,0.000000000000000000e+00
5.167000000000000000e+03,1.038603011920656627e+02,0.000000000000000000e+00
5.168000000000000000e+03,1.075073447334720669e+02,0.000000000000000000e+00
5.169000000000000000e+03,9.969328008493627635e+01,0.000000000000000000e+00
5.170000000000000000e+03,1.025077672633726706e+02,0.000000000000000000e+00
5.171000000000000000e+03,9.375150118839374613e+01,0.000000000000000000e+00
5.172000000000000000e+03,1.043019005598112017e+02,0.000000000000000000e+00
5.173000000000000000e+03,1.021619790027984607e+02,0.000000000000000000e+00
5.174000000000000000e+03,9.751382393996912867e+01,0.000000000000000000e+00
5.175000000000000000e+03,1.013955181721491385e+02,0.000000000000000000e+00
5.176000000000000000e+03,9.728068984892040305e+01,0.000000000000000000e+00
5.177000000000000000e+03,1.073268852612209230e+02,0.000000000000000000e+00
5.178000000000000000e+03,1.034820717050804149e+02,0.000000000000000000e+00
5.179000000000000000e+03,1.045039498124940138e+02,0.000000000000000000e+00
5.180000000000000000e+03,9.975587457584383344e+01,0.000000000000000000e+00
5.181000000000000000e+03,1.046724628598254014e+02,0.000000000000000000e+00
5.182000000000000000e+03,9.455197438335463289e+01,0.000000000000000000e+00
5.183000000000000000e+03,9.234421901764375207e+01,0.000000000000000000e+00
5.184000000000000000e+03,1.044269149000292174e+02,0.000000000000000000e+00
5.185000000000000000e+03,1.017972856645328505e+02,0.000000000000000000e+00
5.186000000000000000e+03,9.780027281288484176e+01,0.000000000000000000e+00
5.187000000000000000e+03,1.085419002913988464e+02,0.000000000000000000e+00
5.188000000000000000e+03,1.015052111658996239e+02,0.000000000000000000e+00
5.189000000000000000e+03,9.988297980810773424e+01,0.000000000000000000e+00
5.190000000000000000e+03,1.010888539065648501e+02,0.000000000000000000e+00
5.191000000000000000e+03,9.615404667796190097e+01,0.000000000000000000e+00
5.192000000000000000e+03,1.011038589680379687e+02,0.000000000000000000e+00
5.193000000000000000e+03,9.611693105814845239e+01,0.000000000000000000e+00
5.194000000000000000e+03,9.686779401096599429e+01,0.000000000000000000e+00
5.195000000000000000e+03,1.079243354363518392e+02,0.000000000000000000e+00
5.196000000000000000e+03,1.047738920953311492e+02,0.000000000000000000e+00
5.197000000000000000e+03,1.027280646548858272e+02,0.000000000000000000e+00
5.198000000000000000e+03,9.718360138503294365e+01,0.000000000000000000e+00
5.199000000000000000e+03,9.806136157262696429e+01,0.000000000000000000e+00
5.200000000000000000e+03,1.027330396201940204e+02,0.000000000000000000e+00
5.201000000000000000e+03,1.070190509635999518e+02,0.000000000000000000e+00
5.202000000000000000e+03,1.021826226646931417e+02,0.000000000000000000e+00
5.203000000000000000e+03,9.701992897284895889e+01,0.000000000000000000e+00
5.204000000000000000e+03,9.722680787140964753e+01,0.000000000000000000e+00
5.205000000000000000e+03,1.039935169485604547e+02,0.000000000000000000e+00
5.206000000000000000e+03,9.600663745487520373e+01,0.000000000000000000e+00
5.207000000000000000e+03,1.064174180318284755e+02,0.000000000000000000e+00
5.208000000000000000e+03,9.981885647638205228e+01,0.000000000000000000e+00
5.209000000000000000e+03,1.011466990714529430e+02,0.000000000000000000e+00
5.210000000000000000e+03,1.000872449682758969e+02,0.000000000000000000e+00
5.211000000000000000e+03,1.011456023684256706e+02,0.000000000000000000e+00
5.212000000000000000e+03,1.039115534358699477e+02,0.000000000000000000e+00
5.213000000000000000e+03,9.863327346347118407e+01,0.000000000000000000e+00
5.214000000000000000e+03,9.703412080154672026e+01,0.000000000000000000e+00
5.215000000000000000e+03,1.022134819416963865e+02,0.000000000000000000e+00
5.216000000000000000e+03,1.046271495668143672e+02,0.000000000000000000e+00
5.217000000000000000e+03,9.923367597281877295e+01,0.000000000000000000e+00
5.218000000000000000e+03,9.945587287432476842e+01,0.000000000000000000e+00
5.219000000000000000e+03,9.851521259406433728e+01,0.000000000000000000e+00
5.220000000000000000e+03,9.574957540712320281e+01,0.000000000000000000e+00
5.221000000000000000e+03,9.837887095321575259e+01,0.000000000000000000e+00
5.222000000000000000e+03,1.031766021939989173e+02,0.000000000000000000e+00
5.223000000000000000e+03,9.956132368764670559e+01,0.000000000000000000e+00
5.224000000000000000e+03,9.944971038945222119e+01,0.000000000000000000e+00
5.225000000000000000e+03,9.427806835005058872e+01,0.000000000000000000e+00
5.226000000000000000e+03,9.551173327015163750e+01,0.000000000000000000e+00
5.227000000000000000e+03,9.712831496674830589e+01,0.000000000000000000e+00
5.228000000000000000e+03,9.923202619307213013e+01,0.000000000000000000e+00
5.229000000000000000e+03,1.005045722727569313e+02,0.000000000000000000e+00
5.230000000000000000e+03,9.595465921570242074e+01,0.000000000000000000e+00
5.231000000000000000e+03,9.938610070667860441e+01,0.000000000000000000e+00
5.232000000000000000e+03,9.956608210089024169e+01,0.000000000000000000e+00
5.233000000000000000e+03,9.608458201982547564e+01,0.000000000000000000e+00
5.234000000000000000e+03,1.020608555873972705e+02,0.000000000000000000e+00
5.235000000000000000e+03,9.913026328313115698e+01,0.000000000000000000e+00
5.236000000000000000e+03,9.452491122724664763e+01,0.000000000000000000e+00
5.237000000000000000e+03,1.024423763875358304e+02,0.000000000000000000e+00
5.238000000000000000e+03,1.030278985266705831e+02,0.000000000000000000e+00
5.239000000000000000e+03,1.041134001957311881e+02,0.000000000000000000e+00
5.240000000000000000e+03,1.038649249407665280e+02,0.000000000000000000e+00
5.241000000000000000e+03,9.808046269883183754e+01,0.000000000000000000e+00
5.242000000000000000e+03,1.009300423159651388e+02,0.000000000000000000e+00
5.243000000000000000e+03,1.049299437443439444e+02,0.000000000000000000e+00
5.244000000000000000e+03,1.085442284641693789e+02,0.000000000000000000e+00
5.245000000000000000e+03,1.000974477301061967e+02,0.000000000000000000e+00
5.246000000000000000e+03,1.033352678918765690e+02,0.000000000000000000e+00
5.247000000000000000e+03,1.037533318926628709e+02,0.000000000000000000e+00
5.248000000000000000e+03,9.908453236427702393e+01,0.000000000000000000e+00
5.249000000000000000e+03,1.010311995236748572e+02,0.000000000000000000e+00
5.250000000000000000e+03,9.386672615281815979e+01,0.000000000000000000e+00
5.251000000000000000e+03,9.849671938590161346e+01,0.000000000000000000e+00
5.252000000000000000e+03,9.940187910231939838e+01,0.000000000000000000e+00
5.253000000000000000e+03,9.936470140543684693e+01,0.000000000000000000e+00
5.254000000000000000e+03,1.082338654181445179e+02,0.000000000000000000e+00
5.255000000000000000e+03,9.088517520036008079e+01,0.000000000000000000e+00
5.256000000000000000e+03,9.885338252818593219e+01,0.000000000000000000e+00
5.257000000000000000e+03,1.016853623036368219e+02,0.000000000000000000e+00
5.258000000000000000e+03,1.066551913434171581e+02,0.000000000000000000e+00
5.259000000000000000e+03,9.828974343454979135e+01,0.000000000000000000e+00
5.260000000000000000e+03,1.095572569302477888e+02,0.000000000000000000e+00
5.261000000000000000e+03,1.011822163099418361e+02,0.000000000000000000e+00
5.262000000000000000e+03,1.032116101443081391e+02,0.000000000000000000e+00
5.263000000000000000e+03,1.036523443272054550e+02,0.000000000000000000e+00
5.264000000000000000e+03,1.038194449169989326e+02,0.000000000000000000e+00
5.265000000000000000e+03,9.962752921641713044e+01,0.000000000000000000e+00
5.266000000000000000e+03,1.002421459498918779e+02,0.000000000000000000e+00
5.267000000000000000e+03,9.596729830817986340e+01,0.000000000000000000e+00
5.268000000000000000e+03,9.970576664519889221e+01,0.000000000000000000e+00
5.269000000000000000e+03,9.801867497537196527e+01,0.000000000000000000e+00
5.270000000000000000e+03,9.813187568015483464e+01,0.000000000000000000e+00
5.271000000000000000e+03,1.053707533436194268e+02,0.000000000000000000e+00
5.272000000000000000e+03,1.010665687980489480e+02,0.000000000000000000e+00
5.273000000000000000e+03,1.007874857938062689e+02,0.000000000000000000e+00
5.274000000000000000e+03,1.000591511039681905e+02,0.000000000000000000e+00
5.275000000000000000e+03,1.042097465775047169e+02,0.000000000000000000e+00
5.276000000000000000e+03,1.003099350436325636e+02,0.000000000000000000e+00
5.277000000000000000e+03,1.020677435943997864e+02,0.000000000000000000e+00
5.278000000000000000e+03,1.033834469040921675e+02,0.000000000000000000e+00
5.279000000000000000e+03,9.614753514538185186e+01,0.000000000000000000e+00
5.280000000000000000e+03,1.067224942027032313e+02,0.000000000000000000e+00
5.281000000000000000e+03,1.003230887191036373e+02,0.000000000000000000e+00
5.282000000000000000e+03,1.025486206932703936e+02,0.000000000000000000e+00
5.283000000000000000e+03,1.026569898381127786e+02,0.000000000000000000e+00
5.284000000000000000e+03,1.031847648922171885e+02,0.000000000000000000e+00
5.285000000000000000e+03,9.915711655581365847e+01,0.000000000000000000e+00
5.286000000000000000e+03,9.213553215416871467e+01,0.000000000000000000e+00
5.287000000000000000e+03,9.973419959786386357e+01,0.000000000000000000e+00
5.288000000000000000e+03,1.102993924104979868e+02,0.000000000000000000e+00
5.289000000000000000e+03,1.024892614426757831e+02,0.000000000000000000e+00
5.290000000000000000e+03,1.018975983592270040e+02,0.000000000000000000e+00
5.291000000000000000e+03,9.674274808101969825e+01,0.000000000000000000e+00
5.292000000000000000e+03,1.036285587997046349e+02,0.000000000000000000e+00
5.293000000000000000e+03,9.895906434444870570e+01,0.000000000000000000e+00
5.294000000000000000e+03,9.586698518883588349e+01,0.000000000000000000e+00
5.295000000000000000e+03,1.009641377044647186e+02,0.000000000000000000e+00
5.296000000000000000e+03,9.757368961622769632e+01,0.000000000000000000e+00
5.297000000000000000e+03,9.734904236691335200e+01,0.000000000000000000e+00
5.298000000000000000e+03,9.924447329130880746e+01,0.000000000000000000e+00
5.299000000000000000e+03,9.740200412940362185e+01,0.000000000000000000e+00
5.300000000000000000e+03,1.092831977538365322e+02,0.000000000000000000e+00
5.301000000000000000e+03,1.004990477499729025e+02,0.000000000000000000e+00
5.302000000000000000e+03,9.271578897007088926e+01,0.000000000000000000e+00
5.303000000000000000e+03,9.583566703626340200e+01,0.000000000000000000e+00
5.304000000000000000e+03,9.304576301278594030e+01,0.000000000000000000e+00
5.305000000000000000e+03,1.022645875750190498e+02,0.000000000000000000e+00
5.306000000000000000e+03,1.016387510911846732e+02,0.000000000000000000e+00
5.307000000000000000e+03,1.057935845515779079e+02,0.000000000000000000e+00
5.308000000000000000e+03,9.408822039020135719e+01,0.000000000000000000e+00
5.309000000000000000e+03,9.994560794820530703e+01,0.000000000000000000e+00
5.310000000000000000e+03,1.047629943987669634e+02,0.000000000000000000e+00
5.311000000000000000e+03,1.061433894803602982e+02,0.000000000000000000e+00
5.312000000000000000e+03,1.079661771565550481e+02,0.000000000000000000e+00
5.313000000000000000e+03,1.050452765046369024e+02,0.000000000000000000e+00
5.314000000000000000e+03,1.041956668730941260e+02,0.000000000000000000e+00
5.315000000000000000e+03,9.396951071991946947e+01,0.000000000000000000e+00
5.316000000000000000e+03,9.961242337329518648e+01,0.000000000000000000e+00
5.317000000000000000e+03,1.060034936305369229e+02,0.000000000000000000e+00
5.318000000000000000e+03,1.023932665182864383e+02,0.000000000000000000e+00
5.319000000000000000e+03,1.046933652224127513e+02,0.000000000000000000e+00
5.320000000000000000e+03,9.942269333990306279e+01,0.000000000000000000e+00
5.321000000000000000e+03,9.471552405810801645e+01,0.000000000000000000e+00
5.322000000000000000e+03,1.010213850821731256e+02,0.000000000000000000e+00
5.323000000000000000e+03,1.007234948924063076e+02,0.000000000000000000e+00
5.324000000000000000e+03,1.028791468031412251e+02,0.000000000000000000e+00
5.325000000000000000e+03,1.003621776774988916e+02,0.000000000000000000e+00
5.326000000000000000e+03,1.024775789740218386e+02,0.000000000000000000e+00
5.327000000000000000e+03,1.006725224421633271e+02,0.000000000000000000e+00
5.328000000000000000e+03,1.004939653867492240e+02,0.000000000000000000e+00
5.329000000000000000e+03,1.019293589923771464e+02,0.000000000000000000e+00
5.330000000000000000e+03,9.713233568549115660e+01,0.000000000000000000e+00
5.331000000000000000e+03,1.000583905440103933e+02,0.000000000000000000e+00
5.332000000000000000e+03,9.655822357254544386e+01,0.000000000000000000e+00
5.333000000000000000e+03,1.050082507612689540e+02,0.000000000000000000e+00
5.334000000000000000e+03,1.016903386079852112e+02,0.000000000000000000e+00
5.335000000000000000e+03,9.923686523915250746e+01,0.000000000000000000e+00
5.336000000000000000e+03,1.038902565107115379e+02,0.000000000000000000e+00
5.337000000000000000e+03,1.067243711046586299e+02,0.000000000000000000e+00
5.338000000000000000e+03,1.007842190850596182e+02,0.000000000000000000e+00
5.339000000000000000e+03,1.017682254913894155e+02,0.000000000000000000e+00
5.340000000000000000e+03,9.591611566101607877e+01,0.000000000000000000e+00
5.341000000000000000e+03,9.999920857481362191e+01,0.000000000000000000e+00
5.342000000000000000e+03,1.021070349644638497e+02,0.000000000000000000e+00
5.343000000000000000e+03,9.932023021797708395e+01,0.000000000000000000e+00
5.344000000000000000e+03,1.027450957739754784e+02,0.000000000000000000e+00
5.345000000000000000e+03,1.046399711369364383e+02,0.000000000000000000e+00
5.346000000000000000e+03,1.029134568268345618e+02,0.000000000000000000e+00
5.347000000000000000e+03,1.040348116452767187e+02,0.000000000000000000e+00
5.348000000000000000e+03,1.061861102629812166e+02,0.000000000000000000e+00
5.349000000000000000e+03,9.835948320663497668e+01,0.000000000000000000e+00
5.350000000000000000e+03,1.015682149220598234e+02,0.000000000000000000e+00
5.351000000000000000e+03,1.025730987111750352e+02,0.000000000000000000e+00
5.352000000000000000e+03,1.031962617082042897e+02,0.000000000000000000e+00
5.353000000000000000e+03,1.041890968818394612e+02,0.000000000000000000e+00
5.354000000000000000e+03,9.647183306323566399e+01,0.000000000000000000e+00
5.355000000000000000e+03,1.008803274793965130e+02,0.000000000000000000e+00
5.356000000000000000e+03,9.699458614513923749e+01,0.000000000000000000e+00
5.357000000000000000e+03,9.621600454139310443e+01,0.000000000000000000e+00
5.358000000000000000e+03,9.836301062652536586e+01,0.000000000000000000e+00
5.359000000000000000e+03,9.537838130199691022e+01,0.000000000000000000e+00
5.360000000000000000e+03,9.669499022632402330e+01,0.000000000000000000e+00
5.361000000000000000e+03,1.029414952623293402e+02,0.000000000000000000e+00
5.362000000000000000e+03,1.030021692143256047e+02,0.000000000000000000e+00
5.363000000000000000e+03,1.032796745991646645e+02,0.000000000000000000e+00
5.364000000000000000e+03,1.036861227611969696e+02,0.000000000000000000e+00
5.365000000000000000e+03,9.675021676391591541e+01,0.000000000000000000e+00
5.366000000000000000e+03,1.012646066188568597e+02,0.000000000000000000e+00
5.367000000000000000e+03,9.834672506366833034e+01,0.000000000000000000e+00
5.368000000000000000e+03,1.008970478059670626e+02,0.000000000000000000e+00
5.369000000000000000e+03,1.054207666824648015e+02,0.000000000000000000e+00
5.370000000000000000e+03,1.029538151003404494e+02,0.000000000000000000e+00
5.371000000000000000e+03,9.868356634666577065e+01,0.000000000000000000e+00
5.372000000000000000e+03,1.049251949726130420e+02,0.000000000000000000e+00
5.373000000000000000e+03,1.014022786391655728e+02,0.000000000000000000e+00
5.374000000000000000e+03,9.730144633271325461e+01,0.000000000000000000e+00
5.375000000000000000e+03,1.011317330166340440e+02,0.000000000000000000e+00
5.376000000000000000e+03,1.011456691918566264e+02,0.000000000000000000e+00
5.377000000000000000e+03,1.041260636027189719e+02,0.000000000000000000e+00
5.378000000000000000e+03,9.554458211925664557e+01,0.000000000000000000e+00
5.379000000000000000e+03,1.050525595513628332e+02,0.000000000000000000e+00
5.380000000000000000e+03,1.015664049978052788e+02,0.000000000000000000e+00
5.381000000000000000e+03,9.691946569276532841e+01,0.000000000000000000e+00
5.382000000000000000e+03,9.922816404053720873e+01,0.000000000000000000e+00
5.383000000000000000e+03,1.026737522878717641e+02,0.000000000000000000e+00
5.384000000000000000e+03,1.027092504356452167e+02,0.000000000000000000e+00
5.385000000000000000e+03,1.048181946559742670e+02,0.000000000000000000e+00
5.386000000000000000e+03,9.976218830028439299e+01,0.000000000000000000e+00
5.387000000000000000e+03,1.016376904041469800e+02,0.000000000000000000e+00
5.388000000000000000e+03,1.072826688775600843e+02,0.000000000000000000e+00
5.389000000000000000e+03,9.792689427940413793e+01,0.000000000000000000e+00
5.390000000000000000e+03,9.811134825861803677e+01,0.000000000000000000e+00
5.391000000000000000e+03,9.786344230591259929e+01,0.000000000000000000e+00
5.392000000000000000e+03,1.047311477885909454e+02,0.000000000000000000e+00
5.393000000000000000e+03,9.807140498221416181e+01,0.000000000000000000e+00
5.394000000000000000e+03,1.054833474589286197e+02,0.000000000000000000e+00
5.395000000000000000e+03,1.053494300841640126e+02,0.000000000000000000e+00
5.396000000000000000e+03,1.027208126673189525e+02,0.000000000000000000e+00
5.397000000000000000e+03,9.907168192613607971e+01,0.000000000000000000e+00
5.398000000000000000e+03,9.561546943885618077e+01,0.000000000000000000e+00
5.399000000000000000e+03,1.006883351634010211e+02,0.000000000000000000e+00
5.400000000000000000e+03,1.053953532285400030e+02,0.000000000000000000e+00
5.401000000000000000e+03,1.050349683978613484e+02,0.000000000000000000e+00
5.402000000000000000e+03,9.719000394239505169e+01,0.000000000000000000e+00
5.403000000000000000e+03,9.723810346491144685e+01,0.000000000000000000e+00
5.404000000000000000e+03,9.626320420049954407e+01,0.000000000000000000e+00
5.405000000000000000e+03,1.099059276272175794e+02,0.000000000000000000e+00
5.406000000000000000e+03,1.035935205119375695e+02,0.000000000000000000e+00
5.407000000000000000e+03,9.934958085037341391e+01,0.000000000000000000e+00
5.408000000000000000e+03,1.006671747730775621e+02,0.000000000000000000e+00
5.409000000000000000e+03,9.087304267965149052e+01,0.000000000000000000e+00
5.410000000000000000e+03,1.081746486026399054e+02,0.000000000000000000e+00
5.411000000000000000e+03,9.751123382953687724e+01,0.000000000000000000e+00
5.412000000000000000e+03,1.034392155116142078e+02,0.000000000000000000e+00
5.413000000000000000e+03,9.981968480970695623e+01,0.000000000000000000e+00
5.414000000000000000e+03,1.032831777616582798e+02,0.000000000000000000e+00
5.415000000000000000e+03,9.396509363247452029e+01,0.000000000000000000e+00
5.416000000000000000e+03,1.036271502652810739e+02,0.000000000000000000e+00
5.417000000000000000e+03,1.044092456862088625e+02,0.000000000000000000e+00
5.418000000000000000e+03,9.834012821965231410e+01,0.000000000000000000e+00
5.419000000000000000e+03,1.034728980208911793e+02,0.000000000000000000e+00
5.420000000000000000e+03,1.014734429028917333e+02,0.000000000000000000e+00
5.421000000000000000e+03,9.814746020590347086e+01,0.000000000000000000e+00
5.422000000000000000e+03,1.036390014361438290e+02,0.000000000000000000e+00
5.423000000000000000e+03,1.015738629953060865e+02,0.000000000000000000e+00
5.424000000000000000e+03,1.026910284547709722e+02,0.000000000000000000e+00
5.425000000000000000e+03,1.023623348214124462e+02,0.000000000000000000e+00
5.426000000000000000e+03,1.050756320851422458e+02,0.000000000000000000e+00
5.427000000000000000e+03,1.000957614900790560e+02,0.000000000000000000e+00
5.428000000000000000e+03,1.002538383467122713e+02,0.000000000000000000e+00
5.429000000000000000e+03,1.043763778391326724e+02,0.000000000000000000e+00
5.430000000000000000e+03,1.017642656524097333e+02,0.000000000000000000e+00
5.431000000000000000e+03,9.417721187839990193e+01,0.000000000000000000e+00
5.432000000000000000e+03,1.030498390790456966e+02,0.000000000000000000e+00
5.433000000000000000e+03,9.393640774036236962e+01,0.000000000000000000e+00
5.434000000000000000e+03,1.053512428890823145e+02,0.000000000000000000e+00
5.435000000000000000e+03,1.029949673787213982e+02,0.000000000000000000e+00
5.436000000000000000e+03,1.005103477008474044e+02,0.000000000000000000e+00
5.437000000000000000e+03,9.920240103411060772e+01,0.000000000000000000e+00
5.438000000000000000e+03,1.033060926232253678e+02,0.000000000000000000e+00
5.439000000000000000e+03,1.018983993485401811e+02,0.000000000000000000e+00
5.440000000000000000e+03,1.031125748690218558e+02,0.000000000000000000e+00
5.441000000000000000e+03,1.018476178930895060e+02,0.000000000000000000e+00
5.442000000000000000e+03,9.932471836529978759e+01,0.000000000000000000e+00
5.443000000000000000e+03,1.067842527856657853e+02,0.000000000000000000e+00
5.444000000000000000e+03,1.069412182417149211e+02,0.000000000000000000e+00
5.445000000000000000e+03,1.041038706314469664e+02,0.000000000000000000e+00
5.446000000000000000e+03,9.923134756502975051e+01,0.000000000000000000e+00
5.447000000000000000e+03,1.051757567435045075e+02,0.000000000000000000e+00
5.448000000000000000e+03,1.009708050154589216e+02,0.000000000000000000e+00
5.449000000000000000e+03,1.006829559624115689e+02,0.000000000000000000e+00
5.450000000000000000e+03,1.005972798133291661e+02,0.000000000000000000e+00
5.451000000000000000e+03,1.022172936616571945e+02,0.000000000000000000e+00
5.452000000000000000e+03,1.016097437128984353e+02,0.000000000000000000e+00
5.453000000000000000e+03,9.991009187786612245e+01,0.000000000000000000e+00
5.454000000000000000e+03,9.739104211101175679e+01,0.000000000000000000e+00
5.455000000000000000e+03,9.798237107624697728e+01,0.000000000000000000e+00
5.456000000000000000e+03,1.073072789936731795e+02,0.000000000000000000e+00
5.457000000000000000e+03,9.824412613574378383e+01,0.000000000000000000e+00
5.458000000000000000e+03,1.022118401391792446e+02,0.000000000000000000e+00
5.459000000000000000e+03,1.040406828066003584e+02,0.000000000000000000e+00
5.460000000000000000e+03,1.005829656340984144e+02,0.000000000000000000e+00
5.461000000000000000e+03,1.060777138225342497e+02,0.000000000000000000e+00
5.462000000000000000e+03,1.013376743670808651e+02,0.000000000000000000e+00
5.463000000000000000e+03,1.021840867714308416e+02,0.000000000000000000e+00
5.464000000000000000e+03,1.034713469202419702e+02,0.000000000000000000e+00
5.465000000000000000e+03,1.009734135240618826e+02,0.000000000000000000e+00
5.466000000000000000e+03,1.004278526180462734e+02,0.000000000000000000e+00
5.467000000000000000e+03,1.069352122794465174e+02,0.000000000000000000e+00
5.468000000000000000e+03,1.011600748323270409e+02,0.000000000000000000e+00
5.469000000000000000e+03,9.633163381946359038e+01,0.000000000000000000e+00
5.470000000000000000e+03,1.004171262959268915e+02,0.000000000000000000e+00
5.471000000000000000e+03,9.971501223278326620e+01,0.000000000000000000e+00
5.472000000000000000e+03,9.828104296598225176e+01,0.000000000000000000e+00
5.473000000000000000e+03,1.059573960962875390e+02,0.000000000000000000e+00
5.474000000000000000e+03,1.024876925951552664e+02,0.000000000000000000e+00
5.475000000000000000e+03,1.047464247521281351e+02,0.000000000000000000e+00
5.476000000000000000e+03,1.011515384706520138e+02,0.000000000000000000e+00
5.477000000000000000e+03,1.042552437532876866e+02,0.000000000000000000e+00
5.478000000000000000e+03,1.047211792171035825e+02,0.000000000000000000e+00
5.479000000000000000e+03,1.020405961243237840e+02,0.000000000000000000e+00
5.480000000000000000e+03,1.019745993509993696e+02,0.000000000000000000e+00
5.481000000000000000e+03,9.921221339097303371e+01,0.000000000000000000e+00
5.482000000000000000e+03,1.089125306307895187e+02,0.000000000000000000e+00
5.483000000000000000e+03,9.121519656993329761e+01,0.000000000000000000e+00
5.484000000000000000e+03,1.002190942092387616e+02,0.000000000000000000e+00
5.485000000000000000e+03,1.098827200580722518e+02,0.000000000000000000e+00
5.486000000000000000e+03,1.036553037299562305e+02,0.000000000000000000e+00
5.487000000000000000e+03,9.977867296982215350e+01,0.000000000000000000e+00
5.488000000000000000e+03,1.037523011242449087e+02,0.000000000000000000e+00
5.489000000000000000e+03,1.018037695854382463e+02,0.000000000000000000e+00
5.490000000000000000e+03,1.026968926508018853e+02,0.000000000000000000e+00
5.491000000000000000e+03,1.042917221147093301e+02,0.000000000000000000e+00
5.492000000000000000e+03,9.931637658709199457e+01,0.000000000000000000e+00
5.493000000000000000e+03,1.001687788000753017e+02,0.000000000000000000e+00
5.494000000000000000e+03,1.052895078768654571e+02,0.000000000000000000e+00
5.495000000000000000e+03,1.026001613345215873e+02,0.000000000000000000e+00
5.496000000000000000e+03,1.058079467565399199e+02,0.000000000000000000e+00
5.497000000000000000e+03,1.020110407990416519e+02,0.000000000000000000e+00
5.498000000000000000e+03,1.030913793856370546e+02,0.000000000000000000e+00
5.499000000000000000e+03,1.050424477628057218e+02,0.000000000000000000e+00
5.500000000000000000e+03,1.027114738725605321e+02,0.000000000000000000e+00
5.501000000000000000e+03,9.526282794322085579e+01,0.000000000000000000e+00
5.502000000000000000e+03,1.024332069279896302e+02,0.000000000000000000e+00
5.503000000000000000e+03,1.033331406471480278e+02,0.000000000000000000e+00
5.504000000000000000e+03,1.001860791712805110e+02,0.000000000000000000e+00
5.505000000000000000e+03,1.047317784926824373e+02,0.000000000000000000e+00
5.506000000000000000e+03,9.915032083656527107e+01,0.000000000000000000e+00
5.507000000000000000e+03,9.858428242776979289e+01,0.000000000000000000e+00
5.508000000000000000e+03,1.010711097845192370e+02,0.000000000000000000e+00
5.509000000000000000e+03,9.736721147963261558e+01,0.000000000000000000e+00
5.510000000000000000e+03,1.010311666614166342e+02,0.000000000000000000e+00
5.511000000000000000e+03,1.039188479437570436e+02,0.000000000000000000e+00
5.512000000000000000e+03,1.065204231356037496e+02,0.000000000000000000e+00
5.513000000000000000e+03,9.336657092126110058e+01,0.000000000000000000e+00
5.514000000000000000e+03,9.922576760630900594e+01,0.000000000000000000e+00
5.515000000000000000e+03,9.754259406475910055e+01,0.000000000000000000e+00
5.516000000000000000e+03,1.033187336699335361e+02,0.000000000000000000e+00
5.517000000000000000e+03,9.485844743266585510e+01,0.000000000000000000e+00
5.518000000000000000e+03,9.566670917323247636e+01,0.000000000000000000e+00
5.519000000000000000e+03,1.028381034003750472e+02,0.000000000000000000e+00
5.520000000000000000e+03,9.596190882505797504e+01,0.000000000000000000e+00
5.521000000000000000e+03,1.064173234799060452e+02,0.000000000000000000e+00
5.522000000000000000e+03,9.975418229739453579e+01,0.000000000000000000e+00
5.523000000000000000e+03,9.604626300432869357e+01,0.000000000000000000e+00
5.524000000000000000e+03,1.023209069517474177e+02,0.000000000000000000e+00
5.525000000000000000e+03,9.965393125648975570e+01,0.000000000000000000e+00
5.526000000000000000e+03,9.914544428288309064e+01,0.000000000000000000e+00
5.527000000000000000e+03,9.911468795509537699e+01,0.000000000000000000e+00
5.528000000000000000e+03,1.019918353515698897e+02,0.000000000000000000e+00
5.529000000000000000e+03,9.753799485864530538e+01,0.000000000000000000e+00
5.530000000000000000e+03,1.045713548712212884e+02,0.000000000000000000e+00
5.531000000000000000e+03,9.872084566263811212e+01,0.000000000000000000e+00
5.532000000000000000e+03,9.748063684303323839e+01,0.000000000000000000e+00
5.533000000000000000e+03,9.936051181181777281e+01,0.000000000000000000e+00
5.534000000000000000e+03,1.089730776171559796e+02,0.000000000000000000e+00
5.535000000000000000e+03,1.066926269686565263e+02,0.000000000000000000e+00
5.536000000000000000e+03,9.975714648942029328e+01,0.000000000000000000e+00
5.537000000000000000e+03,9.572401833658589965e+01,0.000000000000000000e+00
5.538000000000000000e+03,1.014471861405309596e+02,0.000000000000000000e+00
5.539000000000000000e+03,1.006973323597636778e+02,0.000000000000000000e+00
5.540000000000000000e+03,1.056194536321564499e+02,0.000000000000000000e+00
5.541000000000000000e+03,9.929608402682595170e+01,0.000000000000000000e+00
5.542000000000000000e+03,9.711167888002520954e+01,0.000000000000000000e+00
5.543000000000000000e+03,9.875757965007326789e+01,0.000000000000000000e+00
5.544000000000000000e+03,1.030875810749895862e+02,0.000000000000000000e+00
5.545000000000000000e+03,1.025987579938770722e+02,0.000000000000000000e+00
5.546000000000000000e+03,9.949328201498192925e+01,0.000000000000000000e+00
5.547000000000000000e+03,1.050768002174654896e+02,0.000000000000000000e+00
5.548000000000000000e+03,1.044198847835044006e+02,0.000000000000000000e+00
5.549000000000000000e+03,1.041265404883653218e+02,0.000000000000000000e+00
5.550000000000000000e+03,1.001574322734072524e+02,0.000000000000000000e+00
5.551000000000000000e+03,1.010671904652581787e+02,0.000000000000000000e+00
5.552000000000000000e+03,9.948915415477210900e+01,0.000000000000000000e+00
5.553000000000000000e+03,1.038665959756872326e+02,0.000000000000000000e+00
5.554000000000000000e+03,9.839076224244580260e+01,0.000000000000000000e+00
5.555000000000000000e+03,1.031743561710837582e+02,0.000000000000000000e+00
5.556000000000000000e+03,1.028815187388665322e+02,0.000000000000000000e+00
5.557000000000000000e+03,9.722492070642144313e+01,0.000000000000000000e+00
5.558000000000000000e+03,1.032478345295035638e+02,0.000000000000000000e+00
5.559000000000000000e+03,1.023177971311186525e+02,0.000000000000000000e+00
5.560000000000000000e+03,1.017565223881449867e+02,0.000000000000000000e+00
5.561000000000000000e+03,1.031270863915163716e+02,0.000000000000000000e+00
5.562000000000000000e+03,1.051653673636548660e+02,0.000000000000000000e+00
5.563000000000000000e+03,9.632887330016492911e+01,0.000000000000000000e+00
5.564000000000000000e+03,1.000881903853971977e+02,0.000000000000000000e+00
5.565000000000000000e+03,9.255354005686631069e+01,0.000000000000000000e+00
5.566000000000000000e+03,1.022866536332867895e+02,0.000000000000000000e+00
5.567000000000000000e+03,9.962388854867846533e+01,0.000000000000000000e+00
5.568000000000000000e+03,9.913085426911861475e+01,0.000000000000000000e+00
5.569000000000000000e+03,9.427554724636964067e+01,0.000000000000000000e+00
5.570000000000000000e+03,1.009502006878311136e+02,0.000000000000000000e+00
5.571000000000000000e+03,1.013152550745135301e+02,0.000000000000000000e+00
5.572000000000000000e+03,1.053467214958916287e+02,0.000000000000000000e+00
5.573000000000000000e+03,1.008464377778237804e+02,0.000000000000000000e+00
5.574000000000000000e+03,9.752617053031487160e+01,0.000000000000000000e+00
5.575000000000000000e+03,1.039585174060269992e+02,0.000000000000000000e+00
5.576000000000000000e+03,9.628078918769233496e+01,0.000000000000000000e+00
5.577000000000000000e+03,1.107499899578469496e+02,0.000000000000000000e+00
5.578000000000000000e+03,1.066178714214948684e+02,0.000000000000000000e+00
5.579000000000000000e+03,9.903524148428618901e+01,0.000000000000000000e+00
5.580000000000000000e+03,1.028692021363483775e+02,0.000000000000000000e+00
5.581000000000000000e+03,1.050526568133372649e+02,0.000000000000000000e+00
5.582000000000000000e+03,9.799941943829391278e+01,0.000000000000000000e+00
5.583000000000000000e+03,1.023962720141747269e+02,0.000000000000000000e+00
5.584000000000000000e+03,1.001966347166077895e+02,0.000000000000000000e+00
5.585000000000000000e+03,1.016089806850473565e+02,0.000000000000000000e+00
5.586000000000000000e+03,9.517221307955746568e+01,0.000000000000000000e+00
5.587000000000000000e+03,9.801684443537249081e+01,0.000000000000000000e+00
5.588000000000000000e+03,9.951717290717776621e+01,0.000000000000000000e+00
5.589000000000000000e+03,1.065277987915298610e+02,0.000000000000000000e+00
5.590000000000000000e+03,9.935730443249727273e+01,0.000000000000000000e+00
5.591000000000000000e+03,9.991435481056706180e+01,0.000000000000000000e+00
5.592000000000000000e+03,1.050118933190414907e+02,0.000000000000000000e+00
5.593000000000000000e+03,1.066181578762279969e+02,0.000000000000000000e+00
5.594000000000000000e+03,1.005803784048733718e+02,0.000000000000000000e+00
5.595000000000000000e+03,9.820744958968532501e+01,0.000000000000000000e+00
5.596000000000000000e+03,9.974983495502220876e+01,0.000000000000000000e+00
5.597000000000000000e+03,9.996434031068193349e+01,0.000000000000000000e+00
5.598000000000000000e+03,1.002199323604044423e+02,0.000000000000000000e+00
5.599000000000000000e+03,1.041772660605936096e+02,0.000000000000000000e+00
5.600000000000000000e+03,1.026217565333187309e+02,0.000000000000000000e+00
5.601000000000000000e+03,9.826649021592133693e+01,0.000000000000000000e+00
5.602000000000000000e+03,1.000694106425372780e+02,0.000000000000000000e+00
5.603000000000000000e+03,9.763439372130623894e+01,0.000000000000000000e+00
5.604000000000000000e+03,1.066363803006329647e+02,0.000000000000000000e+00
5.605000000000000000e+03,9.994334317745837382e+01,0.000000000000000000e+00
5.606000000000000000e+03,9.671118945924730781e+01,0.000000000000000000e+00
5.607000000000000000e+03,1.055023464904216866e+02,0.000000000000000000e+00
5.608000000000000000e+03,1.020202397262937666e+02,0.000000000000000000e+00
5.609000000000000000e+03,1.073087577507614441e+02,0.000000000000000000e+00
5.610000000000000000e+03,1.002065039743667825e+02,0.000000000000000000e+00
5.611000000000000000e+03,1.012646142978537114e+02,0.000000000000000000e+00
5.612000000000000000e+03,1.005558762266093140e+02,0.000000000000000000e+00
5.613000000000000000e+03,9.658259765213178127e+01,0.000000000000000000e+00
5.614000000000000000e+03,1.024746086503410822e+02,0.000000000000000000e+00
5.615000000000000000e+03,1.031674944689952014e+02,0.000000000000000000e+00
5.616000000000000000e+03,1.043305700263103546e+02,0.000000000000000000e+00
5.617000000000000000e+03,1.023653966790108854e+02,0.000000000000000000e+00
5.618000000000000000e+03,1.012973190504220895e+02,0.000000000000000000e+00
5.619000000000000000e+03,1.018757679086412509e+02,0.000000000000000000e+00
5.620000000000000000e+03,1.076341062947020930e+02,0.000000000000000000e+00
5.621000000000000000e+03,1.005237953569229035e+02,0.000000000000000000e+00
5.622000000000000000e+03,9.962883040333099416e+01,0.000000000000000000e+00
5.623000000000000000e+03,1.092487315594070338e+02,0.000000000000000000e+00
5.624000000000000000e+03,1.009588135545792227e+02,0.000000000000000000e+00
5.625000000000000000e+03,1.011574363291635166e+02,0.000000000000000000e+00
5.626000000000000000e+03,9.647092921659826459e+01,0.000000000000000000e+00
5.627000000000000000e+03,1.039327883121882792e+02,0.000000000000000000e+00
5.628000000000000000e+03,9.691213701654874058e+01,0.000000000000000000e+00
5.629000000000000000e+03,1.033923932620883193e+02,0.000000000000000000e+00
5.630000000000000000e+03,1.001944866186004361e+02,0.000000000000000000e+00
5.631000000000000000e+03,1.024172182288561714e+02,0.000000000000000000e+00
5.632000000000000000e+03,1.035263106870351493e+02,0.000000000000000000e+00
5.633000000000000000e+03,1.082559478144251273e+02,0.000000000000000000e+00
5.634000000000000000e+03,1.023139930438542393e+02,0.000000000000000000e+00
5.635000000000000000e+03,1.010516100737748246e+02,0.000000000000000000e+00
5.636000000000000000e+03,9.614715226337654030e+01,0.000000000000000000e+00
5.637000000000000000e+03,1.015827049541812528e+02,0.000000000000000000e+00
5.638000000000000000e+03,9.514608934942305041e+01,0.000000000000000000e+00
5.639000000000000000e+03,1.094265614675968266e+02,0.000000000000000000e+00
5.640000000000000000e+03,9.556738302432549403e+01,0.000000000000000000e+00
5.641000000000000000e+03,1.007703668724069814e+02,0.000000000000000000e+00
5.642000000000000000e+03,1.002741168466139356e+02,0.000000000000000000e+00
5.643000000000000000e+03,1.043046192193098562e+02,0.000000000000000000e+00
5.644000000000000000e+03,1.075476804466611895e+02,0.000000000000000000e+00
5.645000000000000000e+03,1.011275667943746015e+02,0.000000000000000000e+00
5.646000000000000000e+03,9.874268907704045262e+01,0.000000000000000000e+00
5.647000000000000000e+03,9.995807524601391947e+01,0.000000000000000000e+00
5.648000000000000000e+03,9.921412737084784794e+01,0.000000000000000000e+00
5.649000000000000000e+03,1.029938019224810262e+02,0.000000000000000000e+00
5.650000000000000000e+03,9.675374499195402223e+01,0.000000000000000000e+00
5.651000000000000000e+03,1.023923231652801178e+02,0.000000000000000000e+00
5.652000000000000000e+03,9.754480273992713535e+01,0.000000000000000000e+00
5.653000000000000000e+03,9.410426950938736468e+01,0.000000000000000000e+00
5.654000000000000000e+03,9.809551436096015209e+01,0.000000000000000000e+00
5.655000000000000000e+03,1.022841724711908995e+02,0.000000000000000000e+00
5.656000000000000000e+03,9.916282226598599436e+01,0.000000000000000000e+00
5.657000000000000000e+03,1.007290584203370116e+02,0.000000000000000000e+00
5.658000000000000000e+03,9.802761028942576615e+01,0.000000000000000000e+00
5.659000000000000000e+03,1.044334326451154311e+02,0.000000000000000000e+00
5.660000000000000000e+03,1.035926116071343301e+02,0.000000000000000000e+00
5.661000000000000000e+03,1.003321822243653827e+02,0.000000000000000000e+00
5.662000000000000000e+03,1.002561324663602988e+02,0.000000000000000000e+00
5.663000000000000000e+03,1.066261504739023422e+02,0.000000000000000000e+00
5.664000000000000000e+03,9.998878518113950520e+01,0.000000000000000000e+00
5.665000000000000000e+03,1.024527711459405594e+02,0.000000000000000000e+00
5.666000000000000000e+03,9.763388657531662318e+01,0.000000000000000000e+00
5.667000000000000000e+03,1.069139545618547515e+02,0.000000000000000000e+00
5.668000000000000000e+03,9.882143605272001707e+01,0.000000000000000000e+00
5.669000000000000000e+03,9.769953373022372034e+01,0.000000000000000000e+00
5.670000000000000000e+03,9.953017958722742264e+01,0.000000000000000000e+00
5.671000000000000000e+03,9.644187257424624704e+01,0.000000000000000000e+00
5.672000000000000000e+03,1.030960091435990051e+02,0.000000000000000000e+00
5.673000000000000000e+03,9.713673923049832126e+01,0.000000000000000000e+00
5.674000000000000000e+03,1.004271813616258271e+02,0.000000000000000000e+00
5.675000000000000000e+03,1.009840695615002630e+02,0.000000000000000000e+00
5.676000000000000000e+03,1.005444738041450137e+02,0.000000000000000000e+00
5.677000000000000000e+03,1.070110163295871644e+02,0.000000000000000000e+00
5.678000000000000000e+03,9.444450121756358385e+01,0.000000000000000000e+00
5.679000000000000000e+03,9.673097951928413352e+01,0.000000000000000000e+00
5.680000000000000000e+03,1.046801280377240175e+02,0.000000000000000000e+00
5.681000000000000000e+03,9.604941526742508984e+01,0.000000000000000000e+00
5.682000000000000000e+03,9.434469839897830923e+01,0.000000000000000000e+00
5.683000000000000000e+03,1.030608456270186366e+02,0.000000000000000000e+00
5.684000000000000000e+03,1.003689685918814263e+02,0.000000000000000000e+00
5.685000000000000000e+03,1.007200395819209433e+02,0.000000000000000000e+00
5.686000000000000000e+03,9.901304188831298347e+01,0.000000000000000000e+00
5.687000000000000000e+03,9.840217284690125155e+01,0.000000000000000000e+00
5.688000000000000000e+03,9.407148610794361332e+01,0.000000000000000000e+00
5.689000000000000000e+03,1.032033508042563739e+02,0.000000000000000000e+00
5.690000000000000000e+03,1.041614283279778732e+02,0.000000000000000000e+00
5.691000000000000000e+03,1.010309980138221135e+02,0.000000000000000000e+00
5.692000000000000000e+03,1.037290295343872231e+02,0.000000000000000000e+00
5.693000000000000000e+03,1.035414338357044244e+02,0.000000000000000000e+00
5.694000000000000000e+03,1.022363895245672865e+02,0.000000000000000000e+00
5.695000000000000000e+03,1.057583709160388565e+02,0.000000000000000000e+00
5.696000000000000000e+03,9.819437968898813551e+01,0.000000000000000000e+00
5.697000000000000000e+03,9.583886367561179043e+01,0.000000000000000000e+00
5.698000000000000000e+03,9.980935172646930198e+01,0.000000000000000000e+00
5.699000000000000000e+03,1.062231648548444554e+02,0.000000000000000000e+00
5.700000000000000000e+03,9.029683112283827029e+01,0.000000000000000000e+00
5.701000000000000000e+03,9.532535723438508057e+01,0.000000000000000000e+00
5.702000000000000000e+03,1.049283925169781355e+02,0.000000000000000000e+00
5.703000000000000000e+03,9.925698263912597952e+01,0.000000000000000000e+00
5.704000000000000000e+03,1.007932107322616559e+02,0.000000000000000000e+00
5.705000000000000000e+03,9.800139292189666662e+01,0.000000000000000000e+00
5.706000000000000000e+03,1.056282270292503114e+02,0.000000000000000000e+00
5.707000000000000000e+03,1.060351938005014318e+02,0.000000000000000000e+00
5.708000000000000000e+03,1.028720714954233983e+02,0.000000000000000000e+00
5.709000000000000000e+03,1.057515509179517892e+02,0.000000000000000000e+00
5.710000000000000000e+03,9.462213855058983825e+01,0.000000000000000000e+00
5.711000000000000000e+03,1.069216583377508698e+02,0.000000000000000000e+00
5.712000000000000000e+03,1.078832538820148983e+02,0.000000000000000000e+00
5.713000000000000000e+03,1.002927568538687666e+02,0.000000000000000000e+00
5.714000000000000000e+03,1.035718918738731844e+02,0.000000000000000000e+00
5.715000000000000000e+03,9.843729177989030177e+01,0.000000000000000000e+00
5.716000000000000000e+03,9.653343997281703537e+01,0.000000000000000000e+00
5.717000000000000000e+03,1.045344913552163604e+02,0.000000000000000000e+00
5.718000000000000000e+03,9.861228299426294086e+01,0.000000000000000000e+00
5.719000000000000000e+03,1.001081717302855338e+02,0.000000000000000000e+00
5.720000000000000000e+03,9.674282198804652921e+01,0.000000000000000000e+00
5.721000000000000000e+03,9.942200384557763471e+01,0.000000000000000000e+00
5.722000000000000000e+03,1.002306298319394529e+02,0.000000000000000000e+00
5.723000000000000000e+03,1.052902857746754819e+02,0.000000000000000000e+00
5.724000000000000000e+03,1.013173966224246669e+02,0.000000000000000000e+00
5.725000000000000000e+03,9.565298177475952457e+01,0.000000000000000000e+00
5.726000000000000000e+03,1.015408181245404933e+02,0.000000000000000000e+00
5.727000000000000000e+03,9.800829588299433226e+01,0.000000000000000000e+00
5.728000000000000000e+03,1.005846744722629751e+02,0.000000000000000000e+00
5.729000000000000000e+03,9.684818243210976618e+01,0.000000000000000000e+00
5.730000000000000000e+03,1.029264441516144331e+02,0.000000000000000000e+00
5.731000000000000000e+03,1.009116450335541231e+02,0.000000000000000000e+00
5.732000000000000000e+03,1.000286215058050345e+02,0.000000000000000000e+00
5.733000000000000000e+03,9.704329140662986219e+01,0.000000000000000000e+00
5.734000000000000000e+03,9.732186147659687947e+01,0.000000000000000000e+00
5.735000000000000000e+03,1.009118559717230852e+02,0.000000000000000000e+00
5.736000000000000000e+03,9.906124121064600274e+01,0.000000000000000000e+00
5.737000000000000000e+03,1.054961581487325617e+02,0.000000000000000000e+00
5.738000000000000000e+03,1.072096300815369574e+02,0.000000000000000000e+00
5.739000000000000000e+03,1.006044180343831584e+02,0.000000000000000000e+00
5.740000000000000000e+03,9.718205818670988094e+01,0.000000000000000000e+00
5.741000000000000000e+03,1.016515084886721496e+02,0.000000000000000000e+00
5.742000000000000000e+03,1.037828894763685099e+02,0.000000000000000000e+00
5.743000000000000000e+03,1.010424818021930236e+02,0.000000000000000000e+00
5.744000000000000000e+03,9.956626168712848823e+01,0.000000000000000000e+00
5.745000000000000000e+03,1.025396968525706853e+02,0.000000000000000000e+00
5.746000000000000000e+03,9.994358389299161161e+01,0.000000000000000000e+00
5.747000000000000000e+03,9.992076265686947067e+01,0.000000000000000000e+00
5.748000000000000000e+03,1.003679650544810187e+02,0.000000000000000000e+00
5.749000000000000000e+03,1.049364034892450945e+02,0.000000000000000000e+00
5.750000000000000000e+03,1.022247163457454064e+02,0.000000000000000000e+00
5.751000000000000000e+03,1.015424692680501266e+02,0.000000000000000000e+00
5.752000000000000000e+03,1.006899098897578568e+02,0.000000000000000000e+00
5.753000000000000000e+03,1.003376992777320424e+02,0.000000000000000000e+00
5.754000000000000000e+03,9.839830691526363182e+01,0.000000000000000000e+00
5.755000000000000000e+03,1.056672067560049584e+02,0.000000000000000000e+00
5.756000000000000000e+03,1.007932160697035471e+02,0.000000000000000000e+00
5.757000000000000000e+03,9.709849866374369753e+01,0.000000000000000000e+00
5.758000000000000000e+03,9.839664915853715854e+01,0.000000000000000000e+00
5.759000000000000000e+03,9.970274680607448659e+01,0.000000000000000000e+00
5.760000000000000000e+03,9.868225660843819469e+01,0.000000000000000000e+00
5.761000000000000000e+03,1.015086864010159786e+02,0.000000000000000000e+00
5.762000000000000000e+03,1.042067745119478275e+02,0.000000000000000000e+00
5.763000000000000000e+03,1.015767870045970795e+02,0.000000000000000000e+00
5.764000000000000000e+03,9.822166146659259311e+01,0.000000000000000000e+00
5.765000000000000000e+03,9.782991190271073378e+01,0.000000000000000000e+00
5.766000000000000000e+03,9.912993482668568390e+01,0.000000000000000000e+00
5.767000000000000000e+03,1.052305587209183102e+02,0.000000000000000000e+00
5.768000000000000000e+03,9.946812312700029679e+01,0.000000000000000000e+00
5.769000000000000000e+03,1.060467467170001470e+02,0.000000000000000000e+00
5.770000000000000000e+03,1.030693030301906532e+02,0.000000000000000000e+00
5.771000000000000000e+03,1.037602106860449851e+02,0.000000000000000000e+00
5.772000000000000000e+03,1.091499699908227115e+02,0.000000000000000000e+00
5.773000000000000000e+03,1.028851363489311552e+02,0.000000000000000000e+00
5.774000000000000000e+03,1.012556868714950582e+02,0.000000000000000000e+00
5.775000000000000000e+03,1.057090814242580450e+02,0.000000000000000000e+00
5.776000000000000000e+03,1.011466191684800009e+02,0.000000000000000000e+00
5.777000000000000000e+03,1.018645605969489623e+02,0.000000000000000000e+00
5.778000000000000000e+03,1.020237747569389342e+02,0.000000000000000000e+00
5.779000000000000000e+03,9.896674760728836873e+01,0.000000000000000000e+00
5.780000000000000000e+03,9.677880227049286077e+01,0.000000000000000000e+00
5.781000000000000000e+03,1.067632439320422719e+02,0.000000000000000000e+00
5.782000000000000000e+03,9.769220995877414282e+01,0.000000000000000000e+00
5.783000000000000000e+03,9.550642500058762607e+01,0.000000000000000000e+00
5.784000000000000000e+03,1.027756347034963369e+02,0.000000000000000000e+00
5.785000000000000000e+03,1.093797516254308277e+02,0.000000000000000000e+00
5.786000000000000000e+03,1.035382683879407750e+02,0.000000000000000000e+00
5.787000000000000000e+03,9.792254570402808156e+01,0.000000000000000000e+00
5.788000000000000000e+03,1.023840999720944467e+02,0.000000000000000000e+00
5.789000000000000000e+03,9.372527886174169964e+01,0.000000000000000000e+00
5.790000000000000000e+03,1.014410842949046554e+02,0.000000000000000000e+00
5.791000000000000000e+03,1.012178177237139778e+02,0.000000000000000000e+00
5.792000000000000000e+03,1.055153914929231007e+02,0.000000000000000000e+00
5.793000000000000000e+03,1.018969489150397436e+02,0.000000000000000000e+00
5.794000000000000000e+03,1.019937342355824939e+02,0.000000000000000000e+00
5.795000000000000000e+03,1.023201788474472522e+02,0.000000000000000000e+00
5.796000000000000000e+03,9.526013153748532147e+01,0.000000000000000000e+00
5.797000000000000000e+03,1.026736505896618041e+02,0.000000000000000000e+00
5.798000000000000000e+03,9.765988074014613574e+01,0.000000000000000000e+00
5.799000000000000000e+03,1.001710724907622705e+02,0.000000000000000000e+00
5.800000000000000000e+03,1.048493756398658832e+02,0.000000000000000000e+00
5.801000000000000000e+03,9.645623147304907263e+01,0.000000000000000000e+00
5.802000000000000000e+03,9.962703804101217031e+01,0.000000000000000000e+00
5.803000000000000000e+03,9.635192059524995045e+01,0.000000000000000000e+00
5.804000000000000000e+03,1.061969483652955830e+02,0.000000000000000000e+00
5.805000000000000000e+03,1.015022985590305211e+02,0.000000000000000000e+00
5.806000000000000000e+03,1.064581768899349044e+02,0.000000000000000000e+00
5.807000000000000000e+03,1.089556454599242983e+02,0.000000000000000000e+00
5.808000000000000000e+03,9.977085726942490851e+01,0.000000000000000000e+00
5.809000000000000000e+03,1.012922872196725592e+02,0.000000000000000000e+00
5.810000000000000000e+03,1.012867367109954984e+02,0.000000000000000000e+00
5.811000000000000000e+03,9.547807087630880574e+01,0.000000000000000000e+00
5.812000000000000000e+03,9.993445635925881732e+01,0.000000000000000000e+00
5.813000000000000000e+03,1.071956128660717695e+02,0.000000000000000000e+00
5.814000000000000000e+03,1.029394396818062916e+02,0.000000000000000000e+00
5.815000000000000000e+03,1.040833775699744308e+02,0.000000000000000000e+00
5.816000000000000000e+03,9.798625242397916679e+01,0.000000000000000000e+00
5.817000000000000000e+03,1.062319314236771248e+02,0.000000000000000000e+00
5.818000000000000000e+03,1.038266529949733297e+02,0.000000000000000000e+00
5.819000000000000000e+03,1.017370449185779790e+02,0.000000000000000000e+00
5.820000000000000000e+03,1.004265648238262543e+02,0.000000000000000000e+00
5.821000000000000000e+03,1.067993954283968492e+02,0.000000000000000000e+00
5.822000000000000000e+03,1.013998990288055921e+02,0.000000000000000000e+00
5.823000000000000000e+03,1.053069954823255756e+02,0.000000000000000000e+00
5.824000000000000000e+03,1.006330928389337203e+02,0.000000000000000000e+00
5.825000000000000000e+03,1.006567017519338805e+02,0.000000000000000000e+00
5.826000000000000000e+03,9.974013056181129855e+01,0.000000000000000000e+00
5.827000000000000000e+03,9.997390360287479893e+01,0.000000000000000000e+00
5.828000000000000000e+03,1.008574345797201488e+02,0.000000000000000000e+00
5.829000000000000000e+03,1.001286141629394280e+02,0.000000000000000000e+00
5.830000000000000000e+03,1.048940145370838479e+02,0.000000000000000000e+00
5.831000000000000000e+03,1.004419303139997339e+02,0.000000000000000000e+00
5.832000000000000000e+03,1.043715685664563892e+02,0.000000000000000000e+00
5.833000000000000000e+03,1.031800705544892480e+02,0.000000000000000000e+00
5.834000000000000000e+03,1.038567829935060729e+02,0.000000000000000000e+00
5.835000000000000000e+03,1.053439797766912278e+02,0.000000000000000000e+00
5.836000000000000000e+03,9.860299043872457503e+01,0.000000000000000000e+00
5.837000000000000000e+03,1.007205877280585185e+02,0.000000000000000000e+00
5.838000000000000000e+03,9.540049011697500703e+01,0.000000000000000000e+00
5.839000000000000000e+03,9.395950115169424066e+01,0.000000000000000000e+00
5.840000000000000000e+03,9.967800286808655130e+01,0.000000000000000000e+00
5.841000000000000000e+03,9.691636769383988792e+01,0.000000000000000000e+00
5.842000000000000000e+03,1.020708582103160182e+02,0.000000000000000000e+00
5.843000000000000000e+03,1.073388954137451492e+02,0.000000000000000000e+00
5.844000000000000000e+03,9.791016339748880171e+01,0.000000000000000000e+00
5.845000000000000000e+03,1.026196878208114782e+02,0.000000000000000000e+00
5.846000000000000000e+03,1.024467792144780844e+02,0.000000000000000000e+00
5.847000000000000000e+03,1.091006651779881338e+02,0.000000000000000000e+00
5.848000000000000000e+03,1.021596811058978318e+02,0.000000000000000000e+00
5.849000000000000000e+03,1.087748290653125878e+02,0.000000000000000000e+00
5.850000000000000000e+03,1.039507891300152380e+02,0.000000000000000000e+00
5.851000000000000000e+03,1.075002771428429185e+02,0.000000000000000000e+00
5.852000000000000000e+03,1.099124267113302693e+02,0.000000000000000000e+00
5.853000000000000000e+03,1.007139394377674222e+02,0.000000000000000000e+00
5.854000000000000000e+03,1.062227697315917680e+02,0.000000000000000000e+00
5.855000000000000000e+03,9.616024885721081716e+01,0.000000000000000000e+00
5.856000000000000000e+03,1.022575125189135292e+02,0.000000000000000000e+00
5.857000000000000000e+03,1.015828796438503190e+02,0.000000000000000000e+00
5.858000000000000000e+03,9.995731415527355068e+01,0.000000000000000000e+00
5.859000000000000000e+03,9.826843704808933921e+01,0.000000000000000000e+00
5.860000000000000000e+03,1.053026551475964112e+02,0.000000000000000000e+00
5.861000000000000000e+03,1.029779033263244941e+02,0.000000000000000000e+00
5.862000000000000000e+03,1.036073369589989568e+02,0.000000000000000000e+00
5.863000000000000000e+03,9.644466703877878899e+01,0.000000000000000000e+00
5.864000000000000000e+03,1.063339326991411866e+02,0.000000000000000000e+00
5.865000000000000000e+03,9.763802242437195389e+01,0.000000000000000000e+00
5.866000000000000000e+03,1.059495168456240322e+02,0.000000000000000000e+00
5.867000000000000000e+03,9.750072288119895347e+01,0.000000000000000000e+00
5.868000000000000000e+03,1.043059098762647352e+02,0.000000000000000000e+00
5.869000000000000000e+03,9.819410041549002699e+01,0.000000000000000000e+00
5.870000000000000000e+03,1.024115061768094535e+02,0.000000000000000000e+00
5.871000000000000000e+03,1.024590231570053760e+02,0.000000000000000000e+00
5.872000000000000000e+03,1.002088675850346249e+02,0.000000000000000000e+00
5.873000000000000000e+03,1.020069759316721019e+02,0.000000000000000000e+00
5.874000000000000000e+03,9.773115798864039050e+01,0.000000000000000000e+00
5.875000000000000000e+03,9.806859816609188840e+01,0.000000000000000000e+00
5.876000000000000000e+03,1.051419725709622810e+02,0.000000000000000000e+00
5.877000000000000000e+03,9.753497226289556465e+01,0.000000000000000000e+00
5.878000000000000000e+03,1.016245364461700831e+02,0.000000000000000000e+00
5.879000000000000000e+03,1.037606064783483504e+02,0.000000000000000000e+00
5.880000000000000000e+03,1.024775244573108921e+02,0.000000000000000000e+00
5.881000000000000000e+03,1.034102187536951050e+02,0.000000000000000000e+00
5.882000000000000000e+03,9.800014221020721550e+01,0.000000000000000000e+00
5.883000000000000000e+03,9.284558287717356961e+01,0.000000000000000000e+00
5.884000000000000000e+03,1.017927587379334256e+02,0.000000000000000000e+00
5.885000000000000000e+03,1.020099561301158531e+02,0.000000000000000000e+00
5.886000000000000000e+03,1.009034730419830197e+02,0.000000000000000000e+00
5.887000000000000000e+03,1.064515037209094430e+02,0.000000000000000000e+00
5.888000000000000000e+03,1.065835140182805247e+02,0.000000000000000000e+00
5.889000000000000000e+03,1.012006691331731076e+02,0.000000000000000000e+00
5.890000000000000000e+03,1.057793633237681092e+02,0.000000000000000000e+00
5.891000000000000000e+03,1.023508770152112106e+02,0.000000000000000000e+00
5.892000000000000000e+03,1.096524604735029413e+02,0.000000000000000000e+00
5.893000000000000000e+03,1.002842936121965352e+02,0.000000000000000000e+00
5.894000000000000000e+03,1.025119403805729235e+02,0.000000000000000000e+00
5.895000000000000000e+03,1.015489362400521429e+02,0.000000000000000000e+00
5.896000000000000000e+03,1.062184307558481322e+02,0.000000000000000000e+00
5.897000000000000000e+03,1.050349989535715025e+02,0.000000000000000000e+00
5.898000000000000000e+03,1.070578327484866605e+02,0.000000000000000000e+00
5.899000000000000000e+03,1.074747017591847253e+02,0.000000000000000000e+00
5.900000000000000000e+03,1.085319800528556584e+02,1.000000000000000000e+00
5.901000000000000000e+03,1.048486561845414258e+02,1.000000000000000000e+00
5.902000000000000000e+03,1.071932815798730729e+02,1.000000000000000000e+00
5.903000000000000000e+03,1.044505374891325999e+02,1.000000000000000000e+00
5.904000000000000000e+03,1.131460413244153216e+02,1.000000000000000000e+00
5.905000000000000000e+03,1.181249481767780338e+02,1.000000000000000000e+00
5.906000000000000000e+03,1.061732629445524623e+02,1.000000000000000000e+00
5.907000000000000000e+03,1.080698698180163859e+02,1.000000000000000000e+00
5.908000000000000000e+03,1.097357287911634955e+02,1.000000000000000000e+00
5.909000000000000000e+03,1.104510913922369326e+02,1.000000000000000000e+00
5.910000000000000000e+03,1.107508749308573783e+02,1.000000000000000000e+00
5.911000000000000000e+03,1.056374978153572357e+02,1.000000000000000000e+00
5.912000000000000000e+03,1.010406490673593822e+02,1.000000000000000000e+00
5.913000000000000000e+03,1.068790246307200960e+02,0.000000000000000000e+00
5.914000000000000000e+03,1.101956547595315499e+02,0.000000000000000000e+00
5.915000000000000000e+03,1.086107697963963972e+02,0.000000000000000000e+00
5.916000000000000000e+03,1.061298741245079071e+02,0.000000000000000000e+00
5.917000000000000000e+03,1.039637033921222695e+02,0.000000000000000000e+00
5.918000000000000000e+03,1.055314081998498779e+02,0.000000000000000000e+00
5.919000000000000000e+03,1.102867184073404587e+02,0.000000000000000000e+00
5.920000000000000000e+03,1.112032861011950757e+02,0.000000000000000000e+00
5.921000000000000000e+03,1.034021141921128191e+02,0.000000000000000000e+00
5.922000000000000000e+03,9.710732865398979641e+01,0.000000000000000000e+00
5.923000000000000000e+03,1.076258674206023898e+02,0.000000000000000000e+00
5.924000000000000000e+03,1.056172283705808468e+02,0.000000000000000000e+00
5.925000000000000000e+03,1.037421784193887504e+02,0.000000000000000000e+00
5.926000000000000000e+03,9.773597826753859863e+01,0.000000000000000000e+00
5.927000000000000000e+03,1.031035986747395725e+02,0.000000000000000000e+00
5.928000000000000000e+03,1.008003628300522223e+02,0.000000000000000000e+00
5.929000000000000000e+03,1.027352479995178101e+02,0.000000000000000000e+00
5.930000000000000000e+03,1.011631519753612878e+02,0.000000000000000000e+00
5.931000000000000000e+03,1.068553631060863438e+02,0.000000000000000000e+00
5.932000000000000000e+03,1.041587542017038146e+02,0.000000000000000000e+00
5.933000000000000000e+03,1.061240331509787893e+02,1.000000000000000000e+00
5.934000000000000000e+03,1.107589199906547748e+02,1.000000000000000000e+00
5.935000000000000000e+03,1.089804413126407781e+02,1.000000000000000000e+00
5.936000000000000000e+03,1.096766636306257539e+02,1.000000000000000000e+00
5.937000000000000000e+03,1.134941681944087577e+02,1.000000000000000000e+00
5.938000000000000000e+03,1.212260304777820892e+02,1.000000000000000000e+00
5.939000000000000000e+03,1.227547787221271562e+02,1.000000000000000000e+00
5.940000000000000000e+03,1.149762891142846399e+02,1.000000000000000000e+00
5.941000000000000000e+03,1.154258668227391098e+02,1.000000000000000000e+00
5.942000000000000000e+03,1.143408789749903463e+02,1.000000000000000000e+00
5.943000000000000000e+03,1.104661013517892769e+02,1.000000000000000000e+00
5.944000000000000000e+03,1.098329696662831338e+02,1.000000000000000000e+00
5.945000000000000000e+03,1.065180657827679624e+02,1.000000000000000000e+00
5.946000000000000000e+03,1.078822112766482491e+02,1.000000000000000000e+00
5.947000000000000000e+03,1.093796530498374153e+02,0.000000000000000000e+00
5.948000000000000000e+03,1.052977633210972499e+02,0.000000000000000000e+00
5.949000000000000000e+03,1.031641322110521486e+02,0.000000000000000000e+00
5.950000000000000000e+03,1.028235491460314108e+02,0.000000000000000000e+00
5.951000000000000000e+03,1.066307309106632744e+02,0.000000000000000000e+00
5.952000000000000000e+03,1.018698077047593813e+02,0.000000000000000000e+00
5.953000000000000000e+03,1.050715950489798587e+02,0.000000000000000000e+00
5.954000000000000000e+03,1.105894581407140151e+02,0.000000000000000000e+00
5.955000000000000000e+03,1.007266345630658151e+02,0.000000000000000000e+00
5.956000000000000000e+03,1.077214614848381586e+02,1.000000000000000000e+00
5.957000000000000000e+03,1.083072977381306856e+02,1.000000000000000000e+00
5.958000000000000000e+03,1.069499887678365724e+02,1.000000000000000000e+00
5.959000000000000000e+03,1.113544528984192254e+02,1.000000000000000000e+00
5.960000000000000000e+03,1.143033333434498502e+02,1.000000000000000000e+00
5.961000000000000000e+03,1.092129989638668803e+02,1.000000000000000000e+00
5.962000000000000000e+03,1.126046233166563724e+02,1.000000000000000000e+00
5.963000000000000000e+03,1.118292378345277314e+02,1.000000000000000000e+00
5.964000000000000000e+03,1.088262077651023674e+02,1.000000000000000000e+00
5.965000000000000000e+03,1.088096782890410594e+02,1.000000000000000000e+00
5.966000000000000000e+03,1.062053773793471407e+02,1.000000000000000000e+00
5.967000000000000000e+03,1.122146896328367376e+02,1.000000000000000000e+00
5.968000000000000000e+03,1.082074704733544053e+02,1.000000000000000000e+00
5.969000000000000000e+03,1.130414779929952402e+02,1.000000000000000000e+00
5.970000000000000000e+03,1.091167869427209069e+02,1.000000000000000000e+00
5.971000000000000000e+03,1.048844175013084481e+02,1.000000000000000000e+00
5.972000000000000000e+03,1.118672154172085698e+02,1.000000000000000000e+00
5.973000000000000000e+03,1.141044106722669227e+02,1.000000000000000000e+00
5.974000000000000000e+03,1.161821203891408487e+02,1.000000000000000000e+00
5.975000000000000000e+03,1.254175594468688928e+02,1.000000000000000000e+00
5.976000000000000000e+03,1.251268497547906975e+02,1.000000000000000000e+00
5.977000000000000000e+03,1.366647707475474363e+02,1.000000000000000000e+00
5.978000000000000000e+03,1.333370037934025163e+02,1.000000000000000000e+00
5.979000000000000000e+03,1.411838231740834999e+02,1.000000000000000000e+00
5.980000000000000000e+03,1.457201719897592511e+02,1.000000000000000000e+00
5.981000000000000000e+03,1.423544768163351932e+02,1.000000000000000000e+00
5.982000000000000000e+03,1.439806751621890442e+02,1.000000000000000000e+00
5.983000000000000000e+03,1.398419913319096111e+02,1.000000000000000000e+00
5.984000000000000000e+03,1.410797793475734636e+02,1.000000000000000000e+00
5.985000000000000000e+03,1.442287310502804303e+02,1.000000000000000000e+00
5.986000000000000000e+03,1.265609703465472933e+02,1.000000000000000000e+00
5.987000000000000000e+03,1.336932967153774996e+02,1.000000000000000000e+00
5.988000000000000000e+03,1.238631887999138144e+02,1.000000000000000000e+00
5.989000000000000000e+03,1.271676803371853595e+02,1.000000000000000000e+00
5.990000000000000000e+03,1.242361389567780066e+02,1.000000000000000000e+00
5.991000000000000000e+03,1.246746191141130140e+02,1.000000000000000000e+00
5.992000000000000000e+03,1.314061147361169049e+02,1.000000000000000000e+00
5.993000000000000000e+03,1.258218450025749746e+02,1.000000000000000000e+00
5.994000000000000000e+03,1.207651095792017486e+02,1.000000000000000000e+00
5.995000000000000000e+03,1.170154406474477611e+02,1.000000000000000000e+00
5.996000000000000000e+03,1.194237138877683861e+02,1.000000000000000000e+00
5.997000000000000000e+03,1.149461729874932416e+02,1.000000000000000000e+00
5.998000000000000000e+03,1.178229611163837518e+02,1.000000000000000000e+00
5.999000000000000000e+03,1.139165008577519416e+02,1.000000000000000000e+00
6.000000000000000000e+03,1.153579501053427521e+02,1.000000000000000000e+00
6.001000000000000000e+03,1.103799331517731446e+02,1.000000000000000000e+00
6.002000000000000000e+03,1.098121135013419405e+02,1.000000000000000000e+00
6.003000000000000000e+03,1.065024277103533166e+02,1.000000000000000000e+00
6.004000000000000000e+03,1.097890829362785183e+02,1.000000000000000000e+00
6.005000000000000000e+03,1.097382373349017968e+02,1.000000000000000000e+00
6.006000000000000000e+03,1.095912641014453328e+02,1.000000000000000000e+00
6.007000000000000000e+03,1.034298708119829371e+02,0.000000000000000000e+00
6.008000000000000000e+03,1.018152984142626565e+02,0.000000000000000000e+00
6.009000000000000000e+03,1.024162170795045625e+02,0.000000000000000000e+00
6.010000000000000000e+03,1.009868571001535287e+02,0.000000000000000000e+00
6.011000000000000000e+03,1.065363054477342786e+02,0.000000000000000000e+00
6.012000000000000000e+03,1.039159360409002346e+02,0.000000000000000000e+00
6.013000000000000000e+03,1.019160309946199874e+02,0.000000000000000000e+00
6.014000000000000000e+03,9.641110659429233465e+01,0.000000000000000000e+00
6.015000000000000000e+03,1.017703574836645970e+02,0.000000000000000000e+00
6.016000000000000000e+03,1.066571388522140751e+02,0.000000000000000000e+00
6.017000000000000000e+03,1.017564311085730253e+02,0.000000000000000000e+00
6.018000000000000000e+03,9.932065559125153698e+01,0.000000000000000000e+00
6.019000000000000000e+03,1.081887470828142170e+02,0.000000000000000000e+00
6.020000000000000000e+03,1.067136588498878922e+02,0.000000000000000000e+00
6.021000000000000000e+03,1.003266147060401750e+02,0.000000000000000000e+00
6.022000000000000000e+03,9.743058573103358810e+01,0.000000000000000000e+00
6.023000000000000000e+03,1.034791150739019372e+02,0.000000000000000000e+00
6.024000000000000000e+03,1.034476863711021934e+02,0.000000000000000000e+00
6.025000000000000000e+03,1.036466311152004209e+02,0.000000000000000000e+00
6.026000000000000000e+03,1.001774911672139154e+02,0.000000000000000000e+00
6.027000000000000000e+03,9.973732420383427666e+01,0.000000000000000000e+00
6.028000000000000000e+03,1.092233069945986159e+02,0.000000000000000000e+00
6.029000000000000000e+03,1.004776629161314077e+02,0.000000000000000000e+00
6.030000000000000000e+03,9.816887399330137498e+01,0.000000000000000000e+00
6.031000000000000000e+03,1.041338844165984909e+02,0.000000000000000000e+00
6.032000000000000000e+03,1.006153542512237351e+02,0.000000000000000000e+00
6.033000000000000000e+03,9.972587088626478646e+01,0.000000000000000000e+00
6.034000000000000000e+03,1.029337782692221452e+02,0.000000000000000000e+00
6.035000000000000000e+03,1.054955823016297813e+02,0.000000000000000000e+00
6.036000000000000000e+03,1.013322328303351867e+02,0.000000000000000000e+00
6.037000000000000000e+03,1.029199524635871370e+02,0.000000000000000000e+00
6.038000000000000000e+03,1.027452682279025140e+02,0.000000000000000000e+00
6.039000000000000000e+03,1.013917791426942188e+02,0.000000000000000000e+00
6.040000000000000000e+03,1.016711947519888923e+02,0.000000000000000000e+00
6.041000000000000000e+03,1.015130630646704191e+02,0.000000000000000000e+00
6.042000000000000000e+03,1.039949123704766976e+02,0.000000000000000000e+00
6.043000000000000000e+03,1.032010770998277138e+02,0.000000000000000000e+00
6.044000000000000000e+03,9.976099107283536682e+01,0.000000000000000000e+00
6.045000000000000000e+03,9.902435345424029833e+01,0.000000000000000000e+00
6.046000000000000000e+03,1.001574743541510628e+02,0.000000000000000000e+00
6.047000000000000000e+03,9.503096593582587559e+01,0.000000000000000000e+00
6.048000000000000000e+03,1.047418456483917311e+02,0.000000000000000000e+00
6.049000000000000000e+03,9.638068929288139941e+01,0.000000000000000000e+00
6.050000000000000000e+03,1.016254623967787722e+02,0.000000000000000000e+00
6.051000000000000000e+03,9.939293998109658901e+01,0.000000000000000000e+00
6.052000000000000000e+03,9.612276390672704451e+01,0.000000000000000000e+00
6.053000000000000000e+03,1.058257661031928052e+02,0.000000000000000000e+00
6.054000000000000000e+03,9.475068124727408758e+01,0.000000000000000000e+00
6.055000000000000000e+03,1.014640256734724204e+02,0.000000000000000000e+00
6.056000000000000000e+03,1.002347847132525374e+02,0.000000000000000000e+00
6.057000000000000000e+03,1.018376581272350307e+02,0.000000000000000000e+00
6.058000000000000000e+03,9.635131762910910425e+01,0.000000000000000000e+00
6.059000000000000000e+03,1.068175713307996375e+02,0.000000000000000000e+00
6.060000000000000000e+03,9.593889935369003297e+01,0.000000000000000000e+00
6.061000000000000000e+03,9.999416008727681060e+01,0.000000000000000000e+00
6.062000000000000000e+03,1.011464221932037617e+02,0.000000000000000000e+00
6.063000000000000000e+03,9.644971460558546994e+01,0.000000000000000000e+00
6.064000000000000000e+03,9.651915209851027555e+01,0.000000000000000000e+00
6.065000000000000000e+03,9.852356359432744171e+01,0.000000000000000000e+00
6.066000000000000000e+03,9.982269450773372910e+01,0.000000000000000000e+00
6.067000000000000000e+03,1.059708494733028061e+02,0.000000000000000000e+00
6.068000000000000000e+03,1.059226925857915660e+02,0.000000000000000000e+00
6.069000000000000000e+03,1.023367253481801811e+02,0.000000000000000000e+00
6.070000000000000000e+03,1.043397752852553282e+02,0.000000000000000000e+00
6.071000000000000000e+03,1.017712456474014857e+02,0.000000000000000000e+00
6.072000000000000000e+03,9.823727192912936346e+01,0.000000000000000000e+00
6.073000000000000000e+03,9.827197709104883927e+01,0.000000000000000000e+00
6.074000000000000000e+03,1.090927343391946067e+02,0.000000000000000000e+00
6.075000000000000000e+03,9.801529051705634288e+01,0.000000000000000000e+00
6.076000000000000000e+03,9.993601323507280654e+01,0.000000000000000000e+00
6.077000000000000000e+03,9.931130051987045704e+01,0.000000000000000000e+00
6.078000000000000000e+03,1.042183251641755533e+02,0.000000000000000000e+00
6.079000000000000000e+03,1.018852333034140543e+02,0.000000000000000000e+00
6.080000000000000000e+03,1.042693043846786054e+02,0.000000000000000000e+00
6.081000000000000000e+03,1.008676601736964074e+02,0.000000000000000000e+00
6.082000000000000000e+03,9.995501293573465773e+01,0.000000000000000000e+00
6.083000000000000000e+03,9.697713371310159403e+01,0.000000000000000000e+00
6.084000000000000000e+03,1.007407691594638379e+02,0.000000000000000000e+00
6.085000000000000000e+03,9.934150776277677153e+01,0.000000000000000000e+00
6.086000000000000000e+03,1.051744518421416217e+02,0.000000000000000000e+00
6.087000000000000000e+03,1.014738537456098726e+02,0.000000000000000000e+00
6.088000000000000000e+03,1.010838321459498701e+02,0.000000000000000000e+00
6.089000000000000000e+03,1.013466235964814643e+02,0.000000000000000000e+00
6.090000000000000000e+03,1.005261865557022105e+02,0.000000000000000000e+00
6.091000000000000000e+03,9.873194803548909704e+01,0.000000000000000000e+00
6.092000000000000000e+03,9.910325941385364956e+01,0.000000000000000000e+00
6.093000000000000000e+03,1.019615271859127432e+02,0.000000000000000000e+00
6.094000000000000000e+03,1.003907257821841341e+02,0.000000000000000000e+00
6.095000000000000000e+03,9.991136390868472006e+01,0.000000000000000000e+00
6.096000000000000000e+03,9.888117835302897163e+01,0.000000000000000000e+00
6.097000000000000000e+03,1.020309619116671769e+02,0.000000000000000000e+00
6.098000000000000000e+03,9.219417513232595240e+01,0.000000000000000000e+00
6.099000000000000000e+03,9.652879348275936877e+01,0.000000000000000000e+00
6.100000000000000000e+03,1.030179658650071985e+02,0.000000000000000000e+00
6.101000000000000000e+03,1.051904339965717270e+02,0.000000000000000000e+00
6.102000000000000000e+03,9.436777159590711506e+01,0.000000000000000000e+00
6.103000000000000000e+03,1.021314921284464390e+02,0.000000000000000000e+00
6.104000000000000000e+03,1.026266871650612416e+02,0.000000000000000000e+00
6.105000000000000000e+03,1.002350858639695019e+02,0.000000000000000000e+00
6.106000000000000000e+03,1.089836591173322802e+02,0.000000000000000000e+00
6.107000000000000000e+03,9.867856884218522850e+01,0.000000000000000000e+00
6.108000000000000000e+03,1.033545932141824153e+02,0.000000000000000000e+00
6.109000000000000000e+03,1.039104049245480326e+02,0.000000000000000000e+00
6.110000000000000000e+03,1.044443349617683054e+02,0.000000000000000000e+00
6.111000000000000000e+03,9.955133985470300217e+01,0.000000000000000000e+00
6.112000000000000000e+03,1.054044369264028518e+02,0.000000000000000000e+00
6.113000000000000000e+03,1.019970736056844629e+02,0.000000000000000000e+00
6.114000000000000000e+03,1.035373835795402471e+02,0.000000000000000000e+00
6.115000000000000000e+03,1.007054196254454723e+02,0.000000000000000000e+00
6.116000000000000000e+03,9.770957665844834139e+01,0.000000000000000000e+00
6.117000000000000000e+03,9.895613640419173862e+01,0.000000000000000000e+00
6.118000000000000000e+03,1.007106308514168944e+02,0.000000000000000000e+00
6.119000000000000000e+03,9.528418789895403052e+01,0.000000000000000000e+00
6.120000000000000000e+03,9.583264603953890060e+01,0.000000000000000000e+00
6.121000000000000000e+03,9.926269076710407546e+01,0.000000000000000000e+00
6.122000000000000000e+03,9.880471550219797905e+01,0.000000000000000000e+00
6.123000000000000000e+03,1.073570941266520435e+02,0.000000000000000000e+00
6.124000000000000000e+03,1.054748363951300405e+02,0.000000000000000000e+00
6.125000000000000000e+03,9.750054393896499505e+01,0.000000000000000000e+00
6.126000000000000000e+03,9.757407562233713350e+01,0.000000000000000000e+00
6.127000000000000000e+03,1.005774316824382737e+02,0.000000000000000000e+00
6.128000000000000000e+03,1.047472969206898341e+02,0.000000000000000000e+00
6.129000000000000000e+03,1.040671649924454698e+02,0.000000000000000000e+00
6.130000000000000000e+03,9.899346412361936132e+01,0.000000000000000000e+00
6.131000000000000000e+03,1.043718037770588154e+02,0.000000000000000000e+00
6.132000000000000000e+03,9.939274382776892480e+01,0.000000000000000000e+00
6.133000000000000000e+03,1.019726268704124834e+02,0.000000000000000000e+00
6.134000000000000000e+03,1.045878275230227530e+02,0.000000000000000000e+00
6.135000000000000000e+03,9.223118725376211557e+01,0.000000000000000000e+00
6.136000000000000000e+03,1.035664235797000856e+02,0.000000000000000000e+00
6.137000000000000000e+03,1.034882449091568191e+02,0.000000000000000000e+00
6.138000000000000000e+03,1.027480406695190851e+02,0.000000000000000000e+00
6.139000000000000000e+03,1.014765853652544507e+02,0.000000000000000000e+00
6.140000000000000000e+03,1.040870034325461262e+02,0.000000000000000000e+00
6.141000000000000000e+03,1.005029705929442656e+02,0.000000000000000000e+00
6.142000000000000000e+03,1.004655360134592428e+02,0.000000000000000000e+00
6.143000000000000000e+03,9.406519134396614845e+01,0.000000000000000000e+00
6.144000000000000000e+03,1.100594081475657191e+02,0.000000000000000000e+00
6.145000000000000000e+03,9.916273790660207510e+01,0.000000000000000000e+00
6.146000000000000000e+03,9.944088421070030392e+01,0.000000000000000000e+00
6.147000000000000000e+03,1.034397704284570949e+02,0.000000000000000000e+00
6.148000000000000000e+03,1.045916999333212942e+02,0.000000000000000000e+00
6.149000000000000000e+03,1.017669328923167598e+02,0.000000000000000000e+00
6.150000000000000000e+03,1.068264878089258900e+02,0.000000000000000000e+00
6.151000000000000000e+03,1.005101949274950357e+02,0.000000000000000000e+00
6.152000000000000000e+03,9.765346316147183359e+01,0.000000000000000000e+00
6.153000000000000000e+03,1.032786578964699942e+02,0.000000000000000000e+00
6.154000000000000000e+03,1.102507566569219080e+02,0.000000000000000000e+00
6.155000000000000000e+03,1.056252080674488525e+02,0.000000000000000000e+00
6.156000000000000000e+03,9.923305610096736018e+01,0.000000000000000000e+00
6.157000000000000000e+03,1.029932478933801292e+02,0.000000000000000000e+00
6.158000000000000000e+03,1.009023228630911433e+02,0.000000000000000000e+00
6.159000000000000000e+03,1.018927568556052847e+02,0.000000000000000000e+00
6.160000000000000000e+03,9.736898616769147452e+01,0.000000000000000000e+00
6.161000000000000000e+03,9.964625864805724120e+01,0.000000000000000000e+00
6.162000000000000000e+03,1.071577433498895431e+02,0.000000000000000000e+00
6.163000000000000000e+03,1.028751040026579489e+02,0.000000000000000000e+00
6.164000000000000000e+03,1.072102899163634930e+02,0.000000000000000000e+00
6.165000000000000000e+03,1.044105322360328785e+02,0.000000000000000000e+00
6.166000000000000000e+03,1.048418660366785673e+02,0.000000000000000000e+00
6.167000000000000000e+03,9.687516228873563762e+01,0.000000000000000000e+00
6.168000000000000000e+03,1.006064150103104993e+02,0.000000000000000000e+00
6.169000000000000000e+03,1.029188642586954074e+02,0.000000000000000000e+00
6.170000000000000000e+03,9.963564398410370870e+01,0.000000000000000000e+00
6.171000000000000000e+03,9.888732161404810483e+01,0.000000000000000000e+00
6.172000000000000000e+03,1.033935438464405649e+02,0.000000000000000000e+00
6.173000000000000000e+03,1.020354556217955917e+02,0.000000000000000000e+00
6.174000000000000000e+03,9.907868172233692405e+01,0.000000000000000000e+00
6.175000000000000000e+03,1.007546689755360063e+02,0.000000000000000000e+00
6.176000000000000000e+03,9.892153467843320414e+01,0.000000000000000000e+00
6.177000000000000000e+03,9.724664704733321230e+01,0.000000000000000000e+00
6.178000000000000000e+03,9.626188489253759428e+01,0.000000000000000000e+00
6.179000000000000000e+03,1.028311732812879171e+02,0.000000000000000000e+00
6.180000000000000000e+03,1.069556011301213658e+02,0.000000000000000000e+00
6.181000000000000000e+03,1.032757871517124926e+02,0.000000000000000000e+00
6.182000000000000000e+03,9.931638379966906882e+01,0.000000000000000000e+00
6.183000000000000000e+03,1.039889275404611766e+02,0.000000000000000000e+00
6.184000000000000000e+03,1.001085168889884898e+02,0.000000000000000000e+00
6.185000000000000000e+03,9.293400474140506162e+01,0.000000000000000000e+00
6.186000000000000000e+03,1.042756959203651945e+02,0.000000000000000000e+00
6.187000000000000000e+03,1.068355424298827501e+02,0.000000000000000000e+00
6.188000000000000000e+03,1.033384759044067067e+02,0.000000000000000000e+00
6.189000000000000000e+03,9.982142383484574566e+01,0.000000000000000000e+00
6.190000000000000000e+03,9.790930686172197284e+01,0.000000000000000000e+00
6.191000000000000000e+03,1.065311452191697299e+02,0.000000000000000000e+00
6.192000000000000000e+03,1.005374193968992103e+02,0.000000000000000000e+00
6.193000000000000000e+03,1.043885473399080439e+02,0.000000000000000000e+00
6.194000000000000000e+03,1.022795285514449262e+02,0.000000000000000000e+00
6.195000000000000000e+03,1.048866444557910853e+02,0.000000000000000000e+00
6.196000000000000000e+03,1.071381889450495919e+02,0.000000000000000000e+00
6.197000000000000000e+03,1.047566520369174725e+02,0.000000000000000000e+00
6.198000000000000000e+03,1.027715022815576020e+02,0.000000000000000000e+00
6.199000000000000000e+03,1.028832774006535260e+02,0.000000000000000000e+00
6.200000000000000000e+03,9.501724136098606266e+01,0.000000000000000000e+00
6.201000000000000000e+03,9.827528832972136286e+01,0.000000000000000000e+00
6.202000000000000000e+03,1.053112683961592211e+02,0.000000000000000000e+00
6.203000000000000000e+03,1.020090710845939554e+02,0.000000000000000000e+00
6.204000000000000000e+03,9.791751310030478805e+01,0.000000000000000000e+00
6.205000000000000000e+03,1.033905324690464340e+02,0.000000000000000000e+00
6.206000000000000000e+03,9.555466679216252146e+01,0.000000000000000000e+00
6.207000000000000000e+03,1.025589559897269112e+02,0.000000000000000000e+00
6.208000000000000000e+03,1.052765349522113212e+02,0.000000000000000000e+00
6.209000000000000000e+03,1.006789792878838341e+02,0.000000000000000000e+00
6.210000000000000000e+03,9.894264555231174540e+01,0.000000000000000000e+00
6.211000000000000000e+03,1.036456620162170452e+02,0.000000000000000000e+00
6.212000000000000000e+03,1.067236177604085441e+02,0.000000000000000000e+00
6.213000000000000000e+03,1.010088470787959380e+02,0.000000000000000000e+00
6.214000000000000000e+03,1.006311397721854348e+02,0.000000000000000000e+00
6.215000000000000000e+03,1.053179418095756290e+02,0.000000000000000000e+00
6.216000000000000000e+03,9.280633261312377158e+01,0.000000000000000000e+00
6.217000000000000000e+03,9.954392365111867491e+01,0.000000000000000000e+00
6.218000000000000000e+03,9.935769619661454044e+01,0.000000000000000000e+00
6.219000000000000000e+03,1.008496615829104144e+02,0.000000000000000000e+00
6.220000000000000000e+03,1.050815580979857202e+02,0.000000000000000000e+00
6.221000000000000000e+03,9.925190591307769239e+01,0.000000000000000000e+00
6.222000000000000000e+03,1.050381610441235409e+02,0.000000000000000000e+00
6.223000000000000000e+03,1.031899063335869045e+02,0.000000000000000000e+00
6.224000000000000000e+03,1.080392240375498858e+02,0.000000000000000000e+00
6.225000000000000000e+03,1.036938361555928765e+02,0.000000000000000000e+00
6.226000000000000000e+03,9.439894162728056415e+01,0.000000000000000000e+00
6.227000000000000000e+03,1.014105368693579123e+02,0.000000000000000000e+00
6.228000000000000000e+03,1.065197234836412719e+02,0.000000000000000000e+00
6.229000000000000000e+03,1.003615317219809100e+02,0.000000000000000000e+00
6.230000000000000000e+03,1.010091648520259042e+02,0.000000000000000000e+00
6.231000000000000000e+03,1.015652600778057177e+02,0.000000000000000000e+00
6.232000000000000000e+03,1.018199587603385936e+02,0.000000000000000000e+00
6.233000000000000000e+03,1.022675702869850056e+02,0.000000000000000000e+00
6.234000000000000000e+03,9.817362735796204731e+01,0.000000000000000000e+00
6.235000000000000000e+03,1.059958768966530585e+02,0.000000000000000000e+00
6.236000000000000000e+03,1.072234626449853039e+02,0.000000000000000000e+00
6.237000000000000000e+03,1.035705991265972159e+02,0.000000000000000000e+00
6.238000000000000000e+03,1.036731666317030118e+02,0.000000000000000000e+00
6.239000000000000000e+03,1.015034791531890477e+02,0.000000000000000000e+00
6.240000000000000000e+03,1.001257199547738566e+02,0.000000000000000000e+00
6.241000000000000000e+03,9.793335665208184082e+01,0.000000000000000000e+00
6.242000000000000000e+03,1.047486278591199351e+02,0.000000000000000000e+00
6.243000000000000000e+03,1.085731016405836868e+02,0.000000000000000000e+00
6.244000000000000000e+03,1.050285293392189061e+02,0.000000000000000000e+00
6.245000000000000000e+03,1.007404030233302308e+02,0.000000000000000000e+00
6.246000000000000000e+03,1.029116135132138510e+02,0.000000000000000000e+00
6.247000000000000000e+03,1.046729352959399506e+02,0.000000000000000000e+00
6.248000000000000000e+03,9.534431960822850272e+01,0.000000000000000000e+00
6.249000000000000000e+03,9.672576594308679887e+01,0.000000000000000000e+00
6.250000000000000000e+03,1.065619397358665736e+02,0.000000000000000000e+00
6.251000000000000000e+03,1.021664249689548285e+02,0.000000000000000000e+00
6.252000000000000000e+03,1.038442646869930570e+02,0.000000000000000000e+00
6.253000000000000000e+03,9.515208686064013932e+01,0.000000000000000000e+00
6.254000000000000000e+03,1.027027583785106231e+02,0.000000000000000000e+00
6.255000000000000000e+03,1.047923347712909106e+02,0.000000000000000000e+00
6.256000000000000000e+03,9.964279413551270181e+01,0.000000000000000000e+00
6.257000000000000000e+03,9.700295017790348595e+01,0.000000000000000000e+00
6.258000000000000000e+03,1.045546600477439370e+02,0.000000000000000000e+00
6.259000000000000000e+03,1.004482372069376197e+02,0.000000000000000000e+00
6.260000000000000000e+03,1.055195632228482054e+02,0.000000000000000000e+00
6.261000000000000000e+03,1.060003815439924608e+02,0.000000000000000000e+00
6.262000000000000000e+03,1.048740505547988704e+02,0.000000000000000000e+00
6.263000000000000000e+03,9.910377522004328910e+01,0.000000000000000000e+00
6.264000000000000000e+03,9.571606966836968411e+01,0.000000000000000000e+00
6.265000000000000000e+03,1.005808490693604540e+02,0.000000000000000000e+00
6.266000000000000000e+03,9.779593659616124057e+01,0.000000000000000000e+00
6.267000000000000000e+03,1.002919722594108549e+02,0.000000000000000000e+00
6.268000000000000000e+03,1.024314968993720640e+02,0.000000000000000000e+00
6.269000000000000000e+03,1.067752778911497700e+02,0.000000000000000000e+00
6.270000000000000000e+03,1.008689839794632803e+02,0.000000000000000000e+00
6.271000000000000000e+03,9.955382709739545533e+01,0.000000000000000000e+00
6.272000000000000000e+03,9.828488357494859429e+01,0.000000000000000000e+00
6.273000000000000000e+03,1.068475271356643930e+02,0.000000000000000000e+00
6.274000000000000000e+03,9.869710471691057307e+01,0.000000000000000000e+00
6.275000000000000000e+03,1.079554934658513616e+02,0.000000000000000000e+00
6.276000000000000000e+03,9.693813153773896829e+01,0.000000000000000000e+00
6.277000000000000000e+03,9.817184464202972549e+01,0.000000000000000000e+00
6.278000000000000000e+03,1.014448262821817792e+02,0.000000000000000000e+00
6.279000000000000000e+03,1.029524807885511279e+02,0.000000000000000000e+00
6.280000000000000000e+03,9.971554096833970959e+01,0.000000000000000000e+00
6.281000000000000000e+03,1.030019073669334233e+02,0.000000000000000000e+00
6.282000000000000000e+03,9.644699239258167722e+01,0.000000000000000000e+00
6.283000000000000000e+03,1.050292263557673067e+02,0.000000000000000000e+00
6.284000000000000000e+03,1.056655656509934147e+02,0.000000000000000000e+00
6.285000000000000000e+03,1.009711347000613131e+02,0.000000000000000000e+00
6.286000000000000000e+03,1.033994276941968735e+02,0.000000000000000000e+00
6.287000000000000000e+03,1.069774175036584296e+02,0.000000000000000000e+00
6.288000000000000000e+03,1.031379717650335266e+02,0.000000000000000000e+00
6.289000000000000000e+03,1.084595061176560193e+02,0.000000000000000000e+00
6.290000000000000000e+03,1.013151527051905418e+02,0.000000000000000000e+00
6.291000000000000000e+03,1.042948986194455614e+02,0.000000000000000000e+00
6.292000000000000000e+03,1.030827047788175435e+02,0.000000000000000000e+00
6.293000000000000000e+03,1.001575453355177814e+02,0.000000000000000000e+00
6.294000000000000000e+03,1.010444820745302081e+02,0.000000000000000000e+00
6.295000000000000000e+03,1.045197194529261537e+02,0.000000000000000000e+00
6.296000000000000000e+03,9.620674565834488590e+01,0.000000000000000000e+00
6.297000000000000000e+03,9.698474084904373171e+01,0.000000000000000000e+00
6.298000000000000000e+03,1.008502680711711434e+02,0.000000000000000000e+00
6.299000000000000000e+03,1.015671774021420930e+02,0.000000000000000000e+00
6.300000000000000000e+03,1.000038896794039545e+02,0.000000000000000000e+00
6.301000000000000000e+03,1.030678994848879881e+02,0.000000000000000000e+00
6.302000000000000000e+03,9.810777814023379051e+01,0.000000000000000000e+00
6.303000000000000000e+03,1.063402099290880329e+02,0.000000000000000000e+00
6.304000000000000000e+03,9.899254320705922794e+01,0.000000000000000000e+00
6.305000000000000000e+03,1.009414180729662291e+02,0.000000000000000000e+00
6.306000000000000000e+03,1.094509620505095739e+02,0.000000000000000000e+00
6.307000000000000000e+03,9.956696895294118121e+01,0.000000000000000000e+00
6.308000000000000000e+03,1.024195105345580856e+02,0.000000000000000000e+00
6.309000000000000000e+03,9.683834405220997610e+01,0.000000000000000000e+00
6.310000000000000000e+03,1.074082725197023933e+02,0.000000000000000000e+00
6.311000000000000000e+03,1.042156944634748612e+02,0.000000000000000000e+00
6.312000000000000000e+03,1.000561571307838449e+02,0.000000000000000000e+00
6.313000000000000000e+03,1.033463923210345712e+02,0.000000000000000000e+00
6.314000000000000000e+03,1.002246436174234532e+02,0.000000000000000000e+00
6.315000000000000000e+03,1.000438692855192642e+02,0.000000000000000000e+00
6.316000000000000000e+03,1.036664367202614159e+02,0.000000000000000000e+00
6.317000000000000000e+03,1.020048636230100669e+02,0.000000000000000000e+00
6.318000000000000000e+03,1.008615114861492117e+02,0.000000000000000000e+00
6.319000000000000000e+03,1.032453758911274093e+02,0.000000000000000000e+00
6.320000000000000000e+03,1.071976598818558841e+02,0.000000000000000000e+00
6.321000000000000000e+03,9.989163269275744028e+01,0.000000000000000000e+00
6.322000000000000000e+03,1.004623536868837732e+02,0.000000000000000000e+00
6.323000000000000000e+03,9.952489025296385705e+01,0.000000000000000000e+00
6.324000000000000000e+03,1.016777573489756605e+02,0.000000000000000000e+00
6.325000000000000000e+03,1.002293606340743963e+02,0.000000000000000000e+00
6.326000000000000000e+03,1.033819290530740318e+02,0.000000000000000000e+00
6.327000000000000000e+03,1.036195231846178615e+02,0.000000000000000000e+00
6.328000000000000000e+03,1.008702911590336413e+02,0.000000000000000000e+00
6.329000000000000000e+03,9.738143543314056672e+01,0.000000000000000000e+00
6.330000000000000000e+03,9.726819095125719628e+01,0.000000000000000000e+00
6.331000000000000000e+03,1.065301343854201122e+02,0.000000000000000000e+00
6.332000000000000000e+03,1.026600309299023195e+02,0.000000000000000000e+00
6.333000000000000000e+03,1.053824650262269813e+02,0.000000000000000000e+00
6.334000000000000000e+03,1.044784841571012635e+02,0.000000000000000000e+00
6.335000000000000000e+03,1.038429296132542703e+02,0.000000000000000000e+00
6.336000000000000000e+03,1.028676147629964674e+02,0.000000000000000000e+00
6.337000000000000000e+03,1.003250111260134645e+02,0.000000000000000000e+00
6.338000000000000000e+03,1.018468298761267619e+02,0.000000000000000000e+00
6.339000000000000000e+03,1.029837366099651206e+02,0.000000000000000000e+00
6.340000000000000000e+03,1.059078659259357664e+02,0.000000000000000000e+00
6.341000000000000000e+03,9.940651943754895115e+01,0.000000000000000000e+00
6.342000000000000000e+03,9.992038912003516771e+01,0.000000000000000000e+00
6.343000000000000000e+03,9.985120419342749187e+01,0.000000000000000000e+00
6.344000000000000000e+03,1.008151588441538991e+02,0.000000000000000000e+00
6.345000000000000000e+03,9.778664034122907367e+01,0.000000000000000000e+00
6.346000000000000000e+03,1.071722300721716294e+02,0.000000000000000000e+00
6.347000000000000000e+03,1.054881180852594582e+02,0.000000000000000000e+00
6.348000000000000000e+03,1.042633392883882948e+02,0.000000000000000000e+00
6.349000000000000000e+03,1.014909448628571340e+02,0.000000000000000000e+00
6.350000000000000000e+03,1.075159735849761660e+02,0.000000000000000000e+00
6.351000000000000000e+03,1.011965419896553300e+02,0.000000000000000000e+00
6.352000000000000000e+03,1.106428148456534899e+02,0.000000000000000000e+00
6.353000000000000000e+03,9.394849689454078145e+01,0.000000000000000000e+00
6.354000000000000000e+03,9.147612346271500883e+01,0.000000000000000000e+00
6.355000000000000000e+03,1.005431312936712800e+02,0.000000000000000000e+00
6.356000000000000000e+03,9.698493384554514307e+01,0.000000000000000000e+00
6.357000000000000000e+03,1.008511376432955444e+02,0.000000000000000000e+00
6.358000000000000000e+03,1.045227302021044409e+02,0.000000000000000000e+00
6.359000000000000000e+03,1.006838277351034492e+02,0.000000000000000000e+00
6.360000000000000000e+03,1.006681608666902861e+02,0.000000000000000000e+00
6.361000000000000000e+03,1.021593988691230237e+02,0.000000000000000000e+00
6.362000000000000000e+03,9.731428575344986598e+01,0.000000000000000000e+00
6.363000000000000000e+03,1.025573927089229755e+02,0.000000000000000000e+00
6.364000000000000000e+03,9.998253696975800153e+01,0.000000000000000000e+00
6.365000000000000000e+03,1.060105427826235598e+02,0.000000000000000000e+00
6.366000000000000000e+03,1.023022059841424607e+02,0.000000000000000000e+00
6.367000000000000000e+03,9.776574065485000631e+01,0.000000000000000000e+00
6.368000000000000000e+03,1.005671833766028556e+02,0.000000000000000000e+00
6.369000000000000000e+03,9.829775917904713367e+01,0.000000000000000000e+00
6.370000000000000000e+03,1.026475024494066020e+02,0.000000000000000000e+00
6.371000000000000000e+03,9.705761149970419410e+01,0.000000000000000000e+00
6.372000000000000000e+03,1.001516379018314495e+02,0.000000000000000000e+00
6.373000000000000000e+03,1.012374561500797938e+02,0.000000000000000000e+00
6.374000000000000000e+03,9.592749525431719348e+01,0.000000000000000000e+00
6.375000000000000000e+03,1.055724917815655317e+02,0.000000000000000000e+00
6.376000000000000000e+03,9.520873395003160056e+01,0.000000000000000000e+00
6.377000000000000000e+03,9.939145173351938922e+01,0.000000000000000000e+00
6.378000000000000000e+03,9.900933724258581492e+01,0.000000000000000000e+00
6.379000000000000000e+03,1.025113970035009316e+02,0.000000000000000000e+00
6.380000000000000000e+03,1.055912533979072805e+02,0.000000000000000000e+00
6.381000000000000000e+03,1.004773662291257637e+02,0.000000000000000000e+00
6.382000000000000000e+03,1.020999895120006187e+02,0.000000000000000000e+00
6.383000000000000000e+03,1.032974115250870710e+02,0.000000000000000000e+00
6.384000000000000000e+03,1.048972400727299714e+02,0.000000000000000000e+00
6.385000000000000000e+03,1.035845688906665174e+02,0.000000000000000000e+00
6.386000000000000000e+03,9.966825331027615675e+01,0.000000000000000000e+00
6.387000000000000000e+03,9.702850929523343382e+01,0.000000000000000000e+00
6.388000000000000000e+03,9.815057167504662061e+01,0.000000000000000000e+00
6.389000000000000000e+03,1.060925201674316156e+02,0.000000000000000000e+00
6.390000000000000000e+03,9.621719686787349701e+01,0.000000000000000000e+00
6.391000000000000000e+03,1.014642617155505064e+02,0.000000000000000000e+00
6.392000000000000000e+03,9.915288999619275501e+01,0.000000000000000000e+00
6.393000000000000000e+03,1.026456231711290599e+02,0.000000000000000000e+00
6.394000000000000000e+03,1.025970954183362807e+02,0.000000000000000000e+00
6.395000000000000000e+03,9.853191296091495133e+01,0.000000000000000000e+00
6.396000000000000000e+03,1.014948435234138913e+02,0.000000000000000000e+00
6.397000000000000000e+03,1.027505619500236662e+02,0.000000000000000000e+00
6.398000000000000000e+03,1.014380194572779317e+02,0.000000000000000000e+00
6.399000000000000000e+03,1.036457563873360641e+02,0.000000000000000000e+00
6.400000000000000000e+03,1.082507360597873003e+02,0.000000000000000000e+00
6.401000000000000000e+03,1.032541308530424402e+02,0.000000000000000000e+00
6.402000000000000000e+03,1.005848613526691082e+02,0.000000000000000000e+00
6.403000000000000000e+03,1.055469481831314482e+02,0.000000000000000000e+00
6.404000000000000000e+03,1.035700072730699191e+02,0.000000000000000000e+00
6.405000000000000000e+03,1.009773165499810545e+02,0.000000000000000000e+00
6.406000000000000000e+03,1.001261783431490926e+02,0.000000000000000000e+00
6.407000000000000000e+03,1.064756439293488484e+02,0.000000000000000000e+00
6.408000000000000000e+03,1.028955882729152762e+02,0.000000000000000000e+00
6.409000000000000000e+03,9.829738376765924102e+01,0.000000000000000000e+00
6.410000000000000000e+03,1.015002437686885486e+02,0.000000000000000000e+00
6.411000000000000000e+03,1.017043546203959039e+02,0.000000000000000000e+00
6.412000000000000000e+03,9.804561944905847781e+01,0.000000000000000000e+00
6.413000000000000000e+03,1.007263479959688937e+02,0.000000000000000000e+00
6.414000000000000000e+03,9.915909761295816338e+01,0.000000000000000000e+00
6.415000000000000000e+03,1.036945371050822757e+02,0.000000000000000000e+00
6.416000000000000000e+03,1.015702332024788745e+02,0.000000000000000000e+00
6.417000000000000000e+03,1.001082579209436290e+02,0.000000000000000000e+00
6.418000000000000000e+03,1.018745412742269991e+02,0.000000000000000000e+00
6.419000000000000000e+03,1.038108600883181367e+02,0.000000000000000000e+00
6.420000000000000000e+03,1.019807393690867343e+02,0.000000000000000000e+00
6.421000000000000000e+03,9.547943461846544722e+01,0.000000000000000000e+00
6.422000000000000000e+03,1.009791227793836583e+02,0.000000000000000000e+00
6.423000000000000000e+03,1.056857153983555975e+02,0.000000000000000000e+00
6.424000000000000000e+03,1.005363186666897235e+02,0.000000000000000000e+00
6.425000000000000000e+03,9.968132892439703596e+01,0.000000000000000000e+00
6.426000000000000000e+03,9.950473220455455703e+01,0.000000000000000000e+00
6.427000000000000000e+03,9.826849059059784963e+01,0.000000000000000000e+00
6.428000000000000000e+03,9.781065770511699498e+01,0.000000000000000000e+00
6.429000000000000000e+03,1.049784821378684967e+02,0.000000000000000000e+00
6.430000000000000000e+03,9.839117988171713591e+01,0.000000000000000000e+00
6.431000000000000000e+03,1.006506209315731297e+02,0.000000000000000000e+00
6.432000000000000000e+03,1.050492512028510959e+02,0.000000000000000000e+00
6.433000000000000000e+03,1.005143649843981279e+02,0.000000000000000000e+00
6.434000000000000000e+03,1.019168519363943659e+02,0.000000000000000000e+00
6.435000000000000000e+03,9.916682394424829283e+01,0.000000000000000000e+00
6.436000000000000000e+03,1.031636509250651415e+02,0.000000000000000000e+00
6.437000000000000000e+03,1.016205869556554688e+02,0.000000000000000000e+00
6.438000000000000000e+03,9.952261024357062524e+01,0.000000000000000000e+00
6.439000000000000000e+03,9.804564300573036917e+01,0.000000000000000000e+00
6.440000000000000000e+03,1.063183505587465163e+02,0.000000000000000000e+00
6.441000000000000000e+03,9.941638127087598775e+01,0.000000000000000000e+00
6.442000000000000000e+03,1.044433699004753606e+02,0.000000000000000000e+00
6.443000000000000000e+03,1.051565065617510868e+02,0.000000000000000000e+00
6.444000000000000000e+03,1.051297965527576537e+02,0.000000000000000000e+00
6.445000000000000000e+03,9.819175421785330116e+01,0.000000000000000000e+00
6.446000000000000000e+03,1.020825862065712641e+02,0.000000000000000000e+00
6.447000000000000000e+03,1.025922849197247331e+02,0.000000000000000000e+00
6.448000000000000000e+03,1.070866648054640535e+02,0.000000000000000000e+00
6.449000000000000000e+03,1.041871509618812297e+02,0.000000000000000000e+00
6.450000000000000000e+03,1.026448677474478615e+02,0.000000000000000000e+00
6.451000000000000000e+03,9.906579844953832037e+01,0.000000000000000000e+00
6.452000000000000000e+03,1.040138801814270266e+02,0.000000000000000000e+00
6.453000000000000000e+03,1.021340021943963166e+02,0.000000000000000000e+00
6.454000000000000000e+03,1.012482433417571457e+02,0.000000000000000000e+00
6.455000000000000000e+03,1.036500527497653366e+02,0.000000000000000000e+00
6.456000000000000000e+03,1.002697182416112724e+02,0.000000000000000000e+00
6.457000000000000000e+03,1.057676207897453651e+02,0.000000000000000000e+00
6.458000000000000000e+03,1.086803711249893212e+02,0.000000000000000000e+00
6.459000000000000000e+03,1.011884109723561807e+02,0.000000000000000000e+00
6.460000000000000000e+03,1.024555774504364649e+02,0.000000000000000000e+00
6.461000000000000000e+03,1.004635108717311027e+02,0.000000000000000000e+00
6.462000000000000000e+03,1.040103939364137773e+02,0.000000000000000000e+00
6.463000000000000000e+03,1.036559767073686942e+02,0.000000000000000000e+00
6.464000000000000000e+03,1.075796728680785606e+02,0.000000000000000000e+00
6.465000000000000000e+03,1.051818476171633279e+02,0.000000000000000000e+00
6.466000000000000000e+03,1.061458431490636229e+02,0.000000000000000000e+00
6.467000000000000000e+03,1.001357647974423912e+02,0.000000000000000000e+00
6.468000000000000000e+03,9.917279962656380121e+01,0.000000000000000000e+00
6.469000000000000000e+03,9.924884361453479187e+01,0.000000000000000000e+00
6.470000000000000000e+03,9.875139581394343224e+01,0.000000000000000000e+00
6.471000000000000000e+03,1.059697833236783566e+02,0.000000000000000000e+00
6.472000000000000000e+03,1.118480161486749722e+02,0.000000000000000000e+00
6.473000000000000000e+03,9.535602731050268233e+01,0.000000000000000000e+00
6.474000000000000000e+03,1.016043668545105163e+02,0.000000000000000000e+00
6.475000000000000000e+03,1.059820425132877233e+02,0.000000000000000000e+00
6.476000000000000000e+03,1.006132606706263743e+02,0.000000000000000000e+00
6.477000000000000000e+03,1.048036611919716137e+02,0.000000000000000000e+00
6.478000000000000000e+03,1.027211891779644759e+02,0.000000000000000000e+00
6.479000000000000000e+03,1.016712879014174433e+02,0.000000000000000000e+00
6.480000000000000000e+03,9.991795876697149481e+01,0.000000000000000000e+00
6.481000000000000000e+03,9.867292450798996128e+01,0.000000000000000000e+00
6.482000000000000000e+03,9.890624082191646949e+01,0.000000000000000000e+00
6.483000000000000000e+03,9.379264828164690471e+01,0.000000000000000000e+00
6.484000000000000000e+03,9.937329652616207909e+01,0.000000000000000000e+00
6.485000000000000000e+03,1.068518416975163916e+02,0.000000000000000000e+00
6.486000000000000000e+03,9.687139287818203570e+01,0.000000000000000000e+00
6.487000000000000000e+03,1.000324623866789295e+02,0.000000000000000000e+00
6.488000000000000000e+03,1.016717524039180915e+02,0.000000000000000000e+00
6.489000000000000000e+03,9.727970367944271857e+01,0.000000000000000000e+00
6.490000000000000000e+03,1.026869932464302480e+02,0.000000000000000000e+00
6.491000000000000000e+03,9.379585579491049430e+01,0.000000000000000000e+00
6.492000000000000000e+03,1.073832214982234916e+02,0.000000000000000000e+00
6.493000000000000000e+03,1.027717862629542509e+02,0.000000000000000000e+00
6.494000000000000000e+03,1.033871278159049183e+02,0.000000000000000000e+00
6.495000000000000000e+03,9.584024351752175619e+01,0.000000000000000000e+00
6.496000000000000000e+03,1.017896171398873832e+02,0.000000000000000000e+00
6.497000000000000000e+03,1.068179729056831633e+02,0.000000000000000000e+00
6.498000000000000000e+03,1.020929741314421477e+02,0.000000000000000000e+00
6.499000000000000000e+03,9.809206743842980813e+01,0.000000000000000000e+00
6.500000000000000000e+03,9.554324473281549501e+01,0.000000000000000000e+00
6.501000000000000000e+03,9.992817590191847898e+01,0.000000000000000000e+00
6.502000000000000000e+03,9.880424188661875462e+01,0.000000000000000000e+00
6.503000000000000000e+03,1.004185052109649661e+02,0.000000000000000000e+00
6.504000000000000000e+03,1.069096398275843001e+02,0.000000000000000000e+00
6.505000000000000000e+03,1.045276352851041963e+02,0.000000000000000000e+00
6.506000000000000000e+03,1.053677875977827654e+02,0.000000000000000000e+00
6.507000000000000000e+03,1.048382510503640503e+02,0.000000000000000000e+00
6.508000000000000000e+03,1.020176273998186787e+02,0.000000000000000000e+00
6.509000000000000000e+03,9.840165819385624957e+01,0.000000000000000000e+00
6.510000000000000000e+03,9.586335374170144519e+01,0.000000000000000000e+00
6.511000000000000000e+03,1.030093755481533435e+02,0.000000000000000000e+00
6.512000000000000000e+03,9.574906058350008209e+01,0.000000000000000000e+00
6.513000000000000000e+03,9.395917441914799895e+01,0.000000000000000000e+00
6.514000000000000000e+03,1.042161986995850214e+02,0.000000000000000000e+00
6.515000000000000000e+03,1.052077475675942679e+02,0.000000000000000000e+00
6.516000000000000000e+03,1.022527929150266743e+02,0.000000000000000000e+00
6.517000000000000000e+03,1.016742827017132100e+02,0.000000000000000000e+00
6.518000000000000000e+03,1.062778290260692557e+02,0.000000000000000000e+00
6.519000000000000000e+03,1.064473613445320836e+02,0.000000000000000000e+00
6.520000000000000000e+03,1.006796807287901316e+02,0.000000000000000000e+00
6.521000000000000000e+03,1.088629122485003649e+02,0.000000000000000000e+00
6.522000000000000000e+03,1.016462631691033920e+02,0.000000000000000000e+00
6.523000000000000000e+03,1.039344730589502745e+02,0.000000000000000000e+00
6.524000000000000000e+03,1.022060737824054542e+02,0.000000000000000000e+00
6.525000000000000000e+03,9.893356810837352100e+01,0.000000000000000000e+00
6.526000000000000000e+03,1.020282399530473185e+02,0.000000000000000000e+00
6.527000000000000000e+03,9.627512684509557062e+01,0.000000000000000000e+00
6.528000000000000000e+03,1.015034615787232042e+02,0.000000000000000000e+00
6.529000000000000000e+03,1.044924112554489426e+02,0.000000000000000000e+00
6.530000000000000000e+03,1.066359821438535960e+02,0.000000000000000000e+00
6.531000000000000000e+03,1.048715731504417477e+02,0.000000000000000000e+00
6.532000000000000000e+03,1.014093584716997754e+02,0.000000000000000000e+00
6.533000000000000000e+03,9.766130958752158620e+01,0.000000000000000000e+00
6.534000000000000000e+03,1.042570659218652480e+02,0.000000000000000000e+00
6.535000000000000000e+03,1.046794379193682687e+02,0.000000000000000000e+00
6.536000000000000000e+03,1.086836630266531358e+02,0.000000000000000000e+00
6.537000000000000000e+03,1.067355044184943154e+02,0.000000000000000000e+00
6.538000000000000000e+03,1.031883586784251463e+02,0.000000000000000000e+00
6.539000000000000000e+03,1.006782203779834646e+02,0.000000000000000000e+00
6.540000000000000000e+03,1.051944058290181374e+02,0.000000000000000000e+00
6.541000000000000000e+03,9.742382035195777235e+01,0.000000000000000000e+00
6.542000000000000000e+03,1.015275293671790990e+02,0.000000000000000000e+00
6.543000000000000000e+03,9.831981553625929848e+01,0.000000000000000000e+00
6.544000000000000000e+03,9.834951407130178325e+01,0.000000000000000000e+00
6.545000000000000000e+03,9.923086059554628946e+01,0.000000000000000000e+00
6.546000000000000000e+03,9.577493308845259889e+01,0.000000000000000000e+00
6.547000000000000000e+03,1.043117528186849370e+02,0.000000000000000000e+00
6.548000000000000000e+03,9.747019279692129601e+01,0.000000000000000000e+00
6.549000000000000000e+03,1.016348838958557792e+02,0.000000000000000000e+00
6.550000000000000000e+03,1.023665871866704009e+02,0.000000000000000000e+00
6.551000000000000000e+03,1.006986476247899560e+02,0.000000000000000000e+00
6.552000000000000000e+03,1.017439096563283272e+02,0.000000000000000000e+00
6.553000000000000000e+03,9.577173547959255018e+01,0.000000000000000000e+00
6.554000000000000000e+03,9.356823274689199366e+01,0.000000000000000000e+00
6.555000000000000000e+03,1.011298695560374910e+02,0.000000000000000000e+00
6.556000000000000000e+03,9.237531358628217504e+01,0.000000000000000000e+00
6.557000000000000000e+03,9.827073014323832467e+01,0.000000000000000000e+00
6.558000000000000000e+03,1.011274104619315040e+02,0.000000000000000000e+00
6.559000000000000000e+03,1.045505507777666310e+02,0.000000000000000000e+00
6.560000000000000000e+03,1.007727430098693588e+02,0.000000000000000000e+00
6.561000000000000000e+03,1.008566104164912787e+02,0.000000000000000000e+00
6.562000000000000000e+03,1.012181941728335772e+02,0.000000000000000000e+00
6.563000000000000000e+03,9.924704586594153000e+01,0.000000000000000000e+00
6.564000000000000000e+03,9.345047822076251975e+01,0.000000000000000000e+00
6.565000000000000000e+03,1.029782538255041260e+02,0.000000000000000000e+00
6.566000000000000000e+03,1.029264545971198999e+02,0.000000000000000000e+00
6.567000000000000000e+03,1.003765189296988609e+02,0.000000000000000000e+00
6.568000000000000000e+03,1.065401857256759826e+02,0.000000000000000000e+00
6.569000000000000000e+03,1.010630507646208116e+02,0.000000000000000000e+00
6.570000000000000000e+03,9.673909602166041566e+01,0.000000000000000000e+00
6.571000000000000000e+03,1.024146430939435248e+02,0.000000000000000000e+00
6.572000000000000000e+03,1.057854967830363506e+02,0.000000000000000000e+00
6.573000000000000000e+03,1.017744718485980115e+02,0.000000000000000000e+00
6.574000000000000000e+03,1.069679270285828778e+02,0.000000000000000000e+00
6.575000000000000000e+03,9.604439547279342548e+01,0.000000000000000000e+00
6.576000000000000000e+03,9.943627036189111834e+01,0.000000000000000000e+00
6.577000000000000000e+03,1.056057288049619274e+02,0.000000000000000000e+00
6.578000000000000000e+03,1.072238676838437925e+02,0.000000000000000000e+00
6.579000000000000000e+03,1.049081879500177763e+02,0.000000000000000000e+00
6.580000000000000000e+03,1.014122059657237855e+02,0.000000000000000000e+00
6.581000000000000000e+03,9.998751660301726929e+01,0.000000000000000000e+00
6.582000000000000000e+03,9.858846877662122665e+01,0.000000000000000000e+00
6.583000000000000000e+03,1.017603772628129661e+02,0.000000000000000000e+00
6.584000000000000000e+03,9.884532838097213414e+01,0.000000000000000000e+00
6.585000000000000000e+03,1.030896676341781557e+02,0.000000000000000000e+00
6.586000000000000000e+03,1.020288734368833019e+02,0.000000000000000000e+00
6.587000000000000000e+03,1.042326119972601504e+02,0.000000000000000000e+00
6.588000000000000000e+03,1.020912109107275114e+02,0.000000000000000000e+00
6.589000000000000000e+03,1.052665416566901513e+02,0.000000000000000000e+00
6.590000000000000000e+03,9.508930027961167752e+01,0.000000000000000000e+00
6.591000000000000000e+03,1.035031248904672339e+02,0.000000000000000000e+00
6.592000000000000000e+03,1.005493453073648169e+02,0.000000000000000000e+00
6.593000000000000000e+03,9.901391536707896535e+01,0.000000000000000000e+00
6.594000000000000000e+03,1.014981981486656508e+02,0.000000000000000000e+00
6.595000000000000000e+03,9.434806247790822908e+01,0.000000000000000000e+00
6.596000000000000000e+03,9.611825345412221111e+01,0.000000000000000000e+00
6.597000000000000000e+03,1.020649635539933229e+02,0.000000000000000000e+00
6.598000000000000000e+03,9.820232574759708655e+01,0.000000000000000000e+00
6.599000000000000000e+03,1.048183795164492835e+02,0.000000000000000000e+00
6.600000000000000000e+03,1.025118888307240752e+02,0.000000000000000000e+00
6.601000000000000000e+03,1.012107272569441818e+02,0.000000000000000000e+00
6.602000000000000000e+03,9.830929713714456852e+01,0.000000000000000000e+00
6.603000000000000000e+03,1.003178773778729180e+02,0.000000000000000000e+00
6.604000000000000000e+03,1.068199730291384668e+02,0.000000000000000000e+00
6.605000000000000000e+03,1.025751480177574990e+02,0.000000000000000000e+00
6.606000000000000000e+03,1.143638614707998187e+02,0.000000000000000000e+00
6.607000000000000000e+03,1.004811485655762766e+02,0.000000000000000000e+00
6.608000000000000000e+03,1.038330233137020144e+02,0.000000000000000000e+00
6.609000000000000000e+03,9.951523326794468005e+01,0.000000000000000000e+00
6.610000000000000000e+03,9.555634672548426067e+01,0.000000000000000000e+00
6.611000000000000000e+03,9.559031408390100637e+01,0.000000000000000000e+00
6.612000000000000000e+03,1.057647421723496848e+02,0.000000000000000000e+00
6.613000000000000000e+03,1.022621350899190560e+02,0.000000000000000000e+00
6.614000000000000000e+03,9.897784908432531381e+01,0.000000000000000000e+00
6.615000000000000000e+03,1.024978562547430698e+02,0.000000000000000000e+00
6.616000000000000000e+03,9.923105084147124444e+01,0.000000000000000000e+00
6.617000000000000000e+03,1.045023089566999630e+02,0.000000000000000000e+00
6.618000000000000000e+03,1.038903602033387870e+02,0.000000000000000000e+00
6.619000000000000000e+03,9.934430586163165344e+01,0.000000000000000000e+00
6.620000000000000000e+03,1.012082520484469228e+02,0.000000000000000000e+00
6.621000000000000000e+03,9.666158935892991622e+01,0.000000000000000000e+00
6.622000000000000000e+03,1.059830650741211571e+02,0.000000000000000000e+00
6.623000000000000000e+03,1.000071873364154840e+02,0.000000000000000000e+00
6.624000000000000000e+03,1.017441107094674777e+02,0.000000000000000000e+00
6.625000000000000000e+03,1.044361731659705157e+02,0.000000000000000000e+00
6.626000000000000000e+03,1.041183689267898131e+02,0.000000000000000000e+00
6.627000000000000000e+03,1.010534400855135146e+02,0.000000000000000000e+00
6.628000000000000000e+03,1.003765022824969719e+02,0.000000000000000000e+00
6.629000000000000000e+03,9.282403734650071669e+01,0.000000000000000000e+00
6.630000000000000000e+03,9.489011973801508759e+01,0.000000000000000000e+00
6.631000000000000000e+03,1.042292284292042552e+02,0.000000000000000000e+00
6.632000000000000000e+03,9.964219151417907483e+01,0.000000000000000000e+00
6.633000000000000000e+03,1.016804690682549506e+02,0.000000000000000000e+00
6.634000000000000000e+03,1.038667594443547699e+02,0.000000000000000000e+00
6.635000000000000000e+03,1.012577440900426211e+02,0.000000000000000000e+00
6.636000000000000000e+03,9.679623077355850569e+01,0.000000000000000000e+00
6.637000000000000000e+03,1.001336696667117678e+02,0.000000000000000000e+00
6.638000000000000000e+03,1.017964750589091665e+02,0.000000000000000000e+00
6.639000000000000000e+03,9.783805503373234558e+01,0.000000000000000000e+00
6.640000000000000000e+03,1.005058305575546456e+02,0.000000000000000000e+00
6.641000000000000000e+03,1.028312592353434383e+02,0.000000000000000000e+00
6.642000000000000000e+03,9.667335716477637675e+01,0.000000000000000000e+00
6.643000000000000000e+03,1.057519880250183348e+02,0.000000000000000000e+00
6.644000000000000000e+03,9.684020285362139191e+01,0.000000000000000000e+00
6.645000000000000000e+03,1.024743170253085793e+02,0.000000000000000000e+00
6.646000000000000000e+03,1.002172808421546932e+02,0.000000000000000000e+00
6.647000000000000000e+03,9.861159129446629379e+01,0.000000000000000000e+00
6.648000000000000000e+03,1.041237753262975900e+02,0.000000000000000000e+00
6.649000000000000000e+03,1.031405006430536417e+02,0.000000000000000000e+00
6.650000000000000000e+03,1.040033558703061942e+02,0.000000000000000000e+00
6.651000000000000000e+03,1.004118860783182043e+02,0.000000000000000000e+00
6.652000000000000000e+03,9.942647113227229738e+01,0.000000000000000000e+00
6.653000000000000000e+03,9.980400330217875648e+01,0.000000000000000000e+00
6.654000000000000000e+03,1.075995808884762965e+02,0.000000000000000000e+00
6.655000000000000000e+03,1.032506504472038102e+02,0.000000000000000000e+00
6.656000000000000000e+03,1.023359159133487708e+02,0.000000000000000000e+00
6.657000000000000000e+03,1.009019597653321796e+02,0.000000000000000000e+00
6.658000000000000000e+03,1.132177146716316258e+02,0.000000000000000000e+00
6.659000000000000000e+03,1.017655532987219829e+02,0.000000000000000000e+00
6.660000000000000000e+03,1.033040510163350802e+02,0.000000000000000000e+00
6.661000000000000000e+03,1.025736521338667018e+02,0.000000000000000000e+00
6.662000000000000000e+03,1.007724612693891970e+02,0.000000000000000000e+00
6.663000000000000000e+03,1.008367739362795135e+02,0.000000000000000000e+00
6.664000000000000000e+03,1.001208394385590594e+02,0.000000000000000000e+00
6.665000000000000000e+03,1.025256704347480081e+02,0.000000000000000000e+00
6.666000000000000000e+03,9.761656541224628825e+01,0.000000000000000000e+00
6.667000000000000000e+03,1.018368146867393165e+02,0.000000000000000000e+00
6.668000000000000000e+03,1.012340753176218016e+02,0.000000000000000000e+00
6.669000000000000000e+03,9.753741830178108785e+01,0.000000000000000000e+00
6.670000000000000000e+03,1.025421639597116297e+02,0.000000000000000000e+00
6.671000000000000000e+03,1.028944363787947935e+02,0.000000000000000000e+00
6.672000000000000000e+03,9.968106522016007887e+01,0.000000000000000000e+00
6.673000000000000000e+03,1.078830481445737917e+02,0.000000000000000000e+00
6.674000000000000000e+03,9.755581640814361322e+01,0.000000000000000000e+00
6.675000000000000000e+03,1.000741303577673875e+02,0.000000000000000000e+00
6.676000000000000000e+03,9.779890330906607687e+01,0.000000000000000000e+00
6.677000000000000000e+03,9.967932306461759140e+01,0.000000000000000000e+00
6.678000000000000000e+03,1.044041878579878500e+02,0.000000000000000000e+00
6.679000000000000000e+03,1.017486529633201826e+02,0.000000000000000000e+00
6.680000000000000000e+03,1.097638991116711651e+02,0.000000000000000000e+00
6.681000000000000000e+03,9.857653441047342824e+01,0.000000000000000000e+00
6.682000000000000000e+03,1.024061742688073480e+02,0.000000000000000000e+00
6.683000000000000000e+03,9.321742741148388234e+01,0.000000000000000000e+00
6.684000000000000000e+03,9.976531547318265325e+01,0.000000000000000000e+00
6.685000000000000000e+03,1.032548168644752451e+02,0.000000000000000000e+00
6.686000000000000000e+03,1.033321795968668937e+02,0.000000000000000000e+00
6.687000000000000000e+03,1.068611391922584346e+02,0.000000000000000000e+00
6.688000000000000000e+03,9.982523608060724030e+01,0.000000000000000000e+00
6.689000000000000000e+03,1.018021474702160702e+02,0.000000000000000000e+00
6.690000000000000000e+03,1.097307389552772463e+02,0.000000000000000000e+00
6.691000000000000000e+03,1.012852748182595093e+02,0.000000000000000000e+00
6.692000000000000000e+03,1.035240813344600355e+02,0.000000000000000000e+00
6.693000000000000000e+03,1.023416946380100683e+02,0.000000000000000000e+00
6.694000000000000000e+03,9.358596059978060566e+01,0.000000000000000000e+00
6.695000000000000000e+03,1.033900625403602618e+02,0.000000000000000000e+00
6.696000000000000000e+03,1.004150637735816076e+02,0.000000000000000000e+00
6.697000000000000000e+03,9.733603052439968906e+01,0.000000000000000000e+00
6.698000000000000000e+03,9.913203576576977127e+01,0.000000000000000000e+00
6.699000000000000000e+03,1.018974497989561172e+02,0.000000000000000000e+00
6.700000000000000000e+03,9.352574148412907107e+01,0.000000000000000000e+00
6.701000000000000000e+03,9.880781860138218065e+01,0.000000000000000000e+00
6.702000000000000000e+03,9.794852118450292267e+01,0.000000000000000000e+00
6.703000000000000000e+03,1.002550112099044100e+02,0.000000000000000000e+00
6.704000000000000000e+03,1.035247539909818215e+02,0.000000000000000000e+00
6.705000000000000000e+03,1.037585306776739742e+02,0.000000000000000000e+00
6.706000000000000000e+03,1.027078870844825786e+02,0.000000000000000000e+00
6.707000000000000000e+03,1.033271266086582472e+02,0.000000000000000000e+00
6.708000000000000000e+03,1.021498601828168802e+02,0.000000000000000000e+00
6.709000000000000000e+03,1.014080817237651502e+02,0.000000000000000000e+00
6.710000000000000000e+03,1.041518157604523509e+02,0.000000000000000000e+00
6.711000000000000000e+03,9.653489524030827340e+01,0.000000000000000000e+00
6.712000000000000000e+03,1.001905274999452757e+02,0.000000000000000000e+00
6.713000000000000000e+03,9.921797179553632873e+01,0.000000000000000000e+00
6.714000000000000000e+03,9.840367765323981075e+01,0.000000000000000000e+00
6.715000000000000000e+03,1.003948007234413922e+02,0.000000000000000000e+00
6.716000000000000000e+03,1.049970151917921584e+02,0.000000000000000000e+00
6.717000000000000000e+03,1.035208967877330508e+02,0.000000000000000000e+00
6.718000000000000000e+03,1.003440171224130069e+02,0.000000000000000000e+00
6.719000000000000000e+03,9.695135277747317559e+01,0.000000000000000000e+00
6.720000000000000000e+03,1.055894501932482399e+02,0.000000000000000000e+00
6.721000000000000000e+03,1.071187691793580683e+02,0.000000000000000000e+00
6.722000000000000000e+03,9.927458100730486024e+01,0.000000000000000000e+00
6.723000000000000000e+03,1.006594082852052168e+02,0.000000000000000000e+00
6.724000000000000000e+03,1.085747734937411053e+02,0.000000000000000000e+00
6.725000000000000000e+03,1.013947858478592963e+02,0.000000000000000000e+00
6.726000000000000000e+03,1.013822291998266820e+02,0.000000000000000000e+00
6.727000000000000000e+03,9.248539191764253076e+01,0.000000000000000000e+00
6.728000000000000000e+03,9.720839956342804555e+01,0.000000000000000000e+00
6.729000000000000000e+03,1.043971418141796903e+02,0.000000000000000000e+00
6.730000000000000000e+03,1.051116173662360183e+02,0.000000000000000000e+00
6.731000000000000000e+03,1.008470397372197738e+02,0.000000000000000000e+00
6.732000000000000000e+03,1.031237098059671951e+02,0.000000000000000000e+00
6.733000000000000000e+03,9.945289885016529752e+01,0.000000000000000000e+00
6.734000000000000000e+03,1.001547716290761514e+02,0.000000000000000000e+00
6.735000000000000000e+03,9.487618529338770657e+01,0.000000000000000000e+00
6.736000000000000000e+03,9.690242950629816221e+01,0.000000000000000000e+00
6.737000000000000000e+03,1.034598389524401654e+02,0.000000000000000000e+00
6.738000000000000000e+03,1.003314740204399129e+02,0.000000000000000000e+00
6.739000000000000000e+03,9.972237170176802579e+01,0.000000000000000000e+00
6.740000000000000000e+03,9.721730414404362364e+01,0.000000000000000000e+00
6.741000000000000000e+03,9.943715112968257586e+01,0.000000000000000000e+00
6.742000000000000000e+03,1.030346192116798676e+02,0.000000000000000000e+00
6.743000000000000000e+03,1.021740161213505758e+02,0.000000000000000000e+00
6.744000000000000000e+03,1.014868474636861606e+02,0.000000000000000000e+00
6.745000000000000000e+03,9.933220097216276656e+01,0.000000000000000000e+00
6.746000000000000000e+03,1.048659094621768020e+02,0.000000000000000000e+00
6.747000000000000000e+03,1.013760009995813931e+02,0.000000000000000000e+00
6.748000000000000000e+03,1.025811527399604870e+02,0.000000000000000000e+00
6.749000000000000000e+03,1.020199438958054543e+02,0.000000000000000000e+00
6.750000000000000000e+03,9.971668098904098088e+01,0.000000000000000000e+00
6.751000000000000000e+03,9.867614480311067382e+01,0.000000000000000000e+00
6.752000000000000000e+03,1.049273239469942638e+02,0.000000000000000000e+00
6.753000000000000000e+03,1.053171621907108602e+02,0.000000000000000000e+00
6.754000000000000000e+03,1.059308277981479307e+02,0.000000000000000000e+00
6.755000000000000000e+03,1.012729134780506968e+02,0.000000000000000000e+00
6.756000000000000000e+03,9.653039788607995320e+01,0.000000000000000000e+00
6.757000000000000000e+03,1.092350559958837977e+02,0.000000000000000000e+00
6.758000000000000000e+03,9.831524758546738951e+01,0.000000000000000000e+00
6.759000000000000000e+03,1.032703194300137852e+02,0.000000000000000000e+00
6.760000000000000000e+03,9.887509829942341355e+01,0.000000000000000000e+00
6.761000000000000000e+03,1.000882088913175920e+02,0.000000000000000000e+00
6.762000000000000000e+03,1.061650364463289407e+02,0.000000000000000000e+00
6.763000000000000000e+03,1.001761757611616162e+02,0.000000000000000000e+00
6.764000000000000000e+03,9.940205828108574337e+01,0.000000000000000000e+00
6.765000000000000000e+03,1.065124720062380561e+02,0.000000000000000000e+00
6.766000000000000000e+03,9.766659611186985046e+01,0.000000000000000000e+00
6.767000000000000000e+03,1.028629445785394552e+02,0.000000000000000000e+00
6.768000000000000000e+03,1.038381936892785120e+02,0.000000000000000000e+00
6.769000000000000000e+03,1.015529271764325046e+02,0.000000000000000000e+00
6.770000000000000000e+03,1.038271297821451213e+02,0.000000000000000000e+00
6.771000000000000000e+03,1.032622726974744580e+02,0.000000000000000000e+00
6.772000000000000000e+03,9.431463077489696900e+01,0.000000000000000000e+00
6.773000000000000000e+03,1.020090148719266381e+02,0.000000000000000000e+00
6.774000000000000000e+03,1.079126540626655100e+02,0.000000000000000000e+00
6.775000000000000000e+03,1.040518788950118108e+02,0.000000000000000000e+00
6.776000000000000000e+03,1.014612330366116026e+02,0.000000000000000000e+00
6.777000000000000000e+03,1.001421961179768516e+02,0.000000000000000000e+00
6.778000000000000000e+03,9.880962577071009889e+01,0.000000000000000000e+00
6.779000000000000000e+03,1.095237634082439513e+02,0.000000000000000000e+00
6.780000000000000000e+03,1.026224498328552812e+02,0.000000000000000000e+00
6.781000000000000000e+03,1.012730637722345364e+02,0.000000000000000000e+00
6.782000000000000000e+03,9.780976265960626392e+01,0.000000000000000000e+00
6.783000000000000000e+03,1.013095745236555274e+02,0.000000000000000000e+00
6.784000000000000000e+03,1.047661812149125637e+02,0.000000000000000000e+00
6.785000000000000000e+03,9.996666435257657213e+01,0.000000000000000000e+00
6.786000000000000000e+03,9.888033677416498790e+01,0.000000000000000000e+00
6.787000000000000000e+03,9.740562261047352877e+01,0.000000000000000000e+00
6.788000000000000000e+03,1.012410866279161752e+02,0.000000000000000000e+00
6.789000000000000000e+03,1.021855443481829724e+02,0.000000000000000000e+00
6.790000000000000000e+03,1.002391968171963867e+02,0.000000000000000000e+00
6.791000000000000000e+03,8.853156980436708068e+01,0.000000000000000000e+00
6.792000000000000000e+03,9.922536838515767954e+01,0.000000000000000000e+00
6.793000000000000000e+03,1.075034009270861333e+02,0.000000000000000000e+00
6.794000000000000000e+03,1.070511249085505057e+02,0.000000000000000000e+00
6.795000000000000000e+03,9.484803131868652315e+01,0.000000000000000000e+00
6.796000000000000000e+03,1.067727826467442611e+02,0.000000000000000000e+00
6.797000000000000000e+03,9.900082992337658538e+01,0.000000000000000000e+00
6.798000000000000000e+03,1.028859085165562988e+02,0.000000000000000000e+00
6.799000000000000000e+03,9.728619661229301130e+01,0.000000000000000000e+00
6.800000000000000000e+03,9.883541260448063781e+01,0.000000000000000000e+00
6.801000000000000000e+03,1.050965216293059257e+02,0.000000000000000000e+00
6.802000000000000000e+03,1.008338769291564461e+02,0.000000000000000000e+00
6.803000000000000000e+03,1.031621698394264115e+02,0.000000000000000000e+00
6.804000000000000000e+03,1.018108668892249398e+02,0.000000000000000000e+00
6.805000000000000000e+03,1.034870992019950364e+02,0.000000000000000000e+00
6.806000000000000000e+03,1.019656687343679522e+02,0.000000000000000000e+00
6.807000000000000000e+03,1.079627970113897959e+02,0.000000000000000000e+00
6.808000000000000000e+03,1.060110500322568896e+02,0.000000000000000000e+00
6.809000000000000000e+03,1.026911691281396060e+02,0.000000000000000000e+00
6.810000000000000000e+03,1.018246435613468179e+02,0.000000000000000000e+00
6.811000000000000000e+03,1.002912740450691587e+02,0.000000000000000000e+00
6.812000000000000000e+03,9.686943903646715626e+01,0.000000000000000000e+00
6.813000000000000000e+03,1.047188541126678274e+02,0.000000000000000000e+00
6.814000000000000000e+03,1.023908080133648184e+02,0.000000000000000000e+00
6.815000000000000000e+03,9.654952960356496305e+01,0.000000000000000000e+00
6.816000000000000000e+03,1.006812963488897879e+02,0.000000000000000000e+00
6.817000000000000000e+03,1.036426830462607711e+02,0.000000000000000000e+00
6.818000000000000000e+03,1.014309584360319434e+02,0.000000000000000000e+00
6.819000000000000000e+03,1.013813751603769049e+02,0.000000000000000000e+00
6.820000000000000000e+03,1.063799015670159207e+02,0.000000000000000000e+00
6.821000000000000000e+03,9.999769515281398924e+01,0.000000000000000000e+00
6.822000000000000000e+03,9.707532199353505575e+01,0.000000000000000000e+00
6.823000000000000000e+03,9.769563321564002933e+01,0.000000000000000000e+00
6.824000000000000000e+03,1.054258921454482021e+02,0.000000000000000000e+00
6.825000000000000000e+03,1.019818237081981493e+02,0.000000000000000000e+00
6.826000000000000000e+03,1.008832456507659714e+02,0.000000000000000000e+00
6.827000000000000000e+03,9.745545795453718085e+01,0.000000000000000000e+00
6.828000000000000000e+03,1.036472209960286079e+02,0.000000000000000000e+00
6.829000000000000000e+03,1.014791038940214065e+02,0.000000000000000000e+00
6.830000000000000000e+03,9.909850368109206897e+01,0.000000000000000000e+00
6.831000000000000000e+03,1.072347085285526447e+02,0.000000000000000000e+00
6.832000000000000000e+03,9.474544774128906965e+01,0.000000000000000000e+00
6.833000000000000000e+03,1.024511091893077577e+02,0.000000000000000000e+00
6.834000000000000000e+03,9.304621019300377327e+01,0.000000000000000000e+00
6.835000000000000000e+03,1.027323514890434097e+02,0.000000000000000000e+00
6.836000000000000000e+03,9.355064611099906813e+01,0.000000000000000000e+00
6.837000000000000000e+03,1.041755449213377887e+02,0.000000000000000000e+00
6.838000000000000000e+03,1.015499045449665516e+02,0.000000000000000000e+00
6.839000000000000000e+03,9.780949519339674225e+01,0.000000000000000000e+00
6.840000000000000000e+03,1.055423161210731564e+02,0.000000000000000000e+00
6.841000000000000000e+03,1.042549641137563867e+02,0.000000000000000000e+00
6.842000000000000000e+03,9.896364224122213216e+01,0.000000000000000000e+00
6.843000000000000000e+03,1.002021383412814828e+02,0.000000000000000000e+00
6.844000000000000000e+03,1.032748312977986558e+02,0.000000000000000000e+00
6.845000000000000000e+03,9.728253635494004925e+01,0.000000000000000000e+00
6.846000000000000000e+03,1.029637514849526383e+02,0.000000000000000000e+00
6.847000000000000000e+03,1.020423318083608422e+02,0.000000000000000000e+00
6.848000000000000000e+03,1.030727130056950500e+02,0.000000000000000000e+00
6.849000000000000000e+03,9.999005664648149150e+01,0.000000000000000000e+00
6.850000000000000000e+03,1.084315409175127627e+02,0.000000000000000000e+00
6.851000000000000000e+03,1.090871001452846372e+02,0.000000000000000000e+00
6.852000000000000000e+03,9.900362817536782245e+01,0.000000000000000000e+00
6.853000000000000000e+03,1.090526994825169425e+02,0.000000000000000000e+00
6.854000000000000000e+03,9.738716932925963476e+01,0.000000000000000000e+00
6.855000000000000000e+03,1.044038756311409060e+02,0.000000000000000000e+00
6.856000000000000000e+03,9.409975825574038311e+01,0.000000000000000000e+00
6.857000000000000000e+03,9.845431864536158173e+01,0.000000000000000000e+00
6.858000000000000000e+03,9.583616806886675477e+01,0.000000000000000000e+00
6.859000000000000000e+03,1.010357312308801738e+02,0.000000000000000000e+00
6.860000000000000000e+03,1.045531291875322637e+02,0.000000000000000000e+00
6.861000000000000000e+03,1.037442707948275995e+02,0.000000000000000000e+00
6.862000000000000000e+03,1.045945906614149408e+02,0.000000000000000000e+00
6.863000000000000000e+03,1.007351652091017229e+02,0.000000000000000000e+00
6.864000000000000000e+03,9.947633690183879196e+01,0.000000000000000000e+00
6.865000000000000000e+03,1.048654638965033712e+02,0.000000000000000000e+00
6.866000000000000000e+03,9.820091559120365332e+01,0.000000000000000000e+00
6.867000000000000000e+03,9.749754742103409910e+01,0.000000000000000000e+00
6.868000000000000000e+03,1.001029699134919184e+02,0.000000000000000000e+00
6.869000000000000000e+03,1.036316965583769303e+02,0.000000000000000000e+00
6.870000000000000000e+03,1.071702887921107674e+02,0.000000000000000000e+00
6.871000000000000000e+03,9.905938323651562882e+01,0.000000000000000000e+00
6.872000000000000000e+03,1.013035394604701906e+02,0.000000000000000000e+00
6.873000000000000000e+03,1.002777430608298772e+02,0.000000000000000000e+00
6.874000000000000000e+03,1.023351035292834439e+02,0.000000000000000000e+00
6.875000000000000000e+03,1.012173768748758960e+02,0.000000000000000000e+00
6.876000000000000000e+03,1.098302756838695728e+02,0.000000000000000000e+00
6.877000000000000000e+03,1.009709469754862710e+02,0.000000000000000000e+00
6.878000000000000000e+03,1.002809577953671436e+02,0.000000000000000000e+00
6.879000000000000000e+03,1.032237756217889171e+02,0.000000000000000000e+00
6.880000000000000000e+03,9.710348187431230826e+01,0.000000000000000000e+00
6.881000000000000000e+03,9.924967258915415869e+01,0.000000000000000000e+00
6.882000000000000000e+03,1.010415999460763601e+02,0.000000000000000000e+00
6.883000000000000000e+03,1.002253372025561475e+02,0.000000000000000000e+00
6.884000000000000000e+03,9.874173999263356905e+01,0.000000000000000000e+00
6.885000000000000000e+03,1.003658730247022390e+02,0.000000000000000000e+00
6.886000000000000000e+03,9.956547772138651453e+01,0.000000000000000000e+00
6.887000000000000000e+03,9.662455297530365783e+01,0.000000000000000000e+00
6.888000000000000000e+03,1.026678413722119672e+02,0.000000000000000000e+00
6.889000000000000000e+03,1.031545147743974837e+02,0.000000000000000000e+00
6.890000000000000000e+03,1.015080432833699859e+02,0.000000000000000000e+00
6.891000000000000000e+03,1.083407435481209689e+02,0.000000000000000000e+00
6.892000000000000000e+03,9.992575265997091094e+01,0.000000000000000000e+00
6.893000000000000000e+03,9.225732149288384676e+01,0.000000000000000000e+00
6.894000000000000000e+03,9.796797494983975696e+01,0.000000000000000000e+00
6.895000000000000000e+03,1.044228666572673205e+02,0.000000000000000000e+00
6.896000000000000000e+03,1.008970103020402433e+02,0.000000000000000000e+00
6.897000000000000000e+03,9.565386568131781075e+01,0.000000000000000000e+00
6.898000000000000000e+03,9.916536056329211135e+01,0.000000000000000000e+00
6.899000000000000000e+03,1.004686653802579741e+02,0.000000000000000000e+00
6.900000000000000000e+03,1.000256203381265152e+02,0.000000000000000000e+00
6.901000000000000000e+03,1.046297679177045126e+02,0.000000000000000000e+00
6.902000000000000000e+03,1.021502862363281423e+02,0.000000000000000000e+00
6.903000000000000000e+03,9.524735461197019504e+01,0.000000000000000000e+00
6.904000000000000000e+03,1.039448052871312029e+02,0.000000000000000000e+00
6.905000000000000000e+03,1.038145407946751675e+02,0.000000000000000000e+00
6.906000000000000000e+03,1.036724689058832496e+02,0.000000000000000000e+00
6.907000000000000000e+03,1.044440596987307543e+02,0.000000000000000000e+00
6.908000000000000000e+03,1.050690182299582602e+02,0.000000000000000000e+00
6.909000000000000000e+03,9.702099095703015053e+01,0.000000000000000000e+00
6.910000000000000000e+03,9.694768508252951733e+01,0.000000000000000000e+00
6.911000000000000000e+03,9.549279180869531558e+01,0.000000000000000000e+00
6.912000000000000000e+03,1.006458815105881826e+02,0.000000000000000000e+00
6.913000000000000000e+03,1.009397414151648036e+02,0.000000000000000000e+00
6.914000000000000000e+03,1.056600118071940102e+02,0.000000000000000000e+00
6.915000000000000000e+03,9.683543633092953939e+01,0.000000000000000000e+00
6.916000000000000000e+03,1.012510949136490837e+02,0.000000000000000000e+00
6.917000000000000000e+03,1.037278784350269518e+02,0.000000000000000000e+00
6.918000000000000000e+03,1.098663922176843926e+02,0.000000000000000000e+00
6.919000000000000000e+03,9.826269789886055150e+01,0.000000000000000000e+00
6.920000000000000000e+03,1.018366407829137472e+02,0.000000000000000000e+00
6.921000000000000000e+03,9.660910859096672709e+01,0.000000000000000000e+00
6.922000000000000000e+03,1.050969911953286555e+02,0.000000000000000000e+00
6.923000000000000000e+03,1.062728822122208072e+02,0.000000000000000000e+00
6.924000000000000000e+03,9.997693096600454510e+01,0.000000000000000000e+00
6.925000000000000000e+03,9.948483054872494336e+01,0.000000000000000000e+00
6.926000000000000000e+03,1.046555708723713565e+02,0.000000000000000000e+00
6.927000000000000000e+03,1.015176940670577750e+02,0.000000000000000000e+00
6.928000000000000000e+03,1.028668860537018475e+02,0.000000000000000000e+00
6.929000000000000000e+03,1.014917195931126628e+02,0.000000000000000000e+00
6.930000000000000000e+03,1.031854607842435030e+02,0.000000000000000000e+00
6.931000000000000000e+03,1.025534164902234835e+02,0.000000000000000000e+00
6.932000000000000000e+03,1.006492058529934752e+02,0.000000000000000000e+00
6.933000000000000000e+03,9.986761233700021023e+01,0.000000000000000000e+00
6.934000000000000000e+03,1.017654803937250989e+02,0.000000000000000000e+00
6.935000000000000000e+03,1.003685379045965504e+02,0.000000000000000000e+00
6.936000000000000000e+03,9.922288844953830278e+01,0.000000000000000000e+00
6.937000000000000000e+03,9.837261928533524724e+01,0.000000000000000000e+00
6.938000000000000000e+03,9.879767256843869916e+01,0.000000000000000000e+00
6.939000000000000000e+03,9.808876589883870167e+01,0.000000000000000000e+00
6.940000000000000000e+03,1.002119896656070921e+02,0.000000000000000000e+00
6.941000000000000000e+03,1.028273693327615490e+02,0.000000000000000000e+00
6.942000000000000000e+03,1.049459431865212480e+02,0.000000000000000000e+00
6.943000000000000000e+03,1.023870192812541404e+02,0.000000000000000000e+00
6.944000000000000000e+03,1.093849007917451956e+02,0.000000000000000000e+00
6.945000000000000000e+03,1.052231423352205297e+02,0.000000000000000000e+00
6.946000000000000000e+03,1.001562858457786831e+02,0.000000000000000000e+00
6.947000000000000000e+03,9.684083591367411259e+01,0.000000000000000000e+00
6.948000000000000000e+03,9.705093645848531025e+01,0.000000000000000000e+00
6.949000000000000000e+03,1.013213894140869371e+02,0.000000000000000000e+00
6.950000000000000000e+03,1.001713293605882455e+02,0.000000000000000000e+00
6.951000000000000000e+03,1.010902915018753703e+02,0.000000000000000000e+00
6.952000000000000000e+03,9.848923966354745119e+01,0.000000000000000000e+00
6.953000000000000000e+03,1.044220512885662373e+02,0.000000000000000000e+00
6.954000000000000000e+03,1.005011660205991433e+02,0.000000000000000000e+00
6.955000000000000000e+03,1.020585891784168950e+02,0.000000000000000000e+00
6.956000000000000000e+03,1.067176415608569755e+02,0.000000000000000000e+00
6.957000000000000000e+03,9.845450607254441877e+01,0.000000000000000000e+00
6.958000000000000000e+03,1.004491159384913033e+02,0.000000000000000000e+00
6.959000000000000000e+03,1.040029572679562619e+02,0.000000000000000000e+00
6.960000000000000000e+03,1.050483170467267513e+02,0.000000000000000000e+00
6.961000000000000000e+03,9.602383407858238229e+01,0.000000000000000000e+00
6.962000000000000000e+03,1.056127245603398137e+02,0.000000000000000000e+00
6.963000000000000000e+03,1.018493292301359645e+02,0.000000000000000000e+00
6.964000000000000000e+03,1.007782120740307761e+02,0.000000000000000000e+00
6.965000000000000000e+03,1.093053515662250845e+02,0.000000000000000000e+00
6.966000000000000000e+03,1.050637979917820530e+02,0.000000000000000000e+00
6.967000000000000000e+03,1.009280410945035129e+02,0.000000000000000000e+00
6.968000000000000000e+03,9.942746041832651827e+01,0.000000000000000000e+00
6.969000000000000000e+03,1.008204478826561399e+02,0.000000000000000000e+00
6.970000000000000000e+03,1.023107907332539241e+02,0.000000000000000000e+00
6.971000000000000000e+03,1.030318776645430461e+02,0.000000000000000000e+00
6.972000000000000000e+03,1.007656623197674435e+02,0.000000000000000000e+00
6.973000000000000000e+03,9.828447529663121429e+01,0.000000000000000000e+00
6.974000000000000000e+03,1.015977681967264488e+02,0.000000000000000000e+00
6.975000000000000000e+03,1.009398117579759173e+02,0.000000000000000000e+00
6.976000000000000000e+03,1.011962711261886909e+02,0.000000000000000000e+00
6.977000000000000000e+03,1.072113881713556935e+02,0.000000000000000000e+00
6.978000000000000000e+03,1.011225400098134628e+02,0.000000000000000000e+00
6.979000000000000000e+03,1.015468403723587869e+02,0.000000000000000000e+00
6.980000000000000000e+03,9.945917000545134101e+01,0.000000000000000000e+00
6.981000000000000000e+03,9.906488263173751818e+01,0.000000000000000000e+00
6.982000000000000000e+03,9.455274057085573247e+01,0.000000000000000000e+00
6.983000000000000000e+03,1.037786261227779931e+02,0.000000000000000000e+00
6.984000000000000000e+03,1.057118969573729999e+02,0.000000000000000000e+00
6.985000000000000000e+03,1.009815070076096788e+02,0.000000000000000000e+00
6.986000000000000000e+03,1.029203130013423220e+02,0.000000000000000000e+00
6.987000000000000000e+03,1.043277352352313585e+02,0.000000000000000000e+00
6.988000000000000000e+03,9.899147252726150725e+01,0.000000000000000000e+00
6.989000000000000000e+03,9.961302683142008618e+01,0.000000000000000000e+00
6.990000000000000000e+03,1.053523843254510268e+02,0.000000000000000000e+00
6.991000000000000000e+03,1.008106811692347975e+02,0.000000000000000000e+00
6.992000000000000000e+03,1.000826983802543992e+02,0.000000000000000000e+00
6.993000000000000000e+03,1.046699356047965210e+02,0.000000000000000000e+00
6.994000000000000000e+03,9.852514445575125990e+01,0.000000000000000000e+00
6.995000000000000000e+03,1.010647210198895323e+02,0.000000000000000000e+00
6.996000000000000000e+03,9.800527252285910151e+01,0.000000000000000000e+00
6.997000000000000000e+03,9.987205577561788061e+01,0.000000000000000000e+00
6.998000000000000000e+03,1.078303460823153870e+02,0.000000000000000000e+00
6.999000000000000000e+03,1.066207065691631755e+02,0.000000000000000000e+00
7.000000000000000000e+03,9.819066159523990223e+01,0.000000000000000000e+00
7.001000000000000000e+03,1.006893203415024800e+02,0.000000000000000000e+00
7.002000000000000000e+03,9.846087800625885222e+01,0.000000000000000000e+00
7.003000000000000000e+03,9.494162855843103443e+01,0.000000000000000000e+00
7.004000000000000000e+03,1.023682743443802963e+02,0.000000000000000000e+00
7.005000000000000000e+03,1.006886115886959772e+02,0.000000000000000000e+00
7.006000000000000000e+03,9.285333557104837610e+01,0.000000000000000000e+00
7.007000000000000000e+03,9.408861600835091110e+01,0.000000000000000000e+00
7.008000000000000000e+03,1.021131512101116101e+02,0.000000000000000000e+00
7.009000000000000000e+03,1.105159515339728102e+02,0.000000000000000000e+00
7.010000000000000000e+03,1.024682951905129329e+02,0.000000000000000000e+00
7.011000000000000000e+03,9.941898318610982699e+01,0.000000000000000000e+00
7.012000000000000000e+03,9.981420624790870022e+01,0.000000000000000000e+00
7.013000000000000000e+03,1.040080358367082312e+02,0.000000000000000000e+00
7.014000000000000000e+03,1.037484961820491094e+02,0.000000000000000000e+00
7.015000000000000000e+03,1.015752423779872657e+02,0.000000000000000000e+00
7.016000000000000000e+03,1.034236119340347386e+02,0.000000000000000000e+00
7.017000000000000000e+03,9.923712932930217789e+01,0.000000000000000000e+00
7.018000000000000000e+03,9.192230911901015133e+01,0.000000000000000000e+00
7.019000000000000000e+03,9.972184871194102129e+01,0.000000000000000000e+00
7.020000000000000000e+03,1.067889681178553474e+02,0.000000000000000000e+00
7.021000000000000000e+03,1.059685536884912267e+02,0.000000000000000000e+00
7.022000000000000000e+03,9.763452990553545874e+01,0.000000000000000000e+00
7.023000000000000000e+03,1.020636434730143662e+02,0.000000000000000000e+00
7.024000000000000000e+03,9.684555463785636675e+01,0.000000000000000000e+00
7.025000000000000000e+03,1.064323246854091281e+02,0.000000000000000000e+00
7.026000000000000000e+03,1.042026753752911361e+02,0.000000000000000000e+00
7.027000000000000000e+03,1.081093698669587724e+02,0.000000000000000000e+00
7.028000000000000000e+03,1.004371621512984376e+02,0.000000000000000000e+00
7.029000000000000000e+03,1.049172187767567692e+02,0.000000000000000000e+00
7.030000000000000000e+03,1.030035739745021459e+02,0.000000000000000000e+00
7.031000000000000000e+03,1.035614597828803340e+02,0.000000000000000000e+00
7.032000000000000000e+03,1.075355875672076849e+02,0.000000000000000000e+00
7.033000000000000000e+03,1.023496566895026945e+02,0.000000000000000000e+00
7.034000000000000000e+03,1.032895302784797451e+02,0.000000000000000000e+00
7.035000000000000000e+03,1.013265821223706808e+02,0.000000000000000000e+00
7.036000000000000000e+03,1.063741605025669941e+02,0.000000000000000000e+00
7.037000000000000000e+03,1.040492356157789544e+02,0.000000000000000000e+00
7.038000000000000000e+03,1.037368483304451843e+02,0.000000000000000000e+00
7.039000000000000000e+03,1.021369671294833239e+02,0.000000000000000000e+00
7.040000000000000000e+03,1.018154238203976973e+02,0.000000000000000000e+00
7.041000000000000000e+03,9.811652082202562042e+01,0.000000000000000000e+00
7.042000000000000000e+03,1.019288547118356831e+02,0.000000000000000000e+00
7.043000000000000000e+03,1.014445034440807376e+02,0.000000000000000000e+00
7.044000000000000000e+03,1.003239197875226978e+02,0.000000000000000000e+00
7.045000000000000000e+03,1.025330910685214576e+02,0.000000000000000000e+00
7.046000000000000000e+03,9.531523786383513652e+01,0.000000000000000000e+00
7.047000000000000000e+03,1.025606479072521040e+02,0.000000000000000000e+00
7.048000000000000000e+03,1.031732151043461982e+02,0.000000000000000000e+00
7.049000000000000000e+03,1.012530201340324396e+02,0.000000000000000000e+00
7.050000000000000000e+03,1.015532624205797418e+02,0.000000000000000000e+00
7.051000000000000000e+03,9.570343459761244276e+01,0.000000000000000000e+00
7.052000000000000000e+03,1.037092376313093496e+02,0.000000000000000000e+00
7.053000000000000000e+03,1.012587056890128281e+02,0.000000000000000000e+00
7.054000000000000000e+03,1.069991671025229607e+02,0.000000000000000000e+00
7.055000000000000000e+03,9.978189472009785277e+01,0.000000000000000000e+00
7.056000000000000000e+03,1.011224186812199832e+02,0.000000000000000000e+00
7.057000000000000000e+03,1.025387729789893427e+02,0.000000000000000000e+00
7.058000000000000000e+03,1.015070850423215632e+02,0.000000000000000000e+00
7.059000000000000000e+03,1.013532486503939225e+02,0.000000000000000000e+00
7.060000000000000000e+03,1.089339771977863620e+02,0.000000000000000000e+00
7.061000000000000000e+03,1.027085187002132471e+02,0.000000000000000000e+00
7.062000000000000000e+03,1.024776275682064295e+02,0.000000000000000000e+00
7.063000000000000000e+03,9.697357482964258679e+01,0.000000000000000000e+00
7.064000000000000000e+03,1.055053226714941559e+02,0.000000000000000000e+00
7.065000000000000000e+03,9.308984277070800317e+01,0.000000000000000000e+00
7.066000000000000000e+03,1.049157123494994011e+02,0.000000000000000000e+00
7.067000000000000000e+03,9.429037713295340950e+01,0.000000000000000000e+00
7.068000000000000000e+03,1.072966912063632208e+02,0.000000000000000000e+00
7.069000000000000000e+03,9.526232686087517720e+01,0.000000000000000000e+00
7.070000000000000000e+03,1.018793244930789257e+02,0.000000000000000000e+00
7.071000000000000000e+03,9.642770582878020491e+01,0.000000000000000000e+00
7.072000000000000000e+03,9.986372574663670321e+01,0.000000000000000000e+00
7.073000000000000000e+03,1.067337141938886020e+02,0.000000000000000000e+00
7.074000000000000000e+03,1.102172457432495065e+02,0.000000000000000000e+00
7.075000000000000000e+03,9.820392830585439015e+01,0.000000000000000000e+00
7.076000000000000000e+03,1.091673487977325152e+02,0.000000000000000000e+00
7.077000000000000000e+03,9.466971690252911742e+01,0.000000000000000000e+00
7.078000000000000000e+03,1.079303797256645367e+02,0.000000000000000000e+00
7.079000000000000000e+03,1.016455524210352905e+02,0.000000000000000000e+00
7.080000000000000000e+03,1.024779068761493335e+02,0.000000000000000000e+00
7.081000000000000000e+03,1.041626564793414502e+02,0.000000000000000000e+00
7.082000000000000000e+03,9.651973542372000736e+01,0.000000000000000000e+00
7.083000000000000000e+03,9.867597427887446315e+01,0.000000000000000000e+00
7.084000000000000000e+03,1.017999525858897556e+02,0.000000000000000000e+00
7.085000000000000000e+03,9.990835371357646011e+01,0.000000000000000000e+00
7.086000000000000000e+03,9.654431380334595758e+01,0.000000000000000000e+00
7.087000000000000000e+03,1.046372378340800537e+02,0.000000000000000000e+00
7.088000000000000000e+03,9.673509233088452675e+01,0.000000000000000000e+00
7.089000000000000000e+03,1.067574238011940082e+02,0.000000000000000000e+00
7.090000000000000000e+03,1.031769841365123028e+02,0.000000000000000000e+00
7.091000000000000000e+03,1.059167297865949564e+02,0.000000000000000000e+00
7.092000000000000000e+03,9.538502200793672614e+01,0.000000000000000000e+00
7.093000000000000000e+03,1.023173155408251205e+02,0.000000000000000000e+00
7.094000000000000000e+03,1.020308263817766345e+02,0.000000000000000000e+00
7.095000000000000000e+03,9.792062687113165964e+01,0.000000000000000000e+00
7.096000000000000000e+03,9.794704852634490067e+01,0.000000000000000000e+00
7.097000000000000000e+03,1.007200435883407010e+02,0.000000000000000000e+00
7.098000000000000000e+03,9.888936515345815792e+01,0.000000000000000000e+00
7.099000000000000000e+03,1.042082469133020339e+02,0.000000000000000000e+00
7.100000000000000000e+03,1.007352827705060321e+02,0.000000000000000000e+00
7.101000000000000000e+03,1.026644166316474127e+02,0.000000000000000000e+00
7.102000000000000000e+03,1.009572909050832550e+02,0.000000000000000000e+00
7.103000000000000000e+03,9.775449276287999112e+01,0.000000000000000000e+00
7.104000000000000000e+03,1.042394133212526413e+02,0.000000000000000000e+00
7.105000000000000000e+03,1.060334234762314765e+02,0.000000000000000000e+00
7.106000000000000000e+03,1.043950851136763873e+02,0.000000000000000000e+00
7.107000000000000000e+03,9.773816569121572684e+01,0.000000000000000000e+00
7.108000000000000000e+03,9.923997105747798742e+01,0.000000000000000000e+00
7.109000000000000000e+03,1.021713734852530990e+02,0.000000000000000000e+00
7.110000000000000000e+03,1.033842106827631540e+02,0.000000000000000000e+00
7.111000000000000000e+03,1.004699733155298134e+02,0.000000000000000000e+00
7.112000000000000000e+03,1.057887057999259923e+02,0.000000000000000000e+00
7.113000000000000000e+03,1.013386938571744054e+02,0.000000000000000000e+00
7.114000000000000000e+03,1.056105180212116466e+02,0.000000000000000000e+00
7.115000000000000000e+03,1.041715682091202950e+02,0.000000000000000000e+00
7.116000000000000000e+03,1.048401724596786551e+02,0.000000000000000000e+00
7.117000000000000000e+03,1.051149591893241251e+02,0.000000000000000000e+00
7.118000000000000000e+03,1.050174494296554997e+02,0.000000000000000000e+00
7.119000000000000000e+03,1.066102737336846644e+02,0.000000000000000000e+00
7.120000000000000000e+03,1.010991364740281142e+02,0.000000000000000000e+00
7.121000000000000000e+03,9.538429661615275279e+01,0.000000000000000000e+00
7.122000000000000000e+03,1.041241292906900355e+02,0.000000000000000000e+00
7.123000000000000000e+03,1.047865886916486318e+02,0.000000000000000000e+00
7.124000000000000000e+03,1.040604537895195278e+02,0.000000000000000000e+00
7.125000000000000000e+03,9.724941136252876106e+01,0.000000000000000000e+00
7.126000000000000000e+03,1.006657753581749546e+02,0.000000000000000000e+00
7.127000000000000000e+03,9.409754910516446103e+01,0.000000000000000000e+00
7.128000000000000000e+03,1.052576380350940184e+02,0.000000000000000000e+00
7.129000000000000000e+03,9.683148362712212531e+01,0.000000000000000000e+00
7.130000000000000000e+03,9.869190138491514119e+01,0.000000000000000000e+00
7.131000000000000000e+03,1.037033454231042526e+02,0.000000000000000000e+00
7.132000000000000000e+03,1.095877715897157429e+02,0.000000000000000000e+00
7.133000000000000000e+03,9.926825173999046115e+01,0.000000000000000000e+00
7.134000000000000000e+03,1.027144046237770425e+02,0.000000000000000000e+00
7.135000000000000000e+03,9.499069219547394027e+01,0.000000000000000000e+00
7.136000000000000000e+03,9.730584077935104403e+01,0.000000000000000000e+00
7.137000000000000000e+03,1.027275822596632935e+02,0.000000000000000000e+00
7.138000000000000000e+03,9.576926514751889385e+01,0.000000000000000000e+00
7.139000000000000000e+03,9.353853343123219588e+01,0.000000000000000000e+00
7.140000000000000000e+03,1.082838951110915104e+02,0.000000000000000000e+00
7.141000000000000000e+03,1.019742598592096954e+02,0.000000000000000000e+00
7.142000000000000000e+03,1.034852782515190341e+02,0.000000000000000000e+00
7.143000000000000000e+03,9.533258507026373252e+01,0.000000000000000000e+00
7.144000000000000000e+03,1.066304239384567438e+02,0.000000000000000000e+00
7.145000000000000000e+03,9.919140365005821991e+01,0.000000000000000000e+00
7.146000000000000000e+03,1.062340206655090640e+02,0.000000000000000000e+00
7.147000000000000000e+03,1.047098309391706010e+02,0.000000000000000000e+00
7.148000000000000000e+03,1.031529855122589368e+02,0.000000000000000000e+00
7.149000000000000000e+03,1.072087002078674516e+02,0.000000000000000000e+00
7.150000000000000000e+03,1.015662987995487612e+02,0.000000000000000000e+00
7.151000000000000000e+03,1.032079281044540977e+02,0.000000000000000000e+00
7.152000000000000000e+03,9.989709767260998774e+01,0.000000000000000000e+00
7.153000000000000000e+03,9.717767867813844873e+01,0.000000000000000000e+00
7.154000000000000000e+03,1.039327623081311316e+02,0.000000000000000000e+00
7.155000000000000000e+03,9.963355760223025470e+01,0.000000000000000000e+00
7.156000000000000000e+03,9.984714010985148036e+01,0.000000000000000000e+00
7.157000000000000000e+03,9.826198256522771146e+01,0.000000000000000000e+00
7.158000000000000000e+03,9.751293216949952125e+01,0.000000000000000000e+00
7.159000000000000000e+03,1.015102457771702120e+02,0.000000000000000000e+00
7.160000000000000000e+03,1.035185962915868316e+02,0.000000000000000000e+00
7.161000000000000000e+03,1.102237593149822885e+02,0.000000000000000000e+00
7.162000000000000000e+03,1.032628485182757174e+02,0.000000000000000000e+00
7.163000000000000000e+03,1.002918033867359782e+02,0.000000000000000000e+00
7.164000000000000000e+03,1.029692246477426067e+02,0.000000000000000000e+00
7.165000000000000000e+03,9.623082823559253995e+01,0.000000000000000000e+00
7.166000000000000000e+03,9.784610363533049338e+01,0.000000000000000000e+00
7.167000000000000000e+03,1.006246858901582613e+02,0.000000000000000000e+00
7.168000000000000000e+03,1.016850504249227640e+02,0.000000000000000000e+00
7.169000000000000000e+03,1.016947859393444560e+02,0.000000000000000000e+00
7.170000000000000000e+03,1.060187030346125283e+02,0.000000000000000000e+00
7.171000000000000000e+03,1.047225402979411939e+02,0.000000000000000000e+00
7.172000000000000000e+03,1.056963713727220693e+02,0.000000000000000000e+00
7.173000000000000000e+03,1.001971809338047592e+02,0.000000000000000000e+00
7.174000000000000000e+03,1.031818809295164812e+02,0.000000000000000000e+00
7.175000000000000000e+03,1.038795479879563288e+02,0.000000000000000000e+00
7.176000000000000000e+03,9.952890707372262113e+01,0.000000000000000000e+00
7.177000000000000000e+03,9.892127092987330172e+01,0.000000000000000000e+00
7.178000000000000000e+03,1.075956923819777273e+02,0.000000000000000000e+00
7.179000000000000000e+03,1.013661445947357294e+02,0.000000000000000000e+00
7.180000000000000000e+03,1.037764884142034845e+02,0.000000000000000000e+00
7.181000000000000000e+03,1.038294816104884433e+02,0.000000000000000000e+00
7.182000000000000000e+03,9.512138818419664688e+01,0.000000000000000000e+00
7.183000000000000000e+03,9.472767136158041978e+01,0.000000000000000000e+00
7.184000000000000000e+03,1.015257752805625131e+02,0.000000000000000000e+00
7.185000000000000000e+03,9.832374254304211547e+01,0.000000000000000000e+00
7.186000000000000000e+03,1.003628634924522061e+02,0.000000000000000000e+00
7.187000000000000000e+03,9.898585516383148786e+01,0.000000000000000000e+00
7.188000000000000000e+03,1.111020659747136392e+02,0.000000000000000000e+00
7.189000000000000000e+03,9.942841311916185987e+01,0.000000000000000000e+00
7.190000000000000000e+03,1.040547371299155941e+02,0.000000000000000000e+00
7.191000000000000000e+03,9.880885460384823205e+01,0.000000000000000000e+00
7.192000000000000000e+03,1.014168042051047252e+02,0.000000000000000000e+00
7.193000000000000000e+03,1.047765355000109224e+02,0.000000000000000000e+00
7.194000000000000000e+03,1.042751713508260423e+02,0.000000000000000000e+00
7.195000000000000000e+03,1.046139062140591562e+02,0.000000000000000000e+00
7.196000000000000000e+03,1.033927074261377754e+02,0.000000000000000000e+00
7.197000000000000000e+03,1.065994224246817481e+02,0.000000000000000000e+00
7.198000000000000000e+03,1.056362672522825790e+02,0.000000000000000000e+00
7.199000000000000000e+03,9.655169632011714498e+01,0.000000000000000000e+00
7.200000000000000000e+03,1.035753992357352473e+02,0.000000000000000000e+00
7.201000000000000000e+03,9.775810280506681238e+01,0.000000000000000000e+00
7.202000000000000000e+03,9.955392155655329134e+01,0.000000000000000000e+00
7.203000000000000000e+03,1.099274358275715855e+02,0.000000000000000000e+00
7.204000000000000000e+03,1.030376934892872924e+02,0.000000000000000000e+00
7.205000000000000000e+03,1.037300852639387614e+02,0.000000000000000000e+00
7.206000000000000000e+03,9.986950884124347283e+01,0.000000000000000000e+00
7.207000000000000000e+03,1.037096510928227389e+02,0.000000000000000000e+00
7.208000000000000000e+03,1.011942793781059038e+02,0.000000000000000000e+00
7.209000000000000000e+03,9.881769638163447667e+01,0.000000000000000000e+00
7.210000000000000000e+03,1.047875157324852751e+02,0.000000000000000000e+00
7.211000000000000000e+03,1.013642529961041987e+02,0.000000000000000000e+00
7.212000000000000000e+03,1.038953144056061291e+02,0.000000000000000000e+00
7.213000000000000000e+03,1.001157196623053522e+02,0.000000000000000000e+00
7.214000000000000000e+03,1.005101074999819559e+02,0.000000000000000000e+00
7.215000000000000000e+03,1.043981915046261406e+02,0.000000000000000000e+00
7.216000000000000000e+03,1.018104724402749923e+02,0.000000000000000000e+00
7.217000000000000000e+03,1.038291033965299164e+02,0.000000000000000000e+00
7.218000000000000000e+03,9.531492391985338486e+01,0.000000000000000000e+00
7.219000000000000000e+03,1.020125181083128325e+02,0.000000000000000000e+00
7.220000000000000000e+03,1.004166687444752739e+02,0.000000000000000000e+00
7.221000000000000000e+03,1.009949154245283580e+02,0.000000000000000000e+00
7.222000000000000000e+03,9.974154036448688032e+01,0.000000000000000000e+00
7.223000000000000000e+03,9.514456431078382082e+01,0.000000000000000000e+00
7.224000000000000000e+03,1.033788275614186460e+02,0.000000000000000000e+00
7.225000000000000000e+03,1.031507298559521217e+02,0.000000000000000000e+00
7.226000000000000000e+03,9.861050423462879166e+01,0.000000000000000000e+00
7.227000000000000000e+03,1.014841119613750777e+02,0.000000000000000000e+00
7.228000000000000000e+03,9.709258159352306450e+01,0.000000000000000000e+00
7.229000000000000000e+03,9.959273968946928335e+01,0.000000000000000000e+00
7.230000000000000000e+03,1.082068171387167013e+02,0.000000000000000000e+00
7.231000000000000000e+03,1.030180265582521031e+02,0.000000000000000000e+00
7.232000000000000000e+03,9.740530889166478801e+01,0.000000000000000000e+00
7.233000000000000000e+03,9.589897061940210676e+01,0.000000000000000000e+00
7.234000000000000000e+03,9.963090301704748697e+01,0.000000000000000000e+00
7.235000000000000000e+03,9.411741125206343384e+01,0.000000000000000000e+00
7.236000000000000000e+03,1.005971020185658915e+02,0.000000000000000000e+00
7.237000000000000000e+03,9.994744445515289044e+01,0.000000000000000000e+00
7.238000000000000000e+03,1.029890362618578905e+02,0.000000000000000000e+00
7.239000000000000000e+03,1.002198130862462477e+02,0.000000000000000000e+00
7.240000000000000000e+03,1.023959273400810872e+02,0.000000000000000000e+00
7.241000000000000000e+03,9.852440229735661603e+01,0.000000000000000000e+00
7.242000000000000000e+03,1.031070565420154708e+02,0.000000000000000000e+00
7.243000000000000000e+03,9.889636706726443549e+01,0.000000000000000000e+00
7.244000000000000000e+03,1.004326735392979089e+02,0.000000000000000000e+00
7.245000000000000000e+03,9.442601507026772367e+01,0.000000000000000000e+00
7.246000000000000000e+03,9.915349012299225251e+01,0.000000000000000000e+00
7.247000000000000000e+03,1.011378774328040038e+02,0.000000000000000000e+00
7.248000000000000000e+03,1.008002480212469578e+02,0.000000000000000000e+00
7.249000000000000000e+03,1.061575853742775024e+02,0.000000000000000000e+00
7.250000000000000000e+03,1.015839478723328995e+02,0.000000000000000000e+00
7.251000000000000000e+03,9.992922139457530761e+01,0.000000000000000000e+00
7.252000000000000000e+03,1.035283102335036034e+02,0.000000000000000000e+00
7.253000000000000000e+03,9.685110315090149413e+01,0.000000000000000000e+00
7.254000000000000000e+03,1.058505047006393482e+02,0.000000000000000000e+00
7.255000000000000000e+03,1.001680869220016348e+02,0.000000000000000000e+00
7.256000000000000000e+03,9.974188555510124843e+01,0.000000000000000000e+00
7.257000000000000000e+03,1.021055071847442832e+02,0.000000000000000000e+00
7.258000000000000000e+03,1.005405431794886937e+02,0.000000000000000000e+00
7.259000000000000000e+03,9.803984085519253711e+01,0.000000000000000000e+00
7.260000000000000000e+03,9.358301523586193582e+01,0.000000000000000000e+00
7.261000000000000000e+03,9.812628888130367955e+01,0.000000000000000000e+00
7.262000000000000000e+03,1.028735252833806300e+02,0.000000000000000000e+00
7.263000000000000000e+03,1.112772120004397038e+02,0.000000000000000000e+00
7.264000000000000000e+03,9.835060438859289889e+01,0.000000000000000000e+00
7.265000000000000000e+03,9.907219802772303296e+01,0.000000000000000000e+00
7.266000000000000000e+03,1.045717372912153564e+02,0.000000000000000000e+00
7.267000000000000000e+03,1.023434915642420719e+02,0.000000000000000000e+00
7.268000000000000000e+03,1.080459532278372876e+02,0.000000000000000000e+00
7.269000000000000000e+03,1.024973734349566428e+02,0.000000000000000000e+00
7.270000000000000000e+03,1.017057451159695205e+02,0.000000000000000000e+00
7.271000000000000000e+03,1.094620636589448424e+02,0.000000000000000000e+00
7.272000000000000000e+03,1.157344792381291256e+02,1.000000000000000000e+00
7.273000000000000000e+03,1.153009064370365735e+02,1.000000000000000000e+00
7.274000000000000000e+03,1.088157607200778614e+02,1.000000000000000000e+00
7.275000000000000000e+03,1.143317599367051116e+02,1.000000000000000000e+00
7.276000000000000000e+03,1.148409922001638961e+02,1.000000000000000000e+00
7.277000000000000000e+03,1.194329962014999040e+02,1.000000000000000000e+00
7.278000000000000000e+03,1.151628854524666679e+02,1.000000000000000000e+00
7.279000000000000000e+03,1.156338944855060049e+02,1.000000000000000000e+00
7.280000000000000000e+03,1.160245262847148524e+02,1.000000000000000000e+00
7.281000000000000000e+03,1.194041295674038849e+02,1.000000000000000000e+00
7.282000000000000000e+03,1.225267415995706699e+02,1.000000000000000000e+00
7.283000000000000000e+03,1.232551979229613721e+02,1.000000000000000000e+00
7.284000000000000000e+03,1.237673419802902970e+02,1.000000000000000000e+00
7.285000000000000000e+03,1.284770193290328848e+02,1.000000000000000000e+00
7.286000000000000000e+03,1.321391338693012187e+02,1.000000000000000000e+00
7.287000000000000000e+03,1.289191020350363601e+02,1.000000000000000000e+00
7.288000000000000000e+03,1.363278499341975021e+02,1.000000000000000000e+00
7.289000000000000000e+03,1.373274294361774537e+02,1.000000000000000000e+00
7.290000000000000000e+03,1.350276947533988050e+02,1.000000000000000000e+00
7.291000000000000000e+03,1.444806949509602987e+02,1.000000000000000000e+00
7.292000000000000000e+03,1.379936845690202176e+02,1.000000000000000000e+00
7.293000000000000000e+03,1.392430909246854753e+02,1.000000000000000000e+00
7.294000000000000000e+03,1.429705382913250560e+02,1.000000000000000000e+00
7.295000000000000000e+03,1.468409507329024848e+02,1.000000000000000000e+00
7.296000000000000000e+03,1.454158242951451427e+02,1.000000000000000000e+00
7.297000000000000000e+03,1.541695791219029843e+02,1.000000000000000000e+00
7.298000000000000000e+03,1.564862780356719156e+02,1.000000000000000000e+00
7.299000000000000000e+03,1.569581275274524046e+02,1.000000000000000000e+00
7.300000000000000000e+03,1.660464257152098639e+02,1.000000000000000000e+00
7.301000000000000000e+03,1.610402912639858641e+02,1.000000000000000000e+00
7.302000000000000000e+03,1.540135167879241180e+02,1.000000000000000000e+00
7.303000000000000000e+03,1.653268086317252710e+02,1.000000000000000000e+00
7.304000000000000000e+03,1.677602291963240759e+02,1.000000000000000000e+00
7.305000000000000000e+03,1.663399862687280972e+02,1.000000000000000000e+00
7.306000000000000000e+03,1.609105312568762827e+02,1.000000000000000000e+00
7.307000000000000000e+03,1.627136991331193769e+02,1.000000000000000000e+00
7.308000000000000000e+03,1.656201967492416429e+02,1.000000000000000000e+00
7.309000000000000000e+03,1.741821658488985065e+02,1.000000000000000000e+00
7.310000000000000000e+03,1.570349705212832134e+02,1.000000000000000000e+00
7.311000000000000000e+03,1.671657463196744402e+02,1.000000000000000000e+00
7.312000000000000000e+03,1.731249402926779908e+02,1.000000000000000000e+00
7.313000000000000000e+03,1.639552713676809503e+02,1.000000000000000000e+00
7.314000000000000000e+03,1.730355073978919336e+02,1.000000000000000000e+00
7.315000000000000000e+03,1.706105752041696633e+02,1.000000000000000000e+00
7.316000000000000000e+03,1.736536687292572196e+02,1.000000000000000000e+00
7.317000000000000000e+03,1.752711519180907942e+02,1.000000000000000000e+00
7.318000000000000000e+03,1.715408056199236171e+02,1.000000000000000000e+00
7.319000000000000000e+03,1.807995356701536025e+02,1.000000000000000000e+00
7.320000000000000000e+03,1.775971876567895720e+02,1.000000000000000000e+00
7.321000000000000000e+03,1.759278939633881009e+02,1.000000000000000000e+00
7.322000000000000000e+03,1.690213749687323457e+02,1.000000000000000000e+00
7.323000000000000000e+03,1.737778239244202041e+02,1.000000000000000000e+00
7.324000000000000000e+03,1.774604151251760413e+02,1.000000000000000000e+00
7.325000000000000000e+03,1.727247758200045951e+02,1.000000000000000000e+00
7.326000000000000000e+03,1.671705687357703596e+02,1.000000000000000000e+00
7.327000000000000000e+03,1.688716306947922021e+02,1.000000000000000000e+00
7.328000000000000000e+03,1.766912313276747284e+02,1.000000000000000000e+00
7.329000000000000000e+03,1.755183281252336087e+02,1.000000000000000000e+00
7.330000000000000000e+03,1.696273018993718722e+02,1.000000000000000000e+00
7.331000000000000000e+03,1.638602134374301329e+02,1.000000000000000000e+00
7.332000000000000000e+03,1.605226998479661802e+02,1.000000000000000000e+00
7.333000000000000000e+03,1.533335217670727388e+02,1.000000000000000000e+00
7.334000000000000000e+03,1.417673358541727850e+02,1.000000000000000000e+00
7.335000000000000000e+03,1.362163178655958404e+02,1.000000000000000000e+00
7.336000000000000000e+03,1.240413043968976723e+02,1.000000000000000000e+00
7.337000000000000000e+03,1.169173471848095289e+02,1.000000000000000000e+00
7.338000000000000000e+03,1.096694112743965803e+02,1.000000000000000000e+00
7.339000000000000000e+03,1.078404200491905556e+02,1.000000000000000000e+00
7.340000000000000000e+03,1.079945996390005405e+02,0.000000000000000000e+00
7.341000000000000000e+03,1.082327195364467087e+02,0.000000000000000000e+00
7.342000000000000000e+03,1.050291253522959209e+02,0.000000000000000000e+00
7.343000000000000000e+03,1.008435460519418854e+02,0.000000000000000000e+00
7.344000000000000000e+03,1.088171410565062018e+02,0.000000000000000000e+00
7.345000000000000000e+03,1.062634753659362019e+02,0.000000000000000000e+00
7.346000000000000000e+03,9.820614736982402349e+01,0.000000000000000000e+00
7.347000000000000000e+03,1.044913173899084171e+02,0.000000000000000000e+00
7.348000000000000000e+03,1.105711365520161991e+02,0.000000000000000000e+00
7.349000000000000000e+03,9.853765472696503025e+01,0.000000000000000000e+00
7.350000000000000000e+03,1.091289191144444999e+02,0.000000000000000000e+00
7.351000000000000000e+03,1.052642868279796744e+02,0.000000000000000000e+00
7.352000000000000000e+03,1.054876775852467006e+02,0.000000000000000000e+00
7.353000000000000000e+03,1.035302178610479018e+02,0.000000000000000000e+00
7.354000000000000000e+03,1.028644888927444896e+02,0.000000000000000000e+00
7.355000000000000000e+03,1.029442430616220179e+02,0.000000000000000000e+00
7.356000000000000000e+03,1.048571057954259089e+02,0.000000000000000000e+00
7.357000000000000000e+03,1.026106805562608315e+02,0.000000000000000000e+00
7.358000000000000000e+03,1.041033190523426839e+02,0.000000000000000000e+00
7.359000000000000000e+03,9.958670950730343918e+01,0.000000000000000000e+00
7.360000000000000000e+03,1.031959459491960871e+02,0.000000000000000000e+00
7.361000000000000000e+03,9.926257595643841114e+01,0.000000000000000000e+00
7.362000000000000000e+03,1.054257535191647150e+02,0.000000000000000000e+00
7.363000000000000000e+03,1.079043592227306902e+02,0.000000000000000000e+00
7.364000000000000000e+03,9.983488041671647295e+01,0.000000000000000000e+00
7.365000000000000000e+03,9.672600264653115687e+01,0.000000000000000000e+00
7.366000000000000000e+03,1.065005391104215562e+02,0.000000000000000000e+00
7.367000000000000000e+03,9.800300022163585822e+01,0.000000000000000000e+00
7.368000000000000000e+03,1.075108721233604570e+02,0.000000000000000000e+00
7.369000000000000000e+03,1.019302792657770453e+02,0.000000000000000000e+00
7.370000000000000000e+03,1.017525194955720877e+02,0.000000000000000000e+00
7.371000000000000000e+03,1.042387111586925954e+02,0.000000000000000000e+00
7.372000000000000000e+03,1.017350911063094685e+02,0.000000000000000000e+00
7.373000000000000000e+03,9.852256182312238764e+01,0.000000000000000000e+00
7.374000000000000000e+03,1.019680969531681001e+02,0.000000000000000000e+00
7.375000000000000000e+03,1.004626450316384449e+02,0.000000000000000000e+00
7.376000000000000000e+03,1.016431049468391166e+02,0.000000000000000000e+00
7.377000000000000000e+03,1.085842534932012171e+02,0.000000000000000000e+00
7.378000000000000000e+03,1.055562858934071642e+02,0.000000000000000000e+00
7.379000000000000000e+03,1.023156638173194892e+02,0.000000000000000000e+00
7.380000000000000000e+03,1.032132605869402369e+02,0.000000000000000000e+00
7.381000000000000000e+03,1.006860720727811866e+02,0.000000000000000000e+00
7.382000000000000000e+03,9.651718346221122147e+01,0.000000000000000000e+00
7.383000000000000000e+03,1.031281245318687780e+02,0.000000000000000000e+00
7.384000000000000000e+03,1.018848828124879589e+02,0.000000000000000000e+00
7.385000000000000000e+03,9.855727942762572980e+01,0.000000000000000000e+00
7.386000000000000000e+03,1.018746486522426267e+02,0.000000000000000000e+00
7.387000000000000000e+03,1.020126400656145904e+02,0.000000000000000000e+00
7.388000000000000000e+03,1.051248224940461853e+02,0.000000000000000000e+00
7.389000000000000000e+03,1.052272472290734129e+02,0.000000000000000000e+00
7.390000000000000000e+03,9.270213497306153272e+01,0.000000000000000000e+00
7.391000000000000000e+03,1.063686093787440825e+02,0.000000000000000000e+00
7.392000000000000000e+03,1.046248102981661106e+02,0.000000000000000000e+00
7.393000000000000000e+03,1.012910830123185093e+02,0.000000000000000000e+00
7.394000000000000000e+03,1.021569849658307305e+02,0.000000000000000000e+00
7.395000000000000000e+03,1.014419509183901198e+02,0.000000000000000000e+00
7.396000000000000000e+03,9.690081405677331361e+01,0.000000000000000000e+00
7.397000000000000000e+03,1.056935411640946967e+02,0.000000000000000000e+00
7.398000000000000000e+03,1.030570777497003832e+02,0.000000000000000000e+00
7.399000000000000000e+03,1.045545960415589803e+02,0.000000000000000000e+00
7.400000000000000000e+03,1.012772209372635075e+02,0.000000000000000000e+00
7.401000000000000000e+03,1.004895083374462388e+02,0.000000000000000000e+00
7.402000000000000000e+03,1.035324293710985302e+02,0.000000000000000000e+00
7.403000000000000000e+03,1.034502914247631367e+02,0.000000000000000000e+00
7.404000000000000000e+03,1.008166778200493070e+02,0.000000000000000000e+00
7.405000000000000000e+03,1.042214607110311988e+02,0.000000000000000000e+00
7.406000000000000000e+03,9.975364465075310250e+01,0.000000000000000000e+00
7.407000000000000000e+03,1.041853908007251448e+02,0.000000000000000000e+00
7.408000000000000000e+03,1.044745053856241412e+02,0.000000000000000000e+00
7.409000000000000000e+03,1.014365418272680870e+02,0.000000000000000000e+00
7.410000000000000000e+03,1.064994986466750220e+02,0.000000000000000000e+00
7.411000000000000000e+03,1.046420287996986502e+02,0.000000000000000000e+00
7.412000000000000000e+03,1.052343450839164092e+02,0.000000000000000000e+00
7.413000000000000000e+03,1.003222864656305120e+02,0.000000000000000000e+00
7.414000000000000000e+03,1.042046318672457659e+02,0.000000000000000000e+00
7.415000000000000000e+03,9.718449115970530272e+01,0.000000000000000000e+00
7.416000000000000000e+03,1.026628519507069655e+02,0.000000000000000000e+00
7.417000000000000000e+03,1.005032391262021463e+02,0.000000000000000000e+00
7.418000000000000000e+03,1.049515433331369678e+02,0.000000000000000000e+00
7.419000000000000000e+03,1.029379008158146718e+02,0.000000000000000000e+00
7.420000000000000000e+03,1.053795281506502448e+02,0.000000000000000000e+00
7.421000000000000000e+03,9.871110993011573953e+01,0.000000000000000000e+00
7.422000000000000000e+03,9.797426097536282441e+01,0.000000000000000000e+00
7.423000000000000000e+03,1.039876561470863834e+02,0.000000000000000000e+00
7.424000000000000000e+03,1.030739670626109188e+02,0.000000000000000000e+00
7.425000000000000000e+03,1.017543597048754265e+02,0.000000000000000000e+00
7.426000000000000000e+03,9.664304497445289144e+01,0.000000000000000000e+00
7.427000000000000000e+03,9.942156561914129043e+01,0.000000000000000000e+00
7.428000000000000000e+03,9.848801864799509076e+01,0.000000000000000000e+00
7.429000000000000000e+03,1.044942211790160513e+02,0.000000000000000000e+00
7.430000000000000000e+03,1.027285828439035953e+02,0.000000000000000000e+00
7.431000000000000000e+03,9.746747918940641853e+01,0.000000000000000000e+00
7.432000000000000000e+03,1.032644777901239905e+02,0.000000000000000000e+00
7.433000000000000000e+03,1.058326989602483934e+02,0.000000000000000000e+00
7.434000000000000000e+03,1.021462596829050256e+02,0.000000000000000000e+00
7.435000000000000000e+03,9.646304017562856359e+01,0.000000000000000000e+00
7.436000000000000000e+03,9.714857669055574263e+01,0.000000000000000000e+00
7.437000000000000000e+03,1.069085583952893472e+02,0.000000000000000000e+00
7.438000000000000000e+03,1.057210664752640099e+02,0.000000000000000000e+00
7.439000000000000000e+03,1.022755213343043579e+02,0.000000000000000000e+00
7.440000000000000000e+03,9.981332345910487902e+01,0.000000000000000000e+00
7.441000000000000000e+03,1.022462055492770503e+02,0.000000000000000000e+00
7.442000000000000000e+03,1.017822236792871848e+02,0.000000000000000000e+00
7.443000000000000000e+03,1.077756230977639120e+02,0.000000000000000000e+00
7.444000000000000000e+03,9.633053478709247486e+01,0.000000000000000000e+00
7.445000000000000000e+03,1.018932569772427996e+02,0.000000000000000000e+00
7.446000000000000000e+03,1.048801399283209577e+02,0.000000000000000000e+00
7.447000000000000000e+03,9.303643255286009150e+01,0.000000000000000000e+00
7.448000000000000000e+03,1.062216613259764983e+02,0.000000000000000000e+00
7.449000000000000000e+03,9.998568015985185298e+01,0.000000000000000000e+00
7.450000000000000000e+03,1.001331164111809500e+02,0.000000000000000000e+00
7.451000000000000000e+03,1.067457256597387669e+02,0.000000000000000000e+00
7.452000000000000000e+03,9.782516785197553588e+01,0.000000000000000000e+00
7.453000000000000000e+03,1.007769443016352113e+02,0.000000000000000000e+00
7.454000000000000000e+03,9.550392721308328703e+01,0.000000000000000000e+00
7.455000000000000000e+03,1.002517289166880232e+02,0.000000000000000000e+00
7.456000000000000000e+03,1.006517073583721782e+02,0.000000000000000000e+00
7.457000000000000000e+03,1.029858543981713126e+02,0.000000000000000000e+00
7.458000000000000000e+03,1.051463442474542234e+02,0.000000000000000000e+00
7.459000000000000000e+03,9.605808183485549989e+01,0.000000000000000000e+00
7.460000000000000000e+03,9.825557352680321799e+01,0.000000000000000000e+00
7.461000000000000000e+03,1.051176377771771655e+02,0.000000000000000000e+00
7.462000000000000000e+03,9.089810187790060070e+01,0.000000000000000000e+00
7.463000000000000000e+03,1.058380142532116963e+02,0.000000000000000000e+00
7.464000000000000000e+03,1.000136936306033846e+02,0.000000000000000000e+00
7.465000000000000000e+03,1.012358321134153982e+02,0.000000000000000000e+00
7.466000000000000000e+03,1.021118238178829074e+02,0.000000000000000000e+00
7.467000000000000000e+03,1.010711769943203961e+02,0.000000000000000000e+00
7.468000000000000000e+03,1.027649748227973561e+02,0.000000000000000000e+00
7.469000000000000000e+03,1.035823469694760064e+02,0.000000000000000000e+00
7.470000000000000000e+03,9.568999836112956814e+01,0.000000000000000000e+00
7.471000000000000000e+03,9.569220423392211217e+01,0.000000000000000000e+00
7.472000000000000000e+03,9.948504340404619484e+01,0.000000000000000000e+00
7.473000000000000000e+03,1.002979108885920141e+02,0.000000000000000000e+00
7.474000000000000000e+03,1.047378004496277697e+02,0.000000000000000000e+00
7.475000000000000000e+03,9.518877216491692650e+01,0.000000000000000000e+00
7.476000000000000000e+03,1.024909229806521296e+02,0.000000000000000000e+00
7.477000000000000000e+03,1.054149906609001448e+02,0.000000000000000000e+00
7.478000000000000000e+03,1.045548183491581113e+02,0.000000000000000000e+00
7.479000000000000000e+03,1.022016550332248244e+02,0.000000000000000000e+00
7.480000000000000000e+03,1.056187496245699720e+02,0.000000000000000000e+00
7.481000000000000000e+03,1.060398039375451589e+02,0.000000000000000000e+00
7.482000000000000000e+03,1.056346181066599712e+02,0.000000000000000000e+00
7.483000000000000000e+03,1.027756515243082447e+02,0.000000000000000000e+00
7.484000000000000000e+03,1.017499463415438186e+02,0.000000000000000000e+00
7.485000000000000000e+03,1.050107835170299779e+02,0.000000000000000000e+00
7.486000000000000000e+03,1.038971559298128113e+02,0.000000000000000000e+00
7.487000000000000000e+03,1.019856415936814216e+02,0.000000000000000000e+00
7.488000000000000000e+03,9.899930912062879429e+01,0.000000000000000000e+00
7.489000000000000000e+03,1.042701254575049319e+02,0.000000000000000000e+00
7.490000000000000000e+03,9.623633217859608635e+01,0.000000000000000000e+00
7.491000000000000000e+03,1.047161900004150397e+02,0.000000000000000000e+00
7.492000000000000000e+03,9.723775287795552913e+01,0.000000000000000000e+00
7.493000000000000000e+03,1.041904884952882639e+02,0.000000000000000000e+00
7.494000000000000000e+03,1.043190555660309258e+02,0.000000000000000000e+00
7.495000000000000000e+03,1.021447032865059441e+02,0.000000000000000000e+00
7.496000000000000000e+03,1.009817217516622208e+02,0.000000000000000000e+00
7.497000000000000000e+03,1.001130542917751001e+02,0.000000000000000000e+00
7.498000000000000000e+03,9.725875349947911275e+01,0.000000000000000000e+00
7.499000000000000000e+03,1.038850104326970154e+02,0.000000000000000000e+00
7.500000000000000000e+03,1.013205193705613283e+02,0.000000000000000000e+00
7.501000000000000000e+03,1.014823722577927612e+02,0.000000000000000000e+00
7.502000000000000000e+03,9.433316299289775486e+01,0.000000000000000000e+00
7.503000000000000000e+03,1.048764246412778505e+02,0.000000000000000000e+00
7.504000000000000000e+03,1.020609315077823425e+02,0.000000000000000000e+00
7.505000000000000000e+03,1.084636643404404737e+02,0.000000000000000000e+00
7.506000000000000000e+03,1.021115342809088702e+02,0.000000000000000000e+00
7.507000000000000000e+03,9.442595595698495003e+01,0.000000000000000000e+00
7.508000000000000000e+03,1.056184891309566467e+02,0.000000000000000000e+00
7.509000000000000000e+03,1.070491800296533427e+02,0.000000000000000000e+00
7.510000000000000000e+03,1.007605657736831972e+02,0.000000000000000000e+00
7.511000000000000000e+03,1.017185090900615734e+02,0.000000000000000000e+00
7.512000000000000000e+03,1.037612088136955606e+02,0.000000000000000000e+00
7.513000000000000000e+03,1.011206431584805756e+02,0.000000000000000000e+00
7.514000000000000000e+03,1.028287698384380491e+02,0.000000000000000000e+00
7.515000000000000000e+03,9.647344350381014522e+01,0.000000000000000000e+00
7.516000000000000000e+03,1.026021605739216795e+02,0.000000000000000000e+00
7.517000000000000000e+03,1.047180018120094758e+02,0.000000000000000000e+00
7.518000000000000000e+03,1.048526425738751158e+02,0.000000000000000000e+00
7.519000000000000000e+03,1.048137689421364058e+02,0.000000000000000000e+00
7.520000000000000000e+03,1.052609085696063431e+02,0.000000000000000000e+00
7.521000000000000000e+03,1.001915464345074440e+02,0.000000000000000000e+00
7.522000000000000000e+03,1.025427537635811746e+02,0.000000000000000000e+00
7.523000000000000000e+03,1.035568128245457444e+02,0.000000000000000000e+00
7.524000000000000000e+03,9.650343057922222556e+01,0.000000000000000000e+00
7.525000000000000000e+03,9.638753614372321010e+01,0.000000000000000000e+00
7.526000000000000000e+03,1.035150719135774011e+02,0.000000000000000000e+00
7.527000000000000000e+03,9.886362305359024560e+01,0.000000000000000000e+00
7.528000000000000000e+03,1.016351268596825861e+02,0.000000000000000000e+00
7.529000000000000000e+03,1.051314971005431005e+02,0.000000000000000000e+00
7.530000000000000000e+03,9.948029861505281701e+01,0.000000000000000000e+00
7.531000000000000000e+03,1.007521181735163083e+02,0.000000000000000000e+00
7.532000000000000000e+03,1.008751008197454979e+02,0.000000000000000000e+00
7.533000000000000000e+03,1.031194592963286993e+02,0.000000000000000000e+00
7.534000000000000000e+03,9.828042896849937904e+01,0.000000000000000000e+00
7.535000000000000000e+03,1.092448106543001671e+02,0.000000000000000000e+00
7.536000000000000000e+03,1.020143125926151839e+02,0.000000000000000000e+00
7.537000000000000000e+03,9.968058262654488999e+01,0.000000000000000000e+00
7.538000000000000000e+03,1.051422245279799341e+02,0.000000000000000000e+00
7.539000000000000000e+03,1.055988102213533182e+02,0.000000000000000000e+00
7.540000000000000000e+03,1.009491021826862891e+02,0.000000000000000000e+00
7.541000000000000000e+03,1.080674152888617101e+02,0.000000000000000000e+00
7.542000000000000000e+03,1.037068965027727785e+02,0.000000000000000000e+00
7.543000000000000000e+03,1.020099892435164293e+02,0.000000000000000000e+00
7.544000000000000000e+03,9.918861672646492877e+01,0.000000000000000000e+00
7.545000000000000000e+03,1.047629712834966114e+02,0.000000000000000000e+00
7.546000000000000000e+03,1.002657883866028357e+02,0.000000000000000000e+00
7.547000000000000000e+03,1.003922818486811366e+02,0.000000000000000000e+00
7.548000000000000000e+03,9.707879321282202056e+01,0.000000000000000000e+00
7.549000000000000000e+03,1.010609570843444800e+02,0.000000000000000000e+00
7.550000000000000000e+03,1.091060056734585260e+02,0.000000000000000000e+00
7.551000000000000000e+03,1.028747301163821248e+02,0.000000000000000000e+00
7.552000000000000000e+03,1.013878211829259186e+02,0.000000000000000000e+00
7.553000000000000000e+03,1.027426829599730098e+02,0.000000000000000000e+00
7.554000000000000000e+03,1.088585783926421300e+02,0.000000000000000000e+00
7.555000000000000000e+03,1.051491929127649456e+02,0.000000000000000000e+00
7.556000000000000000e+03,9.917701706049464860e+01,0.000000000000000000e+00
7.557000000000000000e+03,9.954907414024491175e+01,0.000000000000000000e+00
7.558000000000000000e+03,9.776914908626575595e+01,0.000000000000000000e+00
7.559000000000000000e+03,1.023355410311329194e+02,0.000000000000000000e+00
7.560000000000000000e+03,9.869165555702349479e+01,0.000000000000000000e+00
7.561000000000000000e+03,1.045140608883181557e+02,0.000000000000000000e+00
7.562000000000000000e+03,1.006316593342938859e+02,0.000000000000000000e+00
7.563000000000000000e+03,1.028286305788876547e+02,0.000000000000000000e+00
7.564000000000000000e+03,1.028886108017460259e+02,0.000000000000000000e+00
7.565000000000000000e+03,9.944500566203126368e+01,0.000000000000000000e+00
7.566000000000000000e+03,1.015023855745994439e+02,0.000000000000000000e+00
7.567000000000000000e+03,1.056149305404133827e+02,0.000000000000000000e+00
7.568000000000000000e+03,1.037720616225144994e+02,0.000000000000000000e+00
7.569000000000000000e+03,1.010485483932711759e+02,0.000000000000000000e+00
7.570000000000000000e+03,1.009525686644477247e+02,0.000000000000000000e+00
7.571000000000000000e+03,1.038228991305876292e+02,0.000000000000000000e+00
7.572000000000000000e+03,9.537761524490510112e+01,0.000000000000000000e+00
7.573000000000000000e+03,9.845241524446119286e+01,0.000000000000000000e+00
7.574000000000000000e+03,1.045623472622945798e+02,0.000000000000000000e+00
7.575000000000000000e+03,1.030887478095783791e+02,0.000000000000000000e+00
7.576000000000000000e+03,9.864728841195726261e+01,0.000000000000000000e+00
7.577000000000000000e+03,9.820312892581608821e+01,0.000000000000000000e+00
7.578000000000000000e+03,9.719984489710996911e+01,0.000000000000000000e+00
7.579000000000000000e+03,9.497469269605373654e+01,0.000000000000000000e+00
7.580000000000000000e+03,9.761259296513820516e+01,0.000000000000000000e+00
7.581000000000000000e+03,9.536723856432119817e+01,0.000000000000000000e+00
7.582000000000000000e+03,1.013974270618449083e+02,0.000000000000000000e+00
7.583000000000000000e+03,1.030501329914037569e+02,0.000000000000000000e+00
7.584000000000000000e+03,1.032792418336561013e+02,0.000000000000000000e+00
7.585000000000000000e+03,1.046047012749170335e+02,0.000000000000000000e+00
7.586000000000000000e+03,1.060005389114439112e+02,0.000000000000000000e+00
7.587000000000000000e+03,9.897857374290732935e+01,0.000000000000000000e+00
7.588000000000000000e+03,1.106232019339125969e+02,0.000000000000000000e+00
7.589000000000000000e+03,1.061077726142656843e+02,0.000000000000000000e+00
7.590000000000000000e+03,9.933459145681496238e+01,0.000000000000000000e+00
7.591000000000000000e+03,9.766956817277055336e+01,0.000000000000000000e+00
7.592000000000000000e+03,9.483718683815305894e+01,0.000000000000000000e+00
7.593000000000000000e+03,1.001603813891093466e+02,0.000000000000000000e+00
7.594000000000000000e+03,1.018417797476953695e+02,0.000000000000000000e+00
7.595000000000000000e+03,1.041254105337301468e+02,0.000000000000000000e+00
7.596000000000000000e+03,9.911035518833199376e+01,0.000000000000000000e+00
7.597000000000000000e+03,1.058406700957157938e+02,0.000000000000000000e+00
7.598000000000000000e+03,9.495143918413941719e+01,0.000000000000000000e+00
7.599000000000000000e+03,1.085994846241881220e+02,0.000000000000000000e+00
7.600000000000000000e+03,1.001324483261007288e+02,0.000000000000000000e+00
7.601000000000000000e+03,9.822487871671162907e+01,0.000000000000000000e+00
7.602000000000000000e+03,1.024900937565863615e+02,0.000000000000000000e+00
7.603000000000000000e+03,1.057973744089696879e+02,0.000000000000000000e+00
7.604000000000000000e+03,1.029620925063136809e+02,0.000000000000000000e+00
7.605000000000000000e+03,9.546024537284066014e+01,0.000000000000000000e+00
7.606000000000000000e+03,9.460510085920515166e+01,0.000000000000000000e+00
7.607000000000000000e+03,9.437190261324434459e+01,0.000000000000000000e+00
7.608000000000000000e+03,1.034265177984218269e+02,0.000000000000000000e+00
7.609000000000000000e+03,9.609813531208575910e+01,0.000000000000000000e+00
7.610000000000000000e+03,1.039541187120555179e+02,0.000000000000000000e+00
7.611000000000000000e+03,1.080043454171379125e+02,0.000000000000000000e+00
7.612000000000000000e+03,1.032607020294705507e+02,0.000000000000000000e+00
7.613000000000000000e+03,1.009401684587175509e+02,0.000000000000000000e+00
7.614000000000000000e+03,1.018109062405008416e+02,0.000000000000000000e+00
7.615000000000000000e+03,1.015596601209951189e+02,0.000000000000000000e+00
7.616000000000000000e+03,1.019420409743118370e+02,0.000000000000000000e+00
7.617000000000000000e+03,9.817338606303064807e+01,0.000000000000000000e+00
7.618000000000000000e+03,1.043519970056444492e+02,0.000000000000000000e+00
7.619000000000000000e+03,9.633723589589064318e+01,0.000000000000000000e+00
7.620000000000000000e+03,9.415297710041623702e+01,0.000000000000000000e+00
7.621000000000000000e+03,1.010758752464360271e+02,0.000000000000000000e+00
7.622000000000000000e+03,1.041686636359063556e+02,0.000000000000000000e+00
7.623000000000000000e+03,9.778675818611412751e+01,0.000000000000000000e+00
7.624000000000000000e+03,9.492400288835077049e+01,0.000000000000000000e+00
7.625000000000000000e+03,1.058835529609958002e+02,0.000000000000000000e+00
7.626000000000000000e+03,1.025476102075468106e+02,0.000000000000000000e+00
7.627000000000000000e+03,9.960385637565609329e+01,0.000000000000000000e+00
7.628000000000000000e+03,9.955194552327458268e+01,0.000000000000000000e+00
7.629000000000000000e+03,9.551123752497781538e+01,0.000000000000000000e+00
7.630000000000000000e+03,9.910183720948995756e+01,0.000000000000000000e+00
7.631000000000000000e+03,9.903074684884582268e+01,0.000000000000000000e+00
7.632000000000000000e+03,9.755434801115674759e+01,0.000000000000000000e+00
7.633000000000000000e+03,9.942154450444388658e+01,0.000000000000000000e+00
7.634000000000000000e+03,9.274081655153847237e+01,0.000000000000000000e+00
7.635000000000000000e+03,9.749800838411374571e+01,0.000000000000000000e+00
7.636000000000000000e+03,1.009286501175344171e+02,0.000000000000000000e+00
7.637000000000000000e+03,9.773792190524251566e+01,0.000000000000000000e+00
7.638000000000000000e+03,9.624749858104399891e+01,0.000000000000000000e+00
7.639000000000000000e+03,9.787507618302537082e+01,0.000000000000000000e+00
7.640000000000000000e+03,9.895150056425120511e+01,0.000000000000000000e+00
7.641000000000000000e+03,9.934057278619975762e+01,0.000000000000000000e+00
7.642000000000000000e+03,9.528735104330004901e+01,0.000000000000000000e+00
7.643000000000000000e+03,9.761945812130385036e+01,0.000000000000000000e+00
7.644000000000000000e+03,1.009538221204499280e+02,0.000000000000000000e+00
7.645000000000000000e+03,1.059396424630107703e+02,0.000000000000000000e+00
7.646000000000000000e+03,9.778212298708648120e+01,0.000000000000000000e+00
7.647000000000000000e+03,1.018246557392004661e+02,0.000000000000000000e+00
7.648000000000000000e+03,9.770734270805962751e+01,0.000000000000000000e+00
7.649000000000000000e+03,1.065077061573186938e+02,0.000000000000000000e+00
7.650000000000000000e+03,1.035467671795499740e+02,0.000000000000000000e+00
7.651000000000000000e+03,1.016174397600057802e+02,0.000000000000000000e+00
7.652000000000000000e+03,1.063772314918072652e+02,0.000000000000000000e+00
7.653000000000000000e+03,1.006548620913858514e+02,0.000000000000000000e+00
7.654000000000000000e+03,9.418290467178404413e+01,0.000000000000000000e+00
7.655000000000000000e+03,1.035552519054426028e+02,0.000000000000000000e+00
7.656000000000000000e+03,1.039380296890625601e+02,0.000000000000000000e+00
7.657000000000000000e+03,9.964953599810144169e+01,0.000000000000000000e+00
7.658000000000000000e+03,9.986118968408655405e+01,0.000000000000000000e+00
7.659000000000000000e+03,1.009853078052813231e+02,0.000000000000000000e+00
7.660000000000000000e+03,9.357654960824979185e+01,0.000000000000000000e+00
7.661000000000000000e+03,1.005576017156519271e+02,0.000000000000000000e+00
7.662000000000000000e+03,9.770185109094879294e+01,0.000000000000000000e+00
7.663000000000000000e+03,9.775972627638788026e+01,0.000000000000000000e+00
7.664000000000000000e+03,1.033828664417901990e+02,0.000000000000000000e+00
7.665000000000000000e+03,9.774258462202266173e+01,0.000000000000000000e+00
7.666000000000000000e+03,9.535250332395375494e+01,0.000000000000000000e+00
7.667000000000000000e+03,9.714651996896381547e+01,0.000000000000000000e+00
7.668000000000000000e+03,9.813383626153992623e+01,0.000000000000000000e+00
7.669000000000000000e+03,1.028706488850344414e+02,0.000000000000000000e+00
7.670000000000000000e+03,9.540759944552547722e+01,0.000000000000000000e+00
7.671000000000000000e+03,9.327885568939893801e+01,0.000000000000000000e+00
7.672000000000000000e+03,1.013480903313633235e+02,0.000000000000000000e+00
7.673000000000000000e+03,1.052374572848247283e+02,0.000000000000000000e+00
7.674000000000000000e+03,1.007418889069654426e+02,0.000000000000000000e+00
7.675000000000000000e+03,9.951136984841652122e+01,0.000000000000000000e+00
7.676000000000000000e+03,9.874201006071305642e+01,0.000000000000000000e+00
7.677000000000000000e+03,1.003706239750899556e+02,0.000000000000000000e+00
7.678000000000000000e+03,1.030617252369467423e+02,0.000000000000000000e+00
7.679000000000000000e+03,1.026823741913185302e+02,0.000000000000000000e+00
7.680000000000000000e+03,9.534933697345100256e+01,0.000000000000000000e+00
7.681000000000000000e+03,9.961127538613946797e+01,0.000000000000000000e+00
7.682000000000000000e+03,9.895372973485613954e+01,0.000000000000000000e+00
7.683000000000000000e+03,1.026207869285938301e+02,0.000000000000000000e+00
7.684000000000000000e+03,1.092504755586822540e+02,0.000000000000000000e+00
7.685000000000000000e+03,9.947797187854506262e+01,0.000000000000000000e+00
7.686000000000000000e+03,1.008158828163698217e+02,0.000000000000000000e+00
7.687000000000000000e+03,1.025896605501937984e+02,0.000000000000000000e+00
7.688000000000000000e+03,1.037032700196343313e+02,0.000000000000000000e+00
7.689000000000000000e+03,1.038481181498929828e+02,0.000000000000000000e+00
7.690000000000000000e+03,9.701629988714763897e+01,0.000000000000000000e+00
7.691000000000000000e+03,1.073974998765067141e+02,0.000000000000000000e+00
7.692000000000000000e+03,1.015815372580550502e+02,0.000000000000000000e+00
7.693000000000000000e+03,1.085498561684355394e+02,0.000000000000000000e+00
7.694000000000000000e+03,9.959613535343547142e+01,0.000000000000000000e+00
7.695000000000000000e+03,1.026788002772992741e+02,0.000000000000000000e+00
7.696000000000000000e+03,1.010146757380619960e+02,0.000000000000000000e+00
7.697000000000000000e+03,1.047527382019490432e+02,0.000000000000000000e+00
7.698000000000000000e+03,1.030177703537618754e+02,0.000000000000000000e+00
7.699000000000000000e+03,9.548549991272477655e+01,0.000000000000000000e+00
7.700000000000000000e+03,1.008839133694372663e+02,0.000000000000000000e+00
7.701000000000000000e+03,9.544571544780902173e+01,0.000000000000000000e+00
7.702000000000000000e+03,1.031509185225957026e+02,0.000000000000000000e+00
7.703000000000000000e+03,1.007127668460830563e+02,0.000000000000000000e+00
7.704000000000000000e+03,1.003507496232459317e+02,0.000000000000000000e+00
7.705000000000000000e+03,1.021960136884481045e+02,0.000000000000000000e+00
7.706000000000000000e+03,1.066277728066309152e+02,0.000000000000000000e+00
7.707000000000000000e+03,1.019840003306654523e+02,0.000000000000000000e+00
7.708000000000000000e+03,1.023723304494194934e+02,0.000000000000000000e+00
7.709000000000000000e+03,1.056602412710763303e+02,0.000000000000000000e+00
7.710000000000000000e+03,9.985627823927350732e+01,0.000000000000000000e+00
7.711000000000000000e+03,1.067588563589745121e+02,0.000000000000000000e+00
7.712000000000000000e+03,1.022586893222949556e+02,0.000000000000000000e+00
7.713000000000000000e+03,9.869186336229687129e+01,0.000000000000000000e+00
7.714000000000000000e+03,1.054984372891863558e+02,0.000000000000000000e+00
7.715000000000000000e+03,1.046473246262608257e+02,0.000000000000000000e+00
7.716000000000000000e+03,1.009566697653302469e+02,0.000000000000000000e+00
7.717000000000000000e+03,1.123138083629578148e+02,0.000000000000000000e+00
7.718000000000000000e+03,9.668035081465876601e+01,0.000000000000000000e+00
7.719000000000000000e+03,1.041844969956217142e+02,0.000000000000000000e+00
7.720000000000000000e+03,1.016696378771214171e+02,0.000000000000000000e+00
7.721000000000000000e+03,1.016151690496738098e+02,0.000000000000000000e+00
7.722000000000000000e+03,9.991776888991519456e+01,0.000000000000000000e+00
7.723000000000000000e+03,9.777042530189520164e+01,0.000000000000000000e+00
7.724000000000000000e+03,1.005269974814737139e+02,0.000000000000000000e+00
7.725000000000000000e+03,1.028290275402554954e+02,0.000000000000000000e+00
7.726000000000000000e+03,1.016639403753396635e+02,0.000000000000000000e+00
7.727000000000000000e+03,1.030833636645080702e+02,0.000000000000000000e+00
7.728000000000000000e+03,1.004778542364099962e+02,0.000000000000000000e+00
7.729000000000000000e+03,1.052123427403581672e+02,0.000000000000000000e+00
7.730000000000000000e+03,1.031607726649589836e+02,0.000000000000000000e+00
7.731000000000000000e+03,9.946019820958635194e+01,0.000000000000000000e+00
7.732000000000000000e+03,1.053865006568697567e+02,0.000000000000000000e+00
7.733000000000000000e+03,1.015622309826811289e+02,0.000000000000000000e+00
7.734000000000000000e+03,1.014983443624088437e+02,0.000000000000000000e+00
7.735000000000000000e+03,1.046489367036131881e+02,0.000000000000000000e+00
7.736000000000000000e+03,9.889697589212423168e+01,0.000000000000000000e+00
7.737000000000000000e+03,1.020442518436667712e+02,0.000000000000000000e+00
7.738000000000000000e+03,1.027320445551900150e+02,0.000000000000000000e+00
7.739000000000000000e+03,9.811990382308702863e+01,0.000000000000000000e+00
7.740000000000000000e+03,1.022360031921423484e+02,0.000000000000000000e+00
7.741000000000000000e+03,1.006936636949529600e+02,0.000000000000000000e+00
7.742000000000000000e+03,1.080361671590225683e+02,0.000000000000000000e+00
7.743000000000000000e+03,1.034454596556011410e+02,0.000000000000000000e+00
7.744000000000000000e+03,1.056817970861483929e+02,0.000000000000000000e+00
7.745000000000000000e+03,9.357254067328041458e+01,0.000000000000000000e+00
7.746000000000000000e+03,1.016781189940046204e+02,0.000000000000000000e+00
7.747000000000000000e+03,1.012642022288818708e+02,0.000000000000000000e+00
7.748000000000000000e+03,9.939916700593913390e+01,0.000000000000000000e+00
7.749000000000000000e+03,9.974165679568532994e+01,0.000000000000000000e+00
7.750000000000000000e+03,9.710665724164253731e+01,0.000000000000000000e+00
7.751000000000000000e+03,1.017108118211086492e+02,0.000000000000000000e+00
7.752000000000000000e+03,1.020016797041393062e+02,0.000000000000000000e+00
7.753000000000000000e+03,1.011817818378793135e+02,0.000000000000000000e+00
7.754000000000000000e+03,1.048607262768877746e+02,0.000000000000000000e+00
7.755000000000000000e+03,1.017595697737435501e+02,0.000000000000000000e+00
7.756000000000000000e+03,1.022479571268212908e+02,0.000000000000000000e+00
7.757000000000000000e+03,9.799614661129957938e+01,0.000000000000000000e+00
7.758000000000000000e+03,9.979618561562540435e+01,0.000000000000000000e+00
7.759000000000000000e+03,1.000633741471661438e+02,0.000000000000000000e+00
7.760000000000000000e+03,9.859298946250443407e+01,0.000000000000000000e+00
7.761000000000000000e+03,1.048544227305546741e+02,0.000000000000000000e+00
7.762000000000000000e+03,9.963815206847645811e+01,0.000000000000000000e+00
7.763000000000000000e+03,9.687740814334532047e+01,0.000000000000000000e+00
7.764000000000000000e+03,9.962068491636198075e+01,0.000000000000000000e+00
7.765000000000000000e+03,1.060204768994818068e+02,0.000000000000000000e+00
7.766000000000000000e+03,9.939112027894211110e+01,0.000000000000000000e+00
7.767000000000000000e+03,1.041142774190185065e+02,0.000000000000000000e+00
7.768000000000000000e+03,1.026654387862950557e+02,0.000000000000000000e+00
7.769000000000000000e+03,9.684250442608720277e+01,0.000000000000000000e+00
7.770000000000000000e+03,1.039903079980175420e+02,0.000000000000000000e+00
7.771000000000000000e+03,9.006430323011639416e+01,0.000000000000000000e+00
7.772000000000000000e+03,1.023998120550476330e+02,0.000000000000000000e+00
7.773000000000000000e+03,1.006169258353209131e+02,0.000000000000000000e+00
7.774000000000000000e+03,1.092940933553793172e+02,0.000000000000000000e+00
7.775000000000000000e+03,1.007215131631345599e+02,0.000000000000000000e+00
7.776000000000000000e+03,9.818844131200431491e+01,0.000000000000000000e+00
7.777000000000000000e+03,1.079650673514470753e+02,0.000000000000000000e+00
7.778000000000000000e+03,1.027548514262752946e+02,0.000000000000000000e+00
7.779000000000000000e+03,1.045662902429797754e+02,0.000000000000000000e+00
7.780000000000000000e+03,9.760407384254709484e+01,0.000000000000000000e+00
7.781000000000000000e+03,1.017206873940566965e+02,0.000000000000000000e+00
7.782000000000000000e+03,1.021821717925540867e+02,0.000000000000000000e+00
7.783000000000000000e+03,1.000972648367741584e+02,0.000000000000000000e+00
7.784000000000000000e+03,1.011074389938280405e+02,0.000000000000000000e+00
7.785000000000000000e+03,1.004425835552920603e+02,0.000000000000000000e+00
7.786000000000000000e+03,1.036333909273266443e+02,0.000000000000000000e+00
7.787000000000000000e+03,1.047420855356287319e+02,0.000000000000000000e+00
7.788000000000000000e+03,1.059119205528540277e+02,0.000000000000000000e+00
7.789000000000000000e+03,1.008614118764903793e+02,0.000000000000000000e+00
7.790000000000000000e+03,9.860338682980727754e+01,0.000000000000000000e+00
7.791000000000000000e+03,9.307315975740040415e+01,0.000000000000000000e+00
7.792000000000000000e+03,1.004804610958249924e+02,0.000000000000000000e+00
7.793000000000000000e+03,1.043767075072479713e+02,0.000000000000000000e+00
7.794000000000000000e+03,9.787486921656153527e+01,0.000000000000000000e+00
7.795000000000000000e+03,1.057519749217783982e+02,0.000000000000000000e+00
7.796000000000000000e+03,9.876149451288750925e+01,0.000000000000000000e+00
7.797000000000000000e+03,1.031450254257723742e+02,0.000000000000000000e+00
7.798000000000000000e+03,1.043699529937939872e+02,0.000000000000000000e+00
7.799000000000000000e+03,1.038827915827372834e+02,0.000000000000000000e+00
7.800000000000000000e+03,9.709989717156345534e+01,0.000000000000000000e+00
7.801000000000000000e+03,1.066614219569949569e+02,0.000000000000000000e+00
7.802000000000000000e+03,1.051816042972386640e+02,0.000000000000000000e+00
7.803000000000000000e+03,1.014431577126235169e+02,0.000000000000000000e+00
7.804000000000000000e+03,1.011937269332178317e+02,0.000000000000000000e+00
7.805000000000000000e+03,9.620362352088250191e+01,0.000000000000000000e+00
7.806000000000000000e+03,1.040160766150929703e+02,0.000000000000000000e+00
7.807000000000000000e+03,9.928692415540484717e+01,0.000000000000000000e+00
7.808000000000000000e+03,9.664558379059324977e+01,0.000000000000000000e+00
7.809000000000000000e+03,1.011462554860823388e+02,0.000000000000000000e+00
7.810000000000000000e+03,9.707438125588035405e+01,0.000000000000000000e+00
7.811000000000000000e+03,1.015436751295725628e+02,0.000000000000000000e+00
7.812000000000000000e+03,9.704478898010955845e+01,0.000000000000000000e+00
7.813000000000000000e+03,1.027117283948408613e+02,0.000000000000000000e+00
7.814000000000000000e+03,1.032348126360926130e+02,0.000000000000000000e+00
7.815000000000000000e+03,1.039055592225650031e+02,0.000000000000000000e+00
7.816000000000000000e+03,1.055058007154561892e+02,0.000000000000000000e+00
7.817000000000000000e+03,1.040049558166318349e+02,0.000000000000000000e+00
7.818000000000000000e+03,1.033526527963627899e+02,0.000000000000000000e+00
7.819000000000000000e+03,1.043438242691659781e+02,0.000000000000000000e+00
7.820000000000000000e+03,1.072824991511598398e+02,0.000000000000000000e+00
7.821000000000000000e+03,1.070523641446833949e+02,0.000000000000000000e+00
7.822000000000000000e+03,9.870782664220853064e+01,0.000000000000000000e+00
7.823000000000000000e+03,1.010507072746979702e+02,0.000000000000000000e+00
7.824000000000000000e+03,1.067620918675265074e+02,0.000000000000000000e+00
7.825000000000000000e+03,1.005247981455752608e+02,0.000000000000000000e+00
7.826000000000000000e+03,1.049377160993988127e+02,0.000000000000000000e+00
7.827000000000000000e+03,1.017777859032439807e+02,0.000000000000000000e+00
7.828000000000000000e+03,9.949799976147001246e+01,0.000000000000000000e+00
7.829000000000000000e+03,1.068706591319115802e+02,0.000000000000000000e+00
7.830000000000000000e+03,9.967104018383116681e+01,0.000000000000000000e+00
7.831000000000000000e+03,1.006799961159185273e+02,0.000000000000000000e+00
7.832000000000000000e+03,1.005400920798882112e+02,0.000000000000000000e+00
7.833000000000000000e+03,1.038762579867417628e+02,0.000000000000000000e+00
7.834000000000000000e+03,1.033542985455840437e+02,0.000000000000000000e+00
7.835000000000000000e+03,1.054924851712312375e+02,0.000000000000000000e+00
7.836000000000000000e+03,1.062426391604865046e+02,0.000000000000000000e+00
7.837000000000000000e+03,9.632412333204413812e+01,0.000000000000000000e+00
7.838000000000000000e+03,1.060727954886953484e+02,0.000000000000000000e+00
7.839000000000000000e+03,1.095093829639965435e+02,0.000000000000000000e+00
7.840000000000000000e+03,1.006971336995929676e+02,0.000000000000000000e+00
7.841000000000000000e+03,9.846532554597764886e+01,0.000000000000000000e+00
7.842000000000000000e+03,1.001033956968624778e+02,0.000000000000000000e+00
7.843000000000000000e+03,9.990144623890454056e+01,0.000000000000000000e+00
7.844000000000000000e+03,1.042987023103358979e+02,0.000000000000000000e+00
7.845000000000000000e+03,1.060441347258050797e+02,0.000000000000000000e+00
7.846000000000000000e+03,1.009571680974588901e+02,0.000000000000000000e+00
7.847000000000000000e+03,1.041885605338685394e+02,0.000000000000000000e+00
7.848000000000000000e+03,1.015934698293973497e+02,0.000000000000000000e+00
7.849000000000000000e+03,9.584723015661620593e+01,0.000000000000000000e+00
7.850000000000000000e+03,9.809275277978326812e+01,0.000000000000000000e+00
7.851000000000000000e+03,9.924353870676743838e+01,0.000000000000000000e+00
7.852000000000000000e+03,9.564324043725419244e+01,0.000000000000000000e+00
7.853000000000000000e+03,1.004348519132796014e+02,0.000000000000000000e+00
7.854000000000000000e+03,1.001266174618877614e+02,0.000000000000000000e+00
7.855000000000000000e+03,1.040209383933354417e+02,0.000000000000000000e+00
7.856000000000000000e+03,9.594550678567483715e+01,0.000000000000000000e+00
7.857000000000000000e+03,1.036724861434762062e+02,0.000000000000000000e+00
7.858000000000000000e+03,1.066289045650429728e+02,0.000000000000000000e+00
7.859000000000000000e+03,9.967778794623554006e+01,0.000000000000000000e+00
7.860000000000000000e+03,1.038161093872553522e+02,0.000000000000000000e+00
7.861000000000000000e+03,9.989480068808917679e+01,0.000000000000000000e+00
7.862000000000000000e+03,1.003105525501547248e+02,0.000000000000000000e+00
7.863000000000000000e+03,9.616434742570613992e+01,0.000000000000000000e+00
7.864000000000000000e+03,9.577783133423254469e+01,0.000000000000000000e+00
7.865000000000000000e+03,1.025527925911813441e+02,0.000000000000000000e+00
7.866000000000000000e+03,9.876218806517788096e+01,0.000000000000000000e+00
7.867000000000000000e+03,9.827107458790638361e+01,0.000000000000000000e+00
7.868000000000000000e+03,1.047399541071964961e+02,0.000000000000000000e+00
7.869000000000000000e+03,9.999816847185124402e+01,0.000000000000000000e+00
7.870000000000000000e+03,1.026239977900367393e+02,0.000000000000000000e+00
7.871000000000000000e+03,1.016089970459339185e+02,0.000000000000000000e+00
7.872000000000000000e+03,9.899490516965398967e+01,0.000000000000000000e+00
7.873000000000000000e+03,1.094065506753647981e+02,0.000000000000000000e+00
7.874000000000000000e+03,1.016912644039668834e+02,0.000000000000000000e+00
7.875000000000000000e+03,1.013339206884855059e+02,0.000000000000000000e+00
7.876000000000000000e+03,9.726513565237665659e+01,0.000000000000000000e+00
7.877000000000000000e+03,1.073587929956293578e+02,0.000000000000000000e+00
7.878000000000000000e+03,1.045460466438485554e+02,0.000000000000000000e+00
7.879000000000000000e+03,1.005024325646848524e+02,0.000000000000000000e+00
7.880000000000000000e+03,1.007331571779516253e+02,0.000000000000000000e+00
7.881000000000000000e+03,1.072082997495352572e+02,0.000000000000000000e+00
7.882000000000000000e+03,1.036256122985234214e+02,0.000000000000000000e+00
7.883000000000000000e+03,9.800376618097091352e+01,0.000000000000000000e+00
7.884000000000000000e+03,9.883894333429911683e+01,0.000000000000000000e+00
7.885000000000000000e+03,9.685262619096481274e+01,0.000000000000000000e+00
7.886000000000000000e+03,1.051716816370601038e+02,0.000000000000000000e+00
7.887000000000000000e+03,1.012059067980236193e+02,0.000000000000000000e+00
7.888000000000000000e+03,1.030226614951497623e+02,0.000000000000000000e+00
7.889000000000000000e+03,1.031966235207282239e+02,0.000000000000000000e+00
7.890000000000000000e+03,1.019232991355866602e+02,0.000000000000000000e+00
7.891000000000000000e+03,9.710152010822469038e+01,0.000000000000000000e+00
7.892000000000000000e+03,1.079419851627802132e+02,0.000000000000000000e+00
7.893000000000000000e+03,1.073468689464089607e+02,0.000000000000000000e+00
7.894000000000000000e+03,1.045582418868400225e+02,0.000000000000000000e+00
7.895000000000000000e+03,9.795496627981630411e+01,0.000000000000000000e+00
7.896000000000000000e+03,1.042870985532810977e+02,0.000000000000000000e+00
7.897000000000000000e+03,1.016335474618676926e+02,0.000000000000000000e+00
7.898000000000000000e+03,9.920962602469927560e+01,0.000000000000000000e+00
7.899000000000000000e+03,9.977563553351421888e+01,0.000000000000000000e+00
7.900000000000000000e+03,1.053570214406300209e+02,0.000000000000000000e+00
7.901000000000000000e+03,9.645291825472234848e+01,0.000000000000000000e+00
7.902000000000000000e+03,9.489836434636175966e+01,0.000000000000000000e+00
7.903000000000000000e+03,1.000695328779115414e+02,0.000000000000000000e+00
7.904000000000000000e+03,9.644975819700948705e+01,0.000000000000000000e+00
7.905000000000000000e+03,1.076380624278925069e+02,0.000000000000000000e+00
7.906000000000000000e+03,9.569579313349521499e+01,0.000000000000000000e+00
7.907000000000000000e+03,1.031486761099288572e+02,0.000000000000000000e+00
7.908000000000000000e+03,1.067886774330017516e+02,0.000000000000000000e+00
7.909000000000000000e+03,1.012260277179252910e+02,0.000000000000000000e+00
7.910000000000000000e+03,1.024849630375596377e+02,0.000000000000000000e+00
7.911000000000000000e+03,1.072041115282211337e+02,0.000000000000000000e+00
7.912000000000000000e+03,1.011205585264935678e+02,0.000000000000000000e+00
7.913000000000000000e+03,1.027182684959671519e+02,0.000000000000000000e+00
7.914000000000000000e+03,9.944624786540911998e+01,0.000000000000000000e+00
7.915000000000000000e+03,1.017802752495683336e+02,0.000000000000000000e+00
7.916000000000000000e+03,9.950624641021478567e+01,0.000000000000000000e+00
7.917000000000000000e+03,1.041422471360438067e+02,0.000000000000000000e+00
7.918000000000000000e+03,1.041846720602278822e+02,0.000000000000000000e+00
7.919000000000000000e+03,1.055034813016597326e+02,0.000000000000000000e+00
7.920000000000000000e+03,9.976685244423711652e+01,0.000000000000000000e+00
7.921000000000000000e+03,1.011288925988389309e+02,0.000000000000000000e+00
7.922000000000000000e+03,9.933840133299568720e+01,0.000000000000000000e+00
7.923000000000000000e+03,9.892055140044706718e+01,0.000000000000000000e+00
7.924000000000000000e+03,9.838461901327077896e+01,0.000000000000000000e+00
7.925000000000000000e+03,9.909729332359481191e+01,0.000000000000000000e+00
7.926000000000000000e+03,9.093037269015874813e+01,0.000000000000000000e+00
7.927000000000000000e+03,9.967246453785371330e+01,0.000000000000000000e+00
7.928000000000000000e+03,1.036180975557808210e+02,0.000000000000000000e+00
7.929000000000000000e+03,1.022835494339642821e+02,0.000000000000000000e+00
7.930000000000000000e+03,1.067233834775872339e+02,0.000000000000000000e+00
7.931000000000000000e+03,1.023079404532942647e+02,0.000000000000000000e+00
7.932000000000000000e+03,1.037259927614415460e+02,0.000000000000000000e+00
7.933000000000000000e+03,9.721697753699913847e+01,0.000000000000000000e+00
7.934000000000000000e+03,1.003340486238800935e+02,0.000000000000000000e+00
7.935000000000000000e+03,9.659190718399281650e+01,0.000000000000000000e+00
7.936000000000000000e+03,1.001360046893587281e+02,0.000000000000000000e+00
7.937000000000000000e+03,9.577195792695582099e+01,0.000000000000000000e+00
7.938000000000000000e+03,1.018906699255455095e+02,0.000000000000000000e+00
7.939000000000000000e+03,1.025746970944390881e+02,0.000000000000000000e+00
7.940000000000000000e+03,1.001852140962582922e+02,0.000000000000000000e+00
7.941000000000000000e+03,1.026544255419785685e+02,0.000000000000000000e+00
7.942000000000000000e+03,1.028675554553821883e+02,0.000000000000000000e+00
7.943000000000000000e+03,1.041524537094401950e+02,0.000000000000000000e+00
7.944000000000000000e+03,9.935321610473634735e+01,0.000000000000000000e+00
7.945000000000000000e+03,1.050587146037049564e+02,0.000000000000000000e+00
7.946000000000000000e+03,1.058970174631725740e+02,0.000000000000000000e+00
7.947000000000000000e+03,1.075144035547547787e+02,0.000000000000000000e+00
7.948000000000000000e+03,1.002953236895091322e+02,0.000000000000000000e+00
7.949000000000000000e+03,1.060795969612294982e+02,0.000000000000000000e+00
7.950000000000000000e+03,1.044789039579101768e+02,0.000000000000000000e+00
7.951000000000000000e+03,9.550626887460160219e+01,0.000000000000000000e+00
7.952000000000000000e+03,9.354728697073221610e+01,0.000000000000000000e+00
7.953000000000000000e+03,1.053015336308484819e+02,0.000000000000000000e+00
7.954000000000000000e+03,1.074269373784650696e+02,0.000000000000000000e+00
7.955000000000000000e+03,1.030214766099121846e+02,0.000000000000000000e+00
7.956000000000000000e+03,1.048169526112490928e+02,0.000000000000000000e+00
7.957000000000000000e+03,1.007641710513478586e+02,0.000000000000000000e+00
7.958000000000000000e+03,9.651444497686837565e+01,0.000000000000000000e+00
7.959000000000000000e+03,1.037939709346436246e+02,0.000000000000000000e+00
7.960000000000000000e+03,1.009321318654986186e+02,0.000000000000000000e+00
7.961000000000000000e+03,1.012468778453306300e+02,0.000000000000000000e+00
7.962000000000000000e+03,9.347936750870979949e+01,0.000000000000000000e+00
7.963000000000000000e+03,1.034843907254970361e+02,0.000000000000000000e+00
7.964000000000000000e+03,1.009433823452523029e+02,0.000000000000000000e+00
7.965000000000000000e+03,1.057468129945687991e+02,0.000000000000000000e+00
7.966000000000000000e+03,1.044369620532257557e+02,0.000000000000000000e+00
7.967000000000000000e+03,9.200624743901499869e+01,0.000000000000000000e+00
7.968000000000000000e+03,1.074213212957192383e+02,0.000000000000000000e+00
7.969000000000000000e+03,9.788414961429876371e+01,0.000000000000000000e+00
7.970000000000000000e+03,9.563103854701294892e+01,0.000000000000000000e+00
7.971000000000000000e+03,1.102676029918340959e+02,0.000000000000000000e+00
7.972000000000000000e+03,1.051323845353032596e+02,0.000000000000000000e+00
7.973000000000000000e+03,1.009071545217268095e+02,0.000000000000000000e+00
7.974000000000000000e+03,1.113324359483878254e+02,0.000000000000000000e+00
7.975000000000000000e+03,1.010264482639578318e+02,0.000000000000000000e+00
7.976000000000000000e+03,9.851629266722802925e+01,0.000000000000000000e+00
7.977000000000000000e+03,9.872729170956576183e+01,0.000000000000000000e+00
7.978000000000000000e+03,9.219772053231969267e+01,0.000000000000000000e+00
7.979000000000000000e+03,9.779819778515799555e+01,0.000000000000000000e+00
7.980000000000000000e+03,9.655417920766741702e+01,0.000000000000000000e+00
7.981000000000000000e+03,9.806042606146830565e+01,0.000000000000000000e+00
7.982000000000000000e+03,9.563035627227957036e+01,0.000000000000000000e+00
7.983000000000000000e+03,9.737895687019312163e+01,0.000000000000000000e+00
7.984000000000000000e+03,1.039930663731759211e+02,0.000000000000000000e+00
7.985000000000000000e+03,9.235246992719922332e+01,0.000000000000000000e+00
7.986000000000000000e+03,9.741921012152907622e+01,0.000000000000000000e+00
7.987000000000000000e+03,1.071325715113476775e+02,0.000000000000000000e+00
7.988000000000000000e+03,9.764983438848808817e+01,0.000000000000000000e+00
7.989000000000000000e+03,1.004244792734691174e+02,0.000000000000000000e+00
7.990000000000000000e+03,1.013330993190498646e+02,0.000000000000000000e+00
7.991000000000000000e+03,9.828560479809129902e+01,0.000000000000000000e+00
7.992000000000000000e+03,9.958533984545844930e+01,0.000000000000000000e+00
7.993000000000000000e+03,1.023161369299359649e+02,0.000000000000000000e+00
7.994000000000000000e+03,1.049397799865424048e+02,0.000000000000000000e+00
7.995000000000000000e+03,1.016189390108623911e+02,0.000000000000000000e+00
7.996000000000000000e+03,1.049026139232591817e+02,0.000000000000000000e+00
7.997000000000000000e+03,9.707034776841800294e+01,0.000000000000000000e+00
7.998000000000000000e+03,1.037244311031516446e+02,0.000000000000000000e+00
7.999000000000000000e+03,9.633165996424959587e+01,0.000000000000000000e+00
8.000000000000000000e+03,9.609625699896024287e+01,0.000000000000000000e+00
8.001000000000000000e+03,1.060813964497430959e+02,0.000000000000000000e+00
8.002000000000000000e+03,9.796629003159920046e+01,0.000000000000000000e+00
8.003000000000000000e+03,1.026474339710445207e+02,0.000000000000000000e+00
8.004000000000000000e+03,1.028598423719718511e+02,0.000000000000000000e+00
8.005000000000000000e+03,1.011474470584285825e+02,0.000000000000000000e+00
8.006000000000000000e+03,1.074549682082961795e+02,0.000000000000000000e+00
8.007000000000000000e+03,9.981332184453182776e+01,0.000000000000000000e+00
8.008000000000000000e+03,1.031732944813218893e+02,0.000000000000000000e+00
8.009000000000000000e+03,1.042240049121250394e+02,0.000000000000000000e+00
8.010000000000000000e+03,9.547347700591217290e+01,0.000000000000000000e+00
8.011000000000000000e+03,1.000188907181117770e+02,0.000000000000000000e+00
8.012000000000000000e+03,1.050811461947171921e+02,0.000000000000000000e+00
8.013000000000000000e+03,1.070956154817737342e+02,0.000000000000000000e+00
8.014000000000000000e+03,1.036940006116572590e+02,0.000000000000000000e+00
8.015000000000000000e+03,9.801187187631978759e+01,0.000000000000000000e+00
8.016000000000000000e+03,1.042442637263128802e+02,0.000000000000000000e+00
8.017000000000000000e+03,1.021161036232243475e+02,0.000000000000000000e+00
8.018000000000000000e+03,1.067814512171067491e+02,0.000000000000000000e+00
8.019000000000000000e+03,1.044216654836096012e+02,0.000000000000000000e+00
8.020000000000000000e+03,1.054239444220341824e+02,0.000000000000000000e+00
8.021000000000000000e+03,9.857324581167497968e+01,0.000000000000000000e+00
8.022000000000000000e+03,1.033521357792364057e+02,0.000000000000000000e+00
8.023000000000000000e+03,9.980059375919378795e+01,0.000000000000000000e+00
8.024000000000000000e+03,9.737361744927659402e+01,0.000000000000000000e+00
8.025000000000000000e+03,9.607797282192562704e+01,0.000000000000000000e+00
8.026000000000000000e+03,9.662079719258728971e+01,0.000000000000000000e+00
8.027000000000000000e+03,1.046990149823073182e+02,0.000000000000000000e+00
8.028000000000000000e+03,1.020186425317709080e+02,0.000000000000000000e+00
8.029000000000000000e+03,1.059500821544889817e+02,0.000000000000000000e+00
8.030000000000000000e+03,1.007749987852274245e+02,0.000000000000000000e+00
8.031000000000000000e+03,1.015400770639743655e+02,0.000000000000000000e+00
8.032000000000000000e+03,1.006460273725034256e+02,0.000000000000000000e+00
8.033000000000000000e+03,1.054087892898748038e+02,0.000000000000000000e+00
8.034000000000000000e+03,1.017971822413891800e+02,0.000000000000000000e+00
8.035000000000000000e+03,1.013523286509883690e+02,0.000000000000000000e+00
8.036000000000000000e+03,1.016929166184313686e+02,0.000000000000000000e+00
8.037000000000000000e+03,1.008997089259958955e+02,0.000000000000000000e+00
8.038000000000000000e+03,9.579972173379542255e+01,0.000000000000000000e+00
8.039000000000000000e+03,9.984836468910850726e+01,0.000000000000000000e+00
8.040000000000000000e+03,9.979090739396032461e+01,0.000000000000000000e+00
8.041000000000000000e+03,1.032760089560714931e+02,0.000000000000000000e+00
8.042000000000000000e+03,1.085232798646355263e+02,0.000000000000000000e+00
8.043000000000000000e+03,9.905255189823699880e+01,0.000000000000000000e+00
8.044000000000000000e+03,9.826477945541259373e+01,0.000000000000000000e+00
8.045000000000000000e+03,9.591274428452271650e+01,0.000000000000000000e+00
8.046000000000000000e+03,9.592120620012474319e+01,0.000000000000000000e+00
8.047000000000000000e+03,9.923069813145757223e+01,0.000000000000000000e+00
8.048000000000000000e+03,9.880685338121365646e+01,0.000000000000000000e+00
8.049000000000000000e+03,1.044146167017605507e+02,0.000000000000000000e+00
8.050000000000000000e+03,1.053254957169409636e+02,0.000000000000000000e+00
8.051000000000000000e+03,9.842235774577233087e+01,0.000000000000000000e+00
8.052000000000000000e+03,1.045994529625169491e+02,0.000000000000000000e+00
8.053000000000000000e+03,1.011093277313791248e+02,0.000000000000000000e+00
8.054000000000000000e+03,1.048147923780454107e+02,0.000000000000000000e+00
8.055000000000000000e+03,1.018522455717202462e+02,0.000000000000000000e+00
8.056000000000000000e+03,1.044093422935154933e+02,0.000000000000000000e+00
8.057000000000000000e+03,1.047629554169583344e+02,0.000000000000000000e+00
8.058000000000000000e+03,1.025356404331802054e+02,0.000000000000000000e+00
8.059000000000000000e+03,9.857376593594040060e+01,0.000000000000000000e+00
8.060000000000000000e+03,1.040298601092040229e+02,0.000000000000000000e+00
8.061000000000000000e+03,9.976253948990448350e+01,0.000000000000000000e+00
8.062000000000000000e+03,1.041842429365323852e+02,0.000000000000000000e+00
8.063000000000000000e+03,1.047529360645288961e+02,0.000000000000000000e+00
8.064000000000000000e+03,1.017853642688456119e+02,0.000000000000000000e+00
8.065000000000000000e+03,1.045529246644422585e+02,0.000000000000000000e+00
8.066000000000000000e+03,1.038335759656065278e+02,0.000000000000000000e+00
8.067000000000000000e+03,1.011202653176667354e+02,0.000000000000000000e+00
8.068000000000000000e+03,9.956176163659553424e+01,0.000000000000000000e+00
8.069000000000000000e+03,1.093726827980781593e+02,0.000000000000000000e+00
8.070000000000000000e+03,1.013656466861780103e+02,0.000000000000000000e+00
8.071000000000000000e+03,9.964089670734151127e+01,0.000000000000000000e+00
8.072000000000000000e+03,1.033140374606664693e+02,0.000000000000000000e+00
8.073000000000000000e+03,9.773904451285639539e+01,0.000000000000000000e+00
8.074000000000000000e+03,1.060306094351669941e+02,0.000000000000000000e+00
8.075000000000000000e+03,1.053911540491864969e+02,0.000000000000000000e+00
8.076000000000000000e+03,1.011259003190027101e+02,0.000000000000000000e+00
8.077000000000000000e+03,1.034725421966998482e+02,0.000000000000000000e+00
8.078000000000000000e+03,1.049053870410537002e+02,0.000000000000000000e+00
8.079000000000000000e+03,1.028018548989617216e+02,0.000000000000000000e+00
8.080000000000000000e+03,1.025596764011267652e+02,0.000000000000000000e+00
8.081000000000000000e+03,9.630840053381353982e+01,0.000000000000000000e+00
8.082000000000000000e+03,9.975894972059982990e+01,0.000000000000000000e+00
8.083000000000000000e+03,1.061602367893714955e+02,0.000000000000000000e+00
8.084000000000000000e+03,1.063311237283745214e+02,0.000000000000000000e+00
8.085000000000000000e+03,1.007650666511676860e+02,0.000000000000000000e+00
8.086000000000000000e+03,1.014366750961737011e+02,0.000000000000000000e+00
8.087000000000000000e+03,1.022810625861252163e+02,0.000000000000000000e+00
8.088000000000000000e+03,1.004056385925226920e+02,0.000000000000000000e+00
8.089000000000000000e+03,9.844437455116873537e+01,0.000000000000000000e+00
8.090000000000000000e+03,9.960648902009488381e+01,0.000000000000000000e+00
8.091000000000000000e+03,9.897094119130068179e+01,0.000000000000000000e+00
8.092000000000000000e+03,9.928811180147380355e+01,0.000000000000000000e+00
8.093000000000000000e+03,1.005310264227462369e+02,0.000000000000000000e+00
8.094000000000000000e+03,1.028998249185734863e+02,0.000000000000000000e+00
8.095000000000000000e+03,1.022860137658289119e+02,0.000000000000000000e+00
8.096000000000000000e+03,1.019051647879342539e+02,0.000000000000000000e+00
8.097000000000000000e+03,9.822538085407487074e+01,0.000000000000000000e+00
8.098000000000000000e+03,1.008280606442686747e+02,0.000000000000000000e+00
8.099000000000000000e+03,1.049673183443529751e+02,0.000000000000000000e+00
8.100000000000000000e+03,1.014479199730551215e+02,0.000000000000000000e+00
8.101000000000000000e+03,9.406978832454922212e+01,0.000000000000000000e+00
8.102000000000000000e+03,1.060189794132786005e+02,0.000000000000000000e+00
8.103000000000000000e+03,9.982441710280812686e+01,0.000000000000000000e+00
8.104000000000000000e+03,1.007647052207946814e+02,0.000000000000000000e+00
8.105000000000000000e+03,1.057479174236240738e+02,0.000000000000000000e+00
8.106000000000000000e+03,1.005391699874649873e+02,0.000000000000000000e+00
8.107000000000000000e+03,9.732077274239048847e+01,0.000000000000000000e+00
8.108000000000000000e+03,9.741658303794261542e+01,0.000000000000000000e+00
8.109000000000000000e+03,9.819020694253637771e+01,0.000000000000000000e+00
8.110000000000000000e+03,9.747291223362135781e+01,0.000000000000000000e+00
8.111000000000000000e+03,9.898293198009211835e+01,0.000000000000000000e+00
8.112000000000000000e+03,9.965928460777047349e+01,0.000000000000000000e+00
8.113000000000000000e+03,1.019228323805713785e+02,0.000000000000000000e+00
8.114000000000000000e+03,9.984557474724455517e+01,0.000000000000000000e+00
8.115000000000000000e+03,1.024439376603553740e+02,0.000000000000000000e+00
8.116000000000000000e+03,1.010043554182272629e+02,0.000000000000000000e+00
8.117000000000000000e+03,1.056417734118520286e+02,0.000000000000000000e+00
8.118000000000000000e+03,9.736086960971213955e+01,0.000000000000000000e+00
8.119000000000000000e+03,1.013941032362808414e+02,0.000000000000000000e+00
8.120000000000000000e+03,9.691930662518399231e+01,0.000000000000000000e+00
8.121000000000000000e+03,1.049833700821064326e+02,0.000000000000000000e+00
8.122000000000000000e+03,9.583000965168795915e+01,0.000000000000000000e+00
8.123000000000000000e+03,9.677261006796074128e+01,0.000000000000000000e+00
8.124000000000000000e+03,9.966897794541429789e+01,0.000000000000000000e+00
8.125000000000000000e+03,9.894646658337846645e+01,0.000000000000000000e+00
8.126000000000000000e+03,9.677023437907523373e+01,0.000000000000000000e+00
8.127000000000000000e+03,1.007851373516782587e+02,0.000000000000000000e+00
8.128000000000000000e+03,9.911850104615824364e+01,0.000000000000000000e+00
8.129000000000000000e+03,1.040061495124209330e+02,0.000000000000000000e+00
8.130000000000000000e+03,1.039614669530867701e+02,0.000000000000000000e+00
8.131000000000000000e+03,1.025435598359431992e+02,0.000000000000000000e+00
8.132000000000000000e+03,1.073881425373853489e+02,0.000000000000000000e+00
8.133000000000000000e+03,9.724474174786334402e+01,0.000000000000000000e+00
8.134000000000000000e+03,1.011511164207979476e+02,0.000000000000000000e+00
8.135000000000000000e+03,1.019534556103687777e+02,0.000000000000000000e+00
8.136000000000000000e+03,1.007230409288080040e+02,0.000000000000000000e+00
8.137000000000000000e+03,1.053270783162585502e+02,0.000000000000000000e+00
8.138000000000000000e+03,1.047979966562688077e+02,0.000000000000000000e+00
8.139000000000000000e+03,1.021034036205997495e+02,0.000000000000000000e+00
8.140000000000000000e+03,1.014512342361066999e+02,0.000000000000000000e+00
8.141000000000000000e+03,1.078733246546964608e+02,0.000000000000000000e+00
8.142000000000000000e+03,1.052256376402905005e+02,0.000000000000000000e+00
8.143000000000000000e+03,1.000360139754739919e+02,0.000000000000000000e+00
8.144000000000000000e+03,1.018813128130017418e+02,0.000000000000000000e+00
8.145000000000000000e+03,9.957882970979301263e+01,0.000000000000000000e+00
8.146000000000000000e+03,9.844616180927835103e+01,0.000000000000000000e+00
8.147000000000000000e+03,1.031174292380517556e+02,0.000000000000000000e+00
8.148000000000000000e+03,1.024296682623745056e+02,0.000000000000000000e+00
8.149000000000000000e+03,1.017222179026404945e+02,0.000000000000000000e+00
8.150000000000000000e+03,1.017661500495098323e+02,0.000000000000000000e+00
8.151000000000000000e+03,9.861632385304214665e+01,0.000000000000000000e+00
8.152000000000000000e+03,1.122353636184365229e+02,0.000000000000000000e+00
8.153000000000000000e+03,1.060984301505767746e+02,0.000000000000000000e+00
8.154000000000000000e+03,1.044804957624893404e+02,0.000000000000000000e+00
8.155000000000000000e+03,1.063367917714808328e+02,0.000000000000000000e+00
8.156000000000000000e+03,9.615940939164963197e+01,0.000000000000000000e+00
8.157000000000000000e+03,1.056062005937569097e+02,0.000000000000000000e+00
8.158000000000000000e+03,1.027188696161397274e+02,0.000000000000000000e+00
8.159000000000000000e+03,1.055596330036449899e+02,0.000000000000000000e+00
8.160000000000000000e+03,1.023176631067273377e+02,0.000000000000000000e+00
8.161000000000000000e+03,9.674870390605823900e+01,0.000000000000000000e+00
8.162000000000000000e+03,9.971189499221202368e+01,0.000000000000000000e+00
8.163000000000000000e+03,9.985574020935261785e+01,0.000000000000000000e+00
8.164000000000000000e+03,1.000699985199752007e+02,0.000000000000000000e+00
8.165000000000000000e+03,1.043896524853750094e+02,0.000000000000000000e+00
8.166000000000000000e+03,9.976263075106724898e+01,0.000000000000000000e+00
8.167000000000000000e+03,9.819355919287038148e+01,0.000000000000000000e+00
8.168000000000000000e+03,1.030729505336655762e+02,0.000000000000000000e+00
8.169000000000000000e+03,9.235551211584211728e+01,0.000000000000000000e+00
8.170000000000000000e+03,1.012637467315934146e+02,0.000000000000000000e+00
8.171000000000000000e+03,1.023578359051193871e+02,0.000000000000000000e+00
8.172000000000000000e+03,9.881470585120918315e+01,0.000000000000000000e+00
8.173000000000000000e+03,1.016022539306216856e+02,0.000000000000000000e+00
8.174000000000000000e+03,1.042233951600761941e+02,0.000000000000000000e+00
8.175000000000000000e+03,9.925235524032372325e+01,0.000000000000000000e+00
8.176000000000000000e+03,1.067992475916209258e+02,0.000000000000000000e+00
8.177000000000000000e+03,1.035684721149924599e+02,0.000000000000000000e+00
8.178000000000000000e+03,1.006389403687337705e+02,0.000000000000000000e+00
8.179000000000000000e+03,9.787414632407103454e+01,0.000000000000000000e+00
8.180000000000000000e+03,9.680560698447978041e+01,0.000000000000000000e+00
8.181000000000000000e+03,9.857967732030745367e+01,0.000000000000000000e+00
8.182000000000000000e+03,9.950094784773330048e+01,0.000000000000000000e+00
8.183000000000000000e+03,1.014749671248547571e+02,0.000000000000000000e+00
8.184000000000000000e+03,1.018436122568290898e+02,0.000000000000000000e+00
8.185000000000000000e+03,9.753867018186477367e+01,0.000000000000000000e+00
8.186000000000000000e+03,9.376607295396341613e+01,0.000000000000000000e+00
8.187000000000000000e+03,9.573346584003277826e+01,0.000000000000000000e+00
8.188000000000000000e+03,1.036135517489785229e+02,0.000000000000000000e+00
8.189000000000000000e+03,1.022294739762965605e+02,0.000000000000000000e+00
8.190000000000000000e+03,1.060961279816863225e+02,0.000000000000000000e+00
8.191000000000000000e+03,1.004964228742933585e+02,0.000000000000000000e+00
8.192000000000000000e+03,1.073008953026351406e+02,0.000000000000000000e+00
8.193000000000000000e+03,1.030287686112319392e+02,0.000000000000000000e+00
8.194000000000000000e+03,1.015642081318109859e+02,0.000000000000000000e+00
8.195000000000000000e+03,9.806867995118993520e+01,0.000000000000000000e+00
8.196000000000000000e+03,1.035800950588163829e+02,0.000000000000000000e+00
8.197000000000000000e+03,1.003384190469601123e+02,0.000000000000000000e+00
8.198000000000000000e+03,9.731154009680813033e+01,0.000000000000000000e+00
8.199000000000000000e+03,1.037207464527385525e+02,0.000000000000000000e+00
8.200000000000000000e+03,1.062025896642951039e+02,0.000000000000000000e+00
8.201000000000000000e+03,9.985608891753444993e+01,0.000000000000000000e+00
8.202000000000000000e+03,9.887981204526572299e+01,0.000000000000000000e+00
8.203000000000000000e+03,9.960580202235689740e+01,0.000000000000000000e+00
8.204000000000000000e+03,1.064621995600510616e+02,0.000000000000000000e+00
8.205000000000000000e+03,1.035254029640697695e+02,0.000000000000000000e+00
8.206000000000000000e+03,9.917179383992825592e+01,0.000000000000000000e+00
8.207000000000000000e+03,1.001013786499376579e+02,0.000000000000000000e+00
8.208000000000000000e+03,1.035435218702600224e+02,0.000000000000000000e+00
8.209000000000000000e+03,9.644761494256594858e+01,0.000000000000000000e+00
8.210000000000000000e+03,9.923745052312500547e+01,0.000000000000000000e+00
8.211000000000000000e+03,1.028762963919006523e+02,0.000000000000000000e+00
8.212000000000000000e+03,1.007815626038217687e+02,0.000000000000000000e+00
8.213000000000000000e+03,1.048798866680831452e+02,0.000000000000000000e+00
8.214000000000000000e+03,9.412408798557441969e+01,0.000000000000000000e+00
8.215000000000000000e+03,9.976454018375183352e+01,0.000000000000000000e+00
8.216000000000000000e+03,1.037402909585288171e+02,0.000000000000000000e+00
8.217000000000000000e+03,1.081150799297941347e+02,0.000000000000000000e+00
8.218000000000000000e+03,1.014616144117424739e+02,0.000000000000000000e+00
8.219000000000000000e+03,1.030678672763720556e+02,0.000000000000000000e+00
8.220000000000000000e+03,1.032549641568484162e+02,0.000000000000000000e+00
8.221000000000000000e+03,1.010271120136402487e+02,0.000000000000000000e+00
8.222000000000000000e+03,9.499863528481171215e+01,0.000000000000000000e+00
8.223000000000000000e+03,1.009587477050559414e+02,0.000000000000000000e+00
8.224000000000000000e+03,1.004048529069052478e+02,0.000000000000000000e+00
8.225000000000000000e+03,9.911191796098395912e+01,0.000000000000000000e+00
8.226000000000000000e+03,9.671193385695947597e+01,0.000000000000000000e+00
8.227000000000000000e+03,1.019359460877516312e+02,0.000000000000000000e+00
8.228000000000000000e+03,1.033285710450281698e+02,0.000000000000000000e+00
8.229000000000000000e+03,1.017589584318629647e+02,0.000000000000000000e+00
8.230000000000000000e+03,9.722599041580861012e+01,0.000000000000000000e+00
8.231000000000000000e+03,1.086164649564871780e+02,0.000000000000000000e+00
8.232000000000000000e+03,1.001841783110782416e+02,0.000000000000000000e+00
8.233000000000000000e+03,9.719827169808989709e+01,0.000000000000000000e+00
8.234000000000000000e+03,1.037253261579044903e+02,0.000000000000000000e+00
8.235000000000000000e+03,1.036367327423434830e+02,0.000000000000000000e+00
8.236000000000000000e+03,9.868060343127469025e+01,0.000000000000000000e+00
8.237000000000000000e+03,1.001643405714590642e+02,0.000000000000000000e+00
8.238000000000000000e+03,1.099480644692685445e+02,0.000000000000000000e+00
8.239000000000000000e+03,1.037001579154372308e+02,0.000000000000000000e+00
8.240000000000000000e+03,1.026317883372994970e+02,0.000000000000000000e+00
8.241000000000000000e+03,1.035954963604720263e+02,0.000000000000000000e+00
8.242000000000000000e+03,1.029477122748572242e+02,0.000000000000000000e+00
8.243000000000000000e+03,1.033717862311982856e+02,0.000000000000000000e+00
8.244000000000000000e+03,1.003503072033317949e+02,0.000000000000000000e+00
8.245000000000000000e+03,1.030125638314408150e+02,0.000000000000000000e+00
8.246000000000000000e+03,9.378662889513857692e+01,0.000000000000000000e+00
8.247000000000000000e+03,1.071207342234432076e+02,0.000000000000000000e+00
8.248000000000000000e+03,1.005215450520731224e+02,0.000000000000000000e+00
8.249000000000000000e+03,1.008081932203896116e+02,0.000000000000000000e+00
8.250000000000000000e+03,9.802395603180283956e+01,0.000000000000000000e+00
8.251000000000000000e+03,1.007847060591791575e+02,0.000000000000000000e+00
8.252000000000000000e+03,1.045942343327913591e+02,0.000000000000000000e+00
8.253000000000000000e+03,1.048057520944608996e+02,0.000000000000000000e+00
8.254000000000000000e+03,1.007109868942537929e+02,0.000000000000000000e+00
8.255000000000000000e+03,1.021153018809334867e+02,0.000000000000000000e+00
8.256000000000000000e+03,1.033085878760354035e+02,0.000000000000000000e+00
8.257000000000000000e+03,1.057344855704135824e+02,0.000000000000000000e+00
8.258000000000000000e+03,1.064950133712817575e+02,0.000000000000000000e+00
8.259000000000000000e+03,1.036127838483087373e+02,0.000000000000000000e+00
8.260000000000000000e+03,9.755327999204295963e+01,0.000000000000000000e+00
8.261000000000000000e+03,1.032030414018905446e+02,0.000000000000000000e+00
8.262000000000000000e+03,1.001333808083921610e+02,0.000000000000000000e+00
8.263000000000000000e+03,1.089698808195656596e+02,0.000000000000000000e+00
8.264000000000000000e+03,1.061381041675142001e+02,0.000000000000000000e+00
8.265000000000000000e+03,1.012935304589599497e+02,0.000000000000000000e+00
8.266000000000000000e+03,1.017049539501364421e+02,0.000000000000000000e+00
8.267000000000000000e+03,9.873960218932789701e+01,0.000000000000000000e+00
8.268000000000000000e+03,1.109420488271550056e+02,0.000000000000000000e+00
8.269000000000000000e+03,1.065576078116508683e+02,0.000000000000000000e+00
8.270000000000000000e+03,1.002087159257641389e+02,0.000000000000000000e+00
8.271000000000000000e+03,9.587380301517637804e+01,0.000000000000000000e+00
8.272000000000000000e+03,1.037120527696715584e+02,0.000000000000000000e+00
8.273000000000000000e+03,1.067071836523055737e+02,0.000000000000000000e+00
8.274000000000000000e+03,1.033574244808982030e+02,0.000000000000000000e+00
8.275000000000000000e+03,1.036749567371957852e+02,0.000000000000000000e+00
8.276000000000000000e+03,9.568086488726247296e+01,0.000000000000000000e+00
8.277000000000000000e+03,1.012818661949300605e+02,0.000000000000000000e+00
8.278000000000000000e+03,1.001882139157388565e+02,0.000000000000000000e+00
8.279000000000000000e+03,9.921194361889556035e+01,0.000000000000000000e+00
8.280000000000000000e+03,1.045893306650437182e+02,0.000000000000000000e+00
8.281000000000000000e+03,9.847297590827595570e+01,0.000000000000000000e+00
8.282000000000000000e+03,9.802206056509977827e+01,0.000000000000000000e+00
8.283000000000000000e+03,1.042670366963605062e+02,0.000000000000000000e+00
8.284000000000000000e+03,9.526520113712969362e+01,0.000000000000000000e+00
8.285000000000000000e+03,9.976038010204628392e+01,0.000000000000000000e+00
8.286000000000000000e+03,9.742292987464870180e+01,0.000000000000000000e+00
8.287000000000000000e+03,9.919482066743502457e+01,0.000000000000000000e+00
8.288000000000000000e+03,1.022960786130246191e+02,0.000000000000000000e+00
8.289000000000000000e+03,1.004686755194808399e+02,0.000000000000000000e+00
8.290000000000000000e+03,1.031515136725182771e+02,0.000000000000000000e+00
8.291000000000000000e+03,1.048754634179559702e+02,0.000000000000000000e+00
8.292000000000000000e+03,1.043126936542004586e+02,0.000000000000000000e+00
8.293000000000000000e+03,1.067556128269955167e+02,0.000000000000000000e+00
8.294000000000000000e+03,1.026349023298993473e+02,0.000000000000000000e+00
8.295000000000000000e+03,1.013689811996998742e+02,0.000000000000000000e+00
8.296000000000000000e+03,1.021327140536040474e+02,0.000000000000000000e+00
8.297000000000000000e+03,1.056849172829336538e+02,0.000000000000000000e+00
8.298000000000000000e+03,1.001554178084573010e+02,0.000000000000000000e+00
8.299000000000000000e+03,1.054249371720105160e+02,0.000000000000000000e+00
8.300000000000000000e+03,1.047140942768698153e+02,0.000000000000000000e+00
8.301000000000000000e+03,9.581815047897022453e+01,0.000000000000000000e+00
8.302000000000000000e+03,9.440335683067308992e+01,0.000000000000000000e+00
8.303000000000000000e+03,9.073423559082647216e+01,0.000000000000000000e+00
8.304000000000000000e+03,9.744561763609388549e+01,0.000000000000000000e+00
8.305000000000000000e+03,1.015744155100206996e+02,0.000000000000000000e+00
8.306000000000000000e+03,9.601911516663066948e+01,0.000000000000000000e+00
8.307000000000000000e+03,1.018513551546928113e+02,0.000000000000000000e+00
8.308000000000000000e+03,1.012220293683680126e+02,0.000000000000000000e+00
8.309000000000000000e+03,9.648594735220106600e+01,0.000000000000000000e+00
8.310000000000000000e+03,1.038769084055711573e+02,0.000000000000000000e+00
8.311000000000000000e+03,1.065068788680893732e+02,0.000000000000000000e+00
8.312000000000000000e+03,1.054845770816452557e+02,0.000000000000000000e+00
8.313000000000000000e+03,1.016329014544232763e+02,0.000000000000000000e+00
8.314000000000000000e+03,1.023166916908269144e+02,0.000000000000000000e+00
8.315000000000000000e+03,1.003179759755995804e+02,0.000000000000000000e+00
8.316000000000000000e+03,1.056304546393109973e+02,0.000000000000000000e+00
8.317000000000000000e+03,9.572711203841265615e+01,0.000000000000000000e+00
8.318000000000000000e+03,1.049841661821262875e+02,0.000000000000000000e+00
8.319000000000000000e+03,1.068675565860518617e+02,0.000000000000000000e+00
8.320000000000000000e+03,9.991207710896611616e+01,0.000000000000000000e+00
8.321000000000000000e+03,1.029060361819160221e+02,0.000000000000000000e+00
8.322000000000000000e+03,1.026168286050466065e+02,0.000000000000000000e+00
8.323000000000000000e+03,9.953304911224667251e+01,0.000000000000000000e+00
8.324000000000000000e+03,1.038169142948406574e+02,0.000000000000000000e+00
8.325000000000000000e+03,1.032870240818406984e+02,0.000000000000000000e+00
8.326000000000000000e+03,1.035416085882065431e+02,0.000000000000000000e+00
8.327000000000000000e+03,9.585014321722424313e+01,0.000000000000000000e+00
8.328000000000000000e+03,1.069889468384795777e+02,0.000000000000000000e+00
8.329000000000000000e+03,1.019285878943597083e+02,0.000000000000000000e+00
8.330000000000000000e+03,9.992402674679584607e+01,0.000000000000000000e+00
8.331000000000000000e+03,1.084138986084361420e+02,0.000000000000000000e+00
8.332000000000000000e+03,1.036897260103895633e+02,0.000000000000000000e+00
8.333000000000000000e+03,9.959383017279139949e+01,0.000000000000000000e+00
8.334000000000000000e+03,1.017941171627228840e+02,0.000000000000000000e+00
8.335000000000000000e+03,1.059280179812160441e+02,0.000000000000000000e+00
8.336000000000000000e+03,9.851847284594343535e+01,0.000000000000000000e+00
8.337000000000000000e+03,9.408446051325290682e+01,0.000000000000000000e+00
8.338000000000000000e+03,1.005943530374544537e+02,0.000000000000000000e+00
8.339000000000000000e+03,1.029762144521515097e+02,0.000000000000000000e+00
8.340000000000000000e+03,1.022097415529240720e+02,0.000000000000000000e+00
8.341000000000000000e+03,9.873085221695011171e+01,0.000000000000000000e+00
8.342000000000000000e+03,1.019812036360155076e+02,0.000000000000000000e+00
8.343000000000000000e+03,1.090694888814530401e+02,0.000000000000000000e+00
8.344000000000000000e+03,1.033715123700904854e+02,0.000000000000000000e+00
8.345000000000000000e+03,1.053704931732631991e+02,0.000000000000000000e+00
8.346000000000000000e+03,1.073708951553916222e+02,0.000000000000000000e+00
8.347000000000000000e+03,9.710737999829547107e+01,0.000000000000000000e+00
8.348000000000000000e+03,9.992043089167142966e+01,0.000000000000000000e+00
8.349000000000000000e+03,1.030110195283221941e+02,0.000000000000000000e+00
8.350000000000000000e+03,1.030332503297103415e+02,0.000000000000000000e+00
8.351000000000000000e+03,1.019015270743555277e+02,0.000000000000000000e+00
8.352000000000000000e+03,9.271548488233635510e+01,0.000000000000000000e+00
8.353000000000000000e+03,1.000829815874754019e+02,0.000000000000000000e+00
8.354000000000000000e+03,1.030060810383038472e+02,0.000000000000000000e+00
8.355000000000000000e+03,9.976095767870823749e+01,0.000000000000000000e+00
8.356000000000000000e+03,1.015550470811370047e+02,0.000000000000000000e+00
8.357000000000000000e+03,1.085934761261891310e+02,0.000000000000000000e+00
8.358000000000000000e+03,1.061995940665817386e+02,0.000000000000000000e+00
8.359000000000000000e+03,1.046129346318813873e+02,0.000000000000000000e+00
8.360000000000000000e+03,1.015019572528636047e+02,0.000000000000000000e+00
8.361000000000000000e+03,1.067532138712725072e+02,0.000000000000000000e+00
8.362000000000000000e+03,1.009038712766232919e+02,0.000000000000000000e+00
8.363000000000000000e+03,1.001661955119837160e+02,0.000000000000000000e+00
8.364000000000000000e+03,1.023942380429620300e+02,0.000000000000000000e+00
8.365000000000000000e+03,1.041127831959462071e+02,0.000000000000000000e+00
8.366000000000000000e+03,9.827606761035659133e+01,0.000000000000000000e+00
8.367000000000000000e+03,1.063646676989327347e+02,0.000000000000000000e+00
8.368000000000000000e+03,9.773695824333790938e+01,0.000000000000000000e+00
8.369000000000000000e+03,1.005882698284491852e+02,0.000000000000000000e+00
8.370000000000000000e+03,9.928986819209499970e+01,0.000000000000000000e+00
8.371000000000000000e+03,1.029016220861302173e+02,0.000000000000000000e+00
8.372000000000000000e+03,1.034539454159316136e+02,0.000000000000000000e+00
8.373000000000000000e+03,1.006465721116086343e+02,0.000000000000000000e+00
8.374000000000000000e+03,9.969129603107924709e+01,0.000000000000000000e+00
8.375000000000000000e+03,1.010584916301361886e+02,0.000000000000000000e+00
8.376000000000000000e+03,9.886808233094575371e+01,0.000000000000000000e+00
8.377000000000000000e+03,1.016408465959184468e+02,0.000000000000000000e+00
8.378000000000000000e+03,1.043721216081747798e+02,0.000000000000000000e+00
8.379000000000000000e+03,1.056744393331263296e+02,0.000000000000000000e+00
8.380000000000000000e+03,9.954631298675624862e+01,0.000000000000000000e+00
8.381000000000000000e+03,1.060772805538073555e+02,0.000000000000000000e+00
8.382000000000000000e+03,9.826287016782751493e+01,0.000000000000000000e+00
8.383000000000000000e+03,9.891610784384472765e+01,0.000000000000000000e+00
8.384000000000000000e+03,1.016997681101400985e+02,0.000000000000000000e+00
8.385000000000000000e+03,1.026087736960724897e+02,0.000000000000000000e+00
8.386000000000000000e+03,9.811855403758382010e+01,0.000000000000000000e+00
8.387000000000000000e+03,9.692751018867548396e+01,0.000000000000000000e+00
8.388000000000000000e+03,1.044800496035469166e+02,0.000000000000000000e+00
8.389000000000000000e+03,9.873951881530855701e+01,0.000000000000000000e+00
8.390000000000000000e+03,9.509059796143623089e+01,0.000000000000000000e+00
8.391000000000000000e+03,1.002292688244929337e+02,0.000000000000000000e+00
8.392000000000000000e+03,9.970200151382809395e+01,0.000000000000000000e+00
8.393000000000000000e+03,1.014313599464463209e+02,0.000000000000000000e+00
8.394000000000000000e+03,1.012197907136733477e+02,0.000000000000000000e+00
8.395000000000000000e+03,9.532403672141305151e+01,0.000000000000000000e+00
8.396000000000000000e+03,1.130604285577872758e+02,0.000000000000000000e+00
8.397000000000000000e+03,1.007133513054045579e+02,0.000000000000000000e+00
8.398000000000000000e+03,9.784006495419045280e+01,0.000000000000000000e+00
8.399000000000000000e+03,1.007608533688682542e+02,0.000000000000000000e+00
8.400000000000000000e+03,9.981320762593961149e+01,0.000000000000000000e+00
8.401000000000000000e+03,1.036264083964951510e+02,0.000000000000000000e+00
8.402000000000000000e+03,1.092014870520139169e+02,0.000000000000000000e+00
8.403000000000000000e+03,1.017115765022182501e+02,0.000000000000000000e+00
8.404000000000000000e+03,9.590982822796684104e+01,0.000000000000000000e+00
8.405000000000000000e+03,9.206592550493658678e+01,0.000000000000000000e+00
8.406000000000000000e+03,1.036597871065730629e+02,0.000000000000000000e+00
8.407000000000000000e+03,1.028818313476188848e+02,0.000000000000000000e+00
8.408000000000000000e+03,1.044926803513974960e+02,0.000000000000000000e+00
8.409000000000000000e+03,9.825086594312399768e+01,0.000000000000000000e+00
8.410000000000000000e+03,1.000164713466167115e+02,0.000000000000000000e+00
8.411000000000000000e+03,9.986983765344419339e+01,0.000000000000000000e+00
8.412000000000000000e+03,9.839366031135386947e+01,0.000000000000000000e+00
8.413000000000000000e+03,9.484505411810047804e+01,0.000000000000000000e+00
8.414000000000000000e+03,9.795149990566414999e+01,0.000000000000000000e+00
8.415000000000000000e+03,1.008366824181186701e+02,0.000000000000000000e+00
8.416000000000000000e+03,1.058224714550845391e+02,0.000000000000000000e+00
8.417000000000000000e+03,1.020600254031602674e+02,0.000000000000000000e+00
8.418000000000000000e+03,9.842797909934188283e+01,0.000000000000000000e+00
8.419000000000000000e+03,1.090668872806521676e+02,0.000000000000000000e+00
8.420000000000000000e+03,9.768956176703835581e+01,0.000000000000000000e+00
8.421000000000000000e+03,9.839466979264977908e+01,0.000000000000000000e+00
8.422000000000000000e+03,9.647173591025774897e+01,0.000000000000000000e+00
8.423000000000000000e+03,9.828222927815562571e+01,0.000000000000000000e+00
8.424000000000000000e+03,1.017643707684554784e+02,0.000000000000000000e+00
8.425000000000000000e+03,1.031436615297977681e+02,0.000000000000000000e+00
8.426000000000000000e+03,1.042640081698832120e+02,0.000000000000000000e+00
8.427000000000000000e+03,1.089765072927166472e+02,0.000000000000000000e+00
8.428000000000000000e+03,9.884689104948857619e+01,0.000000000000000000e+00
8.429000000000000000e+03,1.044278413655831628e+02,0.000000000000000000e+00
8.430000000000000000e+03,1.029934165535021435e+02,0.000000000000000000e+00
8.431000000000000000e+03,1.017294941342333914e+02,0.000000000000000000e+00
8.432000000000000000e+03,1.047906772472944397e+02,0.000000000000000000e+00
8.433000000000000000e+03,9.909608562557178857e+01,0.000000000000000000e+00
8.434000000000000000e+03,1.030392570100676011e+02,0.000000000000000000e+00
8.435000000000000000e+03,1.087539969637864061e+02,0.000000000000000000e+00
8.436000000000000000e+03,1.095449825949868909e+02,0.000000000000000000e+00
8.437000000000000000e+03,1.048843886697679579e+02,0.000000000000000000e+00
8.438000000000000000e+03,9.979527808206124462e+01,0.000000000000000000e+00
8.439000000000000000e+03,1.007922281535390852e+02,0.000000000000000000e+00
8.440000000000000000e+03,1.005626326231815426e+02,0.000000000000000000e+00
8.441000000000000000e+03,1.029973261792449932e+02,0.000000000000000000e+00
8.442000000000000000e+03,9.871172167116671403e+01,0.000000000000000000e+00
8.443000000000000000e+03,1.060555138831588948e+02,0.000000000000000000e+00
8.444000000000000000e+03,1.014540488704798520e+02,0.000000000000000000e+00
8.445000000000000000e+03,9.714218185366389946e+01,0.000000000000000000e+00
8.446000000000000000e+03,1.007400791723503630e+02,0.000000000000000000e+00
8.447000000000000000e+03,9.976453420443482401e+01,0.000000000000000000e+00
8.448000000000000000e+03,9.882960185148101573e+01,0.000000000000000000e+00
8.449000000000000000e+03,9.901752195847947746e+01,0.000000000000000000e+00
8.450000000000000000e+03,1.017330300569758350e+02,0.000000000000000000e+00
8.451000000000000000e+03,1.004060507744946165e+02,0.000000000000000000e+00
8.452000000000000000e+03,9.890045202370392019e+01,0.000000000000000000e+00
8.453000000000000000e+03,1.009802123776149045e+02,0.000000000000000000e+00
8.454000000000000000e+03,1.012132276450962678e+02,0.000000000000000000e+00
8.455000000000000000e+03,1.014767633492743357e+02,0.000000000000000000e+00
8.456000000000000000e+03,9.867293989108361529e+01,0.000000000000000000e+00
8.457000000000000000e+03,1.091107393985702601e+02,0.000000000000000000e+00
8.458000000000000000e+03,9.723056169846969965e+01,0.000000000000000000e+00
8.459000000000000000e+03,1.037356857904454444e+02,0.000000000000000000e+00
8.460000000000000000e+03,1.036425438897675235e+02,0.000000000000000000e+00
8.461000000000000000e+03,1.022638259536916223e+02,0.000000000000000000e+00
8.462000000000000000e+03,1.039353983194027506e+02,0.000000000000000000e+00
8.463000000000000000e+03,1.023974547603982330e+02,0.000000000000000000e+00
8.464000000000000000e+03,9.665325415667568620e+01,0.000000000000000000e+00
8.465000000000000000e+03,1.022175139042981868e+02,0.000000000000000000e+00
8.466000000000000000e+03,1.116024301691586089e+02,0.000000000000000000e+00
8.467000000000000000e+03,1.084259676155544128e+02,0.000000000000000000e+00
8.468000000000000000e+03,1.005170853427357116e+02,0.000000000000000000e+00
8.469000000000000000e+03,9.599346170938733280e+01,0.000000000000000000e+00
8.470000000000000000e+03,9.842251169241892228e+01,0.000000000000000000e+00
8.471000000000000000e+03,9.648302320422047273e+01,0.000000000000000000e+00
8.472000000000000000e+03,1.088480187211868753e+02,0.000000000000000000e+00
8.473000000000000000e+03,1.028920196268406499e+02,0.000000000000000000e+00
8.474000000000000000e+03,1.046014390446851223e+02,0.000000000000000000e+00
8.475000000000000000e+03,1.044387989271176025e+02,0.000000000000000000e+00
8.476000000000000000e+03,9.184655969244687412e+01,0.000000000000000000e+00
8.477000000000000000e+03,1.016850714914383502e+02,0.000000000000000000e+00
8.478000000000000000e+03,1.003458018821659579e+02,0.000000000000000000e+00
8.479000000000000000e+03,9.841717120730967849e+01,0.000000000000000000e+00
8.480000000000000000e+03,1.039399731478997779e+02,0.000000000000000000e+00
8.481000000000000000e+03,1.021332117922541158e+02,0.000000000000000000e+00
8.482000000000000000e+03,9.462868982661724715e+01,0.000000000000000000e+00
8.483000000000000000e+03,1.032100220148942782e+02,0.000000000000000000e+00
8.484000000000000000e+03,1.011085569598621845e+02,0.000000000000000000e+00
8.485000000000000000e+03,1.037946632878820452e+02,0.000000000000000000e+00
8.486000000000000000e+03,1.042741109372533401e+02,0.000000000000000000e+00
8.487000000000000000e+03,1.001938938021102814e+02,0.000000000000000000e+00
8.488000000000000000e+03,1.006358153118042509e+02,0.000000000000000000e+00
8.489000000000000000e+03,1.026747034150321269e+02,0.000000000000000000e+00
8.490000000000000000e+03,9.748308361085874196e+01,0.000000000000000000e+00
8.491000000000000000e+03,1.023774138346032174e+02,0.000000000000000000e+00
8.492000000000000000e+03,1.002310387773886475e+02,0.000000000000000000e+00
8.493000000000000000e+03,9.904251225320622609e+01,0.000000000000000000e+00
8.494000000000000000e+03,1.020064873215413144e+02,0.000000000000000000e+00
8.495000000000000000e+03,9.931346936485860510e+01,0.000000000000000000e+00
8.496000000000000000e+03,9.622757863297070458e+01,0.000000000000000000e+00
8.497000000000000000e+03,9.784468374356252696e+01,0.000000000000000000e+00
8.498000000000000000e+03,1.023689924471346444e+02,0.000000000000000000e+00
8.499000000000000000e+03,1.013856898472903367e+02,0.000000000000000000e+00
8.500000000000000000e+03,1.063664159963152969e+02,0.000000000000000000e+00
8.501000000000000000e+03,1.036896653414960809e+02,0.000000000000000000e+00
8.502000000000000000e+03,1.022363842548545989e+02,0.000000000000000000e+00
8.503000000000000000e+03,9.851899590350004132e+01,0.000000000000000000e+00
8.504000000000000000e+03,1.034807282884660964e+02,0.000000000000000000e+00
8.505000000000000000e+03,9.941406280583773025e+01,0.000000000000000000e+00
8.506000000000000000e+03,9.555291054013291330e+01,0.000000000000000000e+00
8.507000000000000000e+03,9.879278074687293554e+01,0.000000000000000000e+00
8.508000000000000000e+03,1.000909344962471437e+02,0.000000000000000000e+00
8.509000000000000000e+03,9.700664554843052656e+01,0.000000000000000000e+00
8.510000000000000000e+03,1.020235866455003446e+02,0.000000000000000000e+00
8.511000000000000000e+03,9.572354052924134749e+01,0.000000000000000000e+00
8.512000000000000000e+03,1.047288885531078222e+02,0.000000000000000000e+00
8.513000000000000000e+03,9.979001974154209620e+01,0.000000000000000000e+00
8.514000000000000000e+03,1.094439706185173407e+02,0.000000000000000000e+00
8.515000000000000000e+03,9.782426236301044753e+01,0.000000000000000000e+00
8.516000000000000000e+03,1.023680185818866164e+02,0.000000000000000000e+00
8.517000000000000000e+03,1.067490171035694431e+02,0.000000000000000000e+00
8.518000000000000000e+03,9.176468950384168011e+01,0.000000000000000000e+00
8.519000000000000000e+03,9.726261388293799826e+01,0.000000000000000000e+00
8.520000000000000000e+03,1.071008874313926071e+02,0.000000000000000000e+00
8.521000000000000000e+03,1.063125660660005281e+02,0.000000000000000000e+00
8.522000000000000000e+03,1.043659956934742183e+02,0.000000000000000000e+00
8.523000000000000000e+03,9.791818364864197122e+01,0.000000000000000000e+00
8.524000000000000000e+03,9.720608121152879733e+01,0.000000000000000000e+00
8.525000000000000000e+03,1.001496693528645636e+02,0.000000000000000000e+00
8.526000000000000000e+03,1.075369749438802813e+02,0.000000000000000000e+00
8.527000000000000000e+03,1.048600005125470602e+02,0.000000000000000000e+00
8.528000000000000000e+03,1.047012345834715177e+02,0.000000000000000000e+00
8.529000000000000000e+03,1.007972891641775277e+02,0.000000000000000000e+00
8.530000000000000000e+03,1.012115044759746354e+02,0.000000000000000000e+00
8.531000000000000000e+03,9.976896554734018707e+01,0.000000000000000000e+00
8.532000000000000000e+03,9.830636337051056728e+01,0.000000000000000000e+00
8.533000000000000000e+03,1.050777680952413533e+02,0.000000000000000000e+00
8.534000000000000000e+03,9.584275261741646545e+01,0.000000000000000000e+00
8.535000000000000000e+03,1.019863986357019314e+02,0.000000000000000000e+00
8.536000000000000000e+03,9.472132528309184352e+01,0.000000000000000000e+00
8.537000000000000000e+03,9.793775170594386736e+01,0.000000000000000000e+00
8.538000000000000000e+03,1.029679285080478621e+02,0.000000000000000000e+00
8.539000000000000000e+03,1.033035038903027072e+02,0.000000000000000000e+00
8.540000000000000000e+03,9.232412945396573889e+01,0.000000000000000000e+00
8.541000000000000000e+03,1.062208667891900689e+02,0.000000000000000000e+00
8.542000000000000000e+03,1.041458378791845263e+02,0.000000000000000000e+00
8.543000000000000000e+03,1.004541025002445025e+02,0.000000000000000000e+00
8.544000000000000000e+03,9.673751676102190800e+01,0.000000000000000000e+00
8.545000000000000000e+03,9.947616576301923885e+01,0.000000000000000000e+00
8.546000000000000000e+03,1.059320811618764679e+02,0.000000000000000000e+00
8.547000000000000000e+03,1.112390117187132006e+02,0.000000000000000000e+00
8.548000000000000000e+03,1.041952888712110479e+02,0.000000000000000000e+00
8.549000000000000000e+03,9.797210756131526921e+01,0.000000000000000000e+00
8.550000000000000000e+03,1.022535031472306599e+02,0.000000000000000000e+00
8.551000000000000000e+03,1.058316166126665649e+02,0.000000000000000000e+00
8.552000000000000000e+03,9.585312025051899809e+01,0.000000000000000000e+00
8.553000000000000000e+03,1.025376808618293154e+02,0.000000000000000000e+00
8.554000000000000000e+03,9.972502078117551605e+01,0.000000000000000000e+00
8.555000000000000000e+03,1.073695454263833966e+02,1.000000000000000000e+00
8.556000000000000000e+03,1.037437522634678686e+02,1.000000000000000000e+00
8.557000000000000000e+03,1.112246665183758978e+02,1.000000000000000000e+00
8.558000000000000000e+03,1.104520996247889286e+02,1.000000000000000000e+00
8.559000000000000000e+03,1.064641727653480388e+02,1.000000000000000000e+00
8.560000000000000000e+03,1.210184873072236655e+02,1.000000000000000000e+00
8.561000000000000000e+03,1.194521633296111816e+02,1.000000000000000000e+00
8.562000000000000000e+03,1.218083933632604783e+02,1.000000000000000000e+00
8.563000000000000000e+03,1.383599979717618282e+02,1.000000000000000000e+00
8.564000000000000000e+03,1.473517944907580954e+02,1.000000000000000000e+00
8.565000000000000000e+03,1.494726710432584014e+02,1.000000000000000000e+00
8.566000000000000000e+03,1.612514224361211745e+02,1.000000000000000000e+00
8.567000000000000000e+03,1.689531055438993690e+02,1.000000000000000000e+00
8.568000000000000000e+03,1.763723505818176136e+02,1.000000000000000000e+00
8.569000000000000000e+03,1.839857221521274369e+02,1.000000000000000000e+00
8.570000000000000000e+03,1.822296416328099440e+02,1.000000000000000000e+00
8.571000000000000000e+03,1.795312084636723000e+02,1.000000000000000000e+00
8.572000000000000000e+03,1.822184327124230947e+02,1.000000000000000000e+00
8.573000000000000000e+03,1.762475494412294097e+02,1.000000000000000000e+00
8.574000000000000000e+03,1.795335424063577534e+02,1.000000000000000000e+00
8.575000000000000000e+03,1.833332392842675347e+02,1.000000000000000000e+00
8.576000000000000000e+03,1.734311385407233388e+02,1.000000000000000000e+00
8.577000000000000000e+03,1.816288685053141876e+02,1.000000000000000000e+00
8.578000000000000000e+03,1.792778421179980342e+02,1.000000000000000000e+00
8.579000000000000000e+03,1.738765110926722741e+02,1.000000000000000000e+00
8.580000000000000000e+03,1.766646662343707987e+02,1.000000000000000000e+00
8.581000000000000000e+03,1.796460902462686420e+02,1.000000000000000000e+00
8.582000000000000000e+03,1.784946126466913370e+02,1.000000000000000000e+00
8.583000000000000000e+03,1.759216423150477908e+02,1.000000000000000000e+00
8.584000000000000000e+03,1.781291728634789706e+02,1.000000000000000000e+00
8.585000000000000000e+03,1.735989855272396198e+02,1.000000000000000000e+00
8.586000000000000000e+03,1.743605972317776605e+02,1.000000000000000000e+00
8.587000000000000000e+03,1.733037212534400169e+02,1.000000000000000000e+00
8.588000000000000000e+03,1.714742556659261368e+02,1.000000000000000000e+00
8.589000000000000000e+03,1.741564033578932822e+02,1.000000000000000000e+00
8.590000000000000000e+03,1.757037818232333279e+02,1.000000000000000000e+00
8.591000000000000000e+03,1.605614833698719508e+02,1.000000000000000000e+00
8.592000000000000000e+03,1.663253161329049590e+02,1.000000000000000000e+00
8.593000000000000000e+03,1.650545090372696109e+02,1.000000000000000000e+00
8.594000000000000000e+03,1.581917546489698054e+02,1.000000000000000000e+00
8.595000000000000000e+03,1.531449202111412262e+02,1.000000000000000000e+00
8.596000000000000000e+03,1.496953825087224743e+02,1.000000000000000000e+00
8.597000000000000000e+03,1.488630745758962348e+02,1.000000000000000000e+00
8.598000000000000000e+03,1.473734846054440482e+02,1.000000000000000000e+00
8.599000000000000000e+03,1.424337945544583590e+02,1.000000000000000000e+00
8.600000000000000000e+03,1.512520652295313539e+02,1.000000000000000000e+00
8.601000000000000000e+03,1.394180929417102277e+02,1.000000000000000000e+00
8.602000000000000000e+03,1.533713530827869818e+02,1.000000000000000000e+00
8.603000000000000000e+03,1.476948055354293672e+02,1.000000000000000000e+00
8.604000000000000000e+03,1.481798096206597677e+02,1.000000000000000000e+00
8.605000000000000000e+03,1.501161795823588818e+02,1.000000000000000000e+00
8.606000000000000000e+03,1.415575444395644240e+02,1.000000000000000000e+00
8.607000000000000000e+03,1.400496655480291111e+02,1.000000000000000000e+00
8.608000000000000000e+03,1.284076080813828469e+02,1.000000000000000000e+00
8.609000000000000000e+03,1.301447569197439122e+02,1.000000000000000000e+00
8.610000000000000000e+03,1.262610302964283022e+02,1.000000000000000000e+00
8.611000000000000000e+03,1.266526057206636580e+02,1.000000000000000000e+00
8.612000000000000000e+03,1.221532963376683796e+02,1.000000000000000000e+00
8.613000000000000000e+03,1.294768817131736682e+02,1.000000000000000000e+00
8.614000000000000000e+03,1.207690071452530560e+02,1.000000000000000000e+00
8.615000000000000000e+03,1.199480922221096648e+02,1.000000000000000000e+00
8.616000000000000000e+03,1.139045354895899038e+02,1.000000000000000000e+00
8.617000000000000000e+03,1.130765329864130138e+02,1.000000000000000000e+00
8.618000000000000000e+03,1.072255134029147712e+02,1.000000000000000000e+00
8.619000000000000000e+03,1.035958130035941593e+02,1.000000000000000000e+00
8.620000000000000000e+03,1.141516102033702964e+02,0.000000000000000000e+00
8.621000000000000000e+03,1.087690605783843267e+02,0.000000000000000000e+00
8.622000000000000000e+03,1.018903938178493149e+02,0.000000000000000000e+00
8.623000000000000000e+03,1.040049633456155789e+02,0.000000000000000000e+00
8.624000000000000000e+03,1.012470741151512925e+02,0.000000000000000000e+00
8.625000000000000000e+03,1.086118751677323644e+02,0.000000000000000000e+00
8.626000000000000000e+03,1.093480031769920373e+02,0.000000000000000000e+00
8.627000000000000000e+03,1.024005254867902721e+02,0.000000000000000000e+00
8.628000000000000000e+03,1.043662493618204223e+02,0.000000000000000000e+00
8.629000000000000000e+03,1.042129298984517334e+02,0.000000000000000000e+00
8.630000000000000000e+03,1.012991392379216791e+02,0.000000000000000000e+00
8.631000000000000000e+03,1.022215373969745542e+02,0.000000000000000000e+00
8.632000000000000000e+03,9.762088082394622290e+01,0.000000000000000000e+00
8.633000000000000000e+03,1.045103820889792701e+02,0.000000000000000000e+00
8.634000000000000000e+03,1.000672225581639765e+02,0.000000000000000000e+00
8.635000000000000000e+03,1.016202780656159916e+02,0.000000000000000000e+00
8.636000000000000000e+03,1.028876894579198762e+02,0.000000000000000000e+00
8.637000000000000000e+03,1.028940836782154520e+02,0.000000000000000000e+00
8.638000000000000000e+03,1.071454690646220627e+02,0.000000000000000000e+00
8.639000000000000000e+03,9.961027971930798230e+01,0.000000000000000000e+00
8.640000000000000000e+03,1.015280052784700331e+02,0.000000000000000000e+00
8.641000000000000000e+03,1.041138951379504078e+02,0.000000000000000000e+00
8.642000000000000000e+03,1.053015039772549670e+02,0.000000000000000000e+00
8.643000000000000000e+03,1.035518589520546442e+02,0.000000000000000000e+00
8.644000000000000000e+03,1.094641934500903346e+02,0.000000000000000000e+00
8.645000000000000000e+03,1.027427591521487500e+02,0.000000000000000000e+00
8.646000000000000000e+03,9.635108150679845096e+01,0.000000000000000000e+00
8.647000000000000000e+03,1.076374476791930732e+02,0.000000000000000000e+00
8.648000000000000000e+03,1.030977426319263657e+02,0.000000000000000000e+00
8.649000000000000000e+03,1.016206747332759903e+02,0.000000000000000000e+00
8.650000000000000000e+03,1.050066223515548529e+02,0.000000000000000000e+00
8.651000000000000000e+03,1.019655420218874866e+02,0.000000000000000000e+00
8.652000000000000000e+03,1.023355781327650362e+02,0.000000000000000000e+00
8.653000000000000000e+03,1.014470364491273955e+02,0.000000000000000000e+00
8.654000000000000000e+03,1.057823288506644133e+02,0.000000000000000000e+00
8.655000000000000000e+03,1.053354369583192209e+02,0.000000000000000000e+00
8.656000000000000000e+03,1.002551507683143655e+02,0.000000000000000000e+00
8.657000000000000000e+03,1.076939349772438845e+02,0.000000000000000000e+00
8.658000000000000000e+03,9.485963211247810989e+01,0.000000000000000000e+00
8.659000000000000000e+03,1.063569822137704790e+02,0.000000000000000000e+00
8.660000000000000000e+03,1.032610842010015091e+02,0.000000000000000000e+00
8.661000000000000000e+03,1.025440874503231186e+02,0.000000000000000000e+00
8.662000000000000000e+03,9.554173444224113609e+01,0.000000000000000000e+00
8.663000000000000000e+03,1.002659651188138099e+02,0.000000000000000000e+00
8.664000000000000000e+03,9.911117358770604824e+01,0.000000000000000000e+00
8.665000000000000000e+03,1.023163169539157451e+02,0.000000000000000000e+00
8.666000000000000000e+03,9.010361352327005591e+01,0.000000000000000000e+00
8.667000000000000000e+03,1.002874896142398313e+02,0.000000000000000000e+00
8.668000000000000000e+03,9.763829417073827699e+01,0.000000000000000000e+00
8.669000000000000000e+03,1.005208053157693939e+02,0.000000000000000000e+00
8.670000000000000000e+03,1.009963251526060759e+02,0.000000000000000000e+00
8.671000000000000000e+03,1.045822946964210871e+02,0.000000000000000000e+00
8.672000000000000000e+03,1.042974755880421043e+02,0.000000000000000000e+00
8.673000000000000000e+03,1.014214053931622885e+02,0.000000000000000000e+00
8.674000000000000000e+03,9.947336517563863367e+01,0.000000000000000000e+00
8.675000000000000000e+03,1.005886796689946863e+02,0.000000000000000000e+00
8.676000000000000000e+03,9.807040696469773877e+01,0.000000000000000000e+00
8.677000000000000000e+03,1.037278396409924284e+02,0.000000000000000000e+00
8.678000000000000000e+03,9.707891797572374060e+01,0.000000000000000000e+00
8.679000000000000000e+03,1.036413214717014739e+02,0.000000000000000000e+00
8.680000000000000000e+03,1.012629674884139064e+02,0.000000000000000000e+00
8.681000000000000000e+03,1.020109011813507038e+02,0.000000000000000000e+00
8.682000000000000000e+03,1.016373282175997304e+02,0.000000000000000000e+00
8.683000000000000000e+03,1.032443324007234366e+02,0.000000000000000000e+00
8.684000000000000000e+03,1.022760092463343113e+02,0.000000000000000000e+00
8.685000000000000000e+03,1.015528891025887930e+02,0.000000000000000000e+00
8.686000000000000000e+03,1.013410803142725456e+02,0.000000000000000000e+00
8.687000000000000000e+03,9.341585669120745195e+01,0.000000000000000000e+00
8.688000000000000000e+03,1.018311803739362063e+02,0.000000000000000000e+00
8.689000000000000000e+03,9.688495763662390914e+01,0.000000000000000000e+00
8.690000000000000000e+03,1.058110220732837661e+02,0.000000000000000000e+00
8.691000000000000000e+03,1.031343786296975367e+02,0.000000000000000000e+00
8.692000000000000000e+03,1.039610809802110651e+02,0.000000000000000000e+00
8.693000000000000000e+03,9.639204150217841516e+01,0.000000000000000000e+00
8.694000000000000000e+03,1.032953986499130110e+02,0.000000000000000000e+00
8.695000000000000000e+03,1.022650358306603522e+02,0.000000000000000000e+00
8.696000000000000000e+03,1.008798458933946165e+02,0.000000000000000000e+00
8.697000000000000000e+03,1.039617710130512336e+02,0.000000000000000000e+00
8.698000000000000000e+03,1.015022845858310347e+02,0.000000000000000000e+00
8.699000000000000000e+03,9.681310800783360548e+01,0.000000000000000000e+00
8.700000000000000000e+03,1.016608465321288435e+02,0.000000000000000000e+00
8.701000000000000000e+03,9.512805187807117591e+01,0.000000000000000000e+00
8.702000000000000000e+03,1.028464904870111951e+02,0.000000000000000000e+00
8.703000000000000000e+03,9.854334123840590109e+01,0.000000000000000000e+00
8.704000000000000000e+03,1.044228461758797124e+02,0.000000000000000000e+00
8.705000000000000000e+03,9.529914124246474216e+01,0.000000000000000000e+00
8.706000000000000000e+03,9.982468667133773010e+01,0.000000000000000000e+00
8.707000000000000000e+03,1.020462377752047018e+02,0.000000000000000000e+00
8.708000000000000000e+03,1.001223199807658375e+02,0.000000000000000000e+00
8.709000000000000000e+03,1.009449967120974350e+02,0.000000000000000000e+00
8.710000000000000000e+03,9.564926653216093655e+01,0.000000000000000000e+00
8.711000000000000000e+03,1.014543040305291868e+02,0.000000000000000000e+00
8.712000000000000000e+03,1.039511703721424567e+02,0.000000000000000000e+00
8.713000000000000000e+03,1.072208797034098779e+02,0.000000000000000000e+00
8.714000000000000000e+03,1.011651543108713014e+02,0.000000000000000000e+00
8.715000000000000000e+03,1.004167848650017447e+02,0.000000000000000000e+00
8.716000000000000000e+03,1.068530047135083265e+02,0.000000000000000000e+00
8.717000000000000000e+03,9.694041486271071051e+01,0.000000000000000000e+00
8.718000000000000000e+03,9.903398947625174742e+01,0.000000000000000000e+00
8.719000000000000000e+03,1.024135157823520643e+02,0.000000000000000000e+00
8.720000000000000000e+03,9.497778806314582312e+01,0.000000000000000000e+00
8.721000000000000000e+03,9.596954552968325913e+01,0.000000000000000000e+00
8.722000000000000000e+03,1.025692305802053994e+02,0.000000000000000000e+00
8.723000000000000000e+03,1.062589859184111987e+02,0.000000000000000000e+00
8.724000000000000000e+03,1.024444441215307648e+02,0.000000000000000000e+00
8.725000000000000000e+03,1.044688630728515903e+02,0.000000000000000000e+00
8.726000000000000000e+03,1.093915521849271215e+02,0.000000000000000000e+00
8.727000000000000000e+03,9.815536808117687428e+01,0.000000000000000000e+00
8.728000000000000000e+03,1.035411512970761407e+02,0.000000000000000000e+00
8.729000000000000000e+03,1.066147843449458321e+02,0.000000000000000000e+00
8.730000000000000000e+03,1.010458880330075147e+02,0.000000000000000000e+00
8.731000000000000000e+03,9.868716993601806564e+01,0.000000000000000000e+00
8.732000000000000000e+03,1.008501481653153320e+02,0.000000000000000000e+00
8.733000000000000000e+03,1.000179815010390740e+02,0.000000000000000000e+00
8.734000000000000000e+03,1.031320708564879567e+02,0.000000000000000000e+00
8.735000000000000000e+03,1.010421716245567154e+02,0.000000000000000000e+00
8.736000000000000000e+03,1.003194631051404286e+02,0.000000000000000000e+00
8.737000000000000000e+03,1.030291950009954860e+02,0.000000000000000000e+00
8.738000000000000000e+03,1.003023774860439801e+02,0.000000000000000000e+00
8.739000000000000000e+03,1.008479567550570124e+02,0.000000000000000000e+00
8.740000000000000000e+03,1.006743143577912889e+02,0.000000000000000000e+00
8.741000000000000000e+03,1.091443833777927921e+02,0.000000000000000000e+00
8.742000000000000000e+03,1.055534556763288236e+02,0.000000000000000000e+00
8.743000000000000000e+03,9.927192270822740738e+01,0.000000000000000000e+00
8.744000000000000000e+03,9.583739028031338592e+01,0.000000000000000000e+00
8.745000000000000000e+03,9.921186492363116827e+01,0.000000000000000000e+00
8.746000000000000000e+03,1.039666342583980310e+02,0.000000000000000000e+00
8.747000000000000000e+03,9.733508664465213656e+01,0.000000000000000000e+00
8.748000000000000000e+03,9.998906593800668929e+01,0.000000000000000000e+00
8.749000000000000000e+03,1.055627548298396903e+02,0.000000000000000000e+00
8.750000000000000000e+03,1.001759709856312952e+02,0.000000000000000000e+00
8.751000000000000000e+03,9.779571118534440188e+01,0.000000000000000000e+00
8.752000000000000000e+03,1.053104381575347048e+02,0.000000000000000000e+00
8.753000000000000000e+03,9.385337048175128416e+01,0.000000000000000000e+00
8.754000000000000000e+03,1.008500288096262381e+02,0.000000000000000000e+00
8.755000000000000000e+03,1.007801697073144140e+02,0.000000000000000000e+00
8.756000000000000000e+03,1.025887778511167312e+02,0.000000000000000000e+00
8.757000000000000000e+03,1.013196842998343499e+02,0.000000000000000000e+00
8.758000000000000000e+03,9.810550097037643980e+01,0.000000000000000000e+00
8.759000000000000000e+03,1.007151939423081757e+02,0.000000000000000000e+00
8.760000000000000000e+03,1.032356552536936221e+02,0.000000000000000000e+00
8.761000000000000000e+03,9.845885127406727122e+01,0.000000000000000000e+00
8.762000000000000000e+03,1.029407214408792868e+02,0.000000000000000000e+00
8.763000000000000000e+03,1.020365986762723765e+02,0.000000000000000000e+00
8.764000000000000000e+03,1.013752763611632872e+02,0.000000000000000000e+00
8.765000000000000000e+03,9.924513997799022036e+01,0.000000000000000000e+00
8.766000000000000000e+03,9.891743918193412810e+01,0.000000000000000000e+00
8.767000000000000000e+03,1.019129663784022171e+02,0.000000000000000000e+00
8.768000000000000000e+03,1.007401258640412181e+02,0.000000000000000000e+00
8.769000000000000000e+03,1.084933617900122726e+02,0.000000000000000000e+00
8.770000000000000000e+03,9.884205153784128584e+01,0.000000000000000000e+00
8.771000000000000000e+03,1.013318586031607822e+02,0.000000000000000000e+00
8.772000000000000000e+03,1.051297143419662063e+02,0.000000000000000000e+00
8.773000000000000000e+03,1.007844731280755184e+02,0.000000000000000000e+00
8.774000000000000000e+03,1.027178717121719131e+02,0.000000000000000000e+00
8.775000000000000000e+03,9.972174985079095677e+01,0.000000000000000000e+00
8.776000000000000000e+03,1.047168720587038564e+02,0.000000000000000000e+00
8.777000000000000000e+03,1.047113803642285035e+02,0.000000000000000000e+00
8.778000000000000000e+03,1.009985032530753273e+02,0.000000000000000000e+00
8.779000000000000000e+03,9.952171710895031254e+01,0.000000000000000000e+00
8.780000000000000000e+03,9.568066406568807736e+01,0.000000000000000000e+00
8.781000000000000000e+03,1.055835953487490571e+02,0.000000000000000000e+00
8.782000000000000000e+03,1.001051761346635942e+02,0.000000000000000000e+00
8.783000000000000000e+03,9.932345143917314090e+01,0.000000000000000000e+00
8.784000000000000000e+03,9.725408909579429917e+01,0.000000000000000000e+00
8.785000000000000000e+03,9.787821105319891046e+01,0.000000000000000000e+00
8.786000000000000000e+03,9.757355869840439766e+01,0.000000000000000000e+00
8.787000000000000000e+03,1.000995882937410784e+02,0.000000000000000000e+00
8.788000000000000000e+03,1.070420396066610209e+02,0.000000000000000000e+00
8.789000000000000000e+03,1.023278617629236749e+02,0.000000000000000000e+00
8.790000000000000000e+03,1.005888921642721243e+02,0.000000000000000000e+00
8.791000000000000000e+03,1.055611016793399415e+02,0.000000000000000000e+00
8.792000000000000000e+03,9.722090680284433972e+01,0.000000000000000000e+00
8.793000000000000000e+03,9.763529134866057291e+01,0.000000000000000000e+00
8.794000000000000000e+03,1.019130958467258239e+02,0.000000000000000000e+00
8.795000000000000000e+03,9.848595826911520135e+01,0.000000000000000000e+00
8.796000000000000000e+03,1.033610529929347024e+02,0.000000000000000000e+00
8.797000000000000000e+03,1.045885208537574016e+02,0.000000000000000000e+00
8.798000000000000000e+03,1.051328988486779252e+02,0.000000000000000000e+00
8.799000000000000000e+03,1.004569988877521780e+02,0.000000000000000000e+00
8.800000000000000000e+03,9.736891292482592064e+01,0.000000000000000000e+00
8.801000000000000000e+03,1.037954951900756413e+02,0.000000000000000000e+00
8.802000000000000000e+03,1.030802864461367534e+02,0.000000000000000000e+00
8.803000000000000000e+03,1.035670273554042353e+02,0.000000000000000000e+00
8.804000000000000000e+03,9.791942987045420921e+01,0.000000000000000000e+00
8.805000000000000000e+03,1.072454612942016041e+02,0.000000000000000000e+00
8.806000000000000000e+03,9.858814126002687317e+01,0.000000000000000000e+00
8.807000000000000000e+03,1.031040717701509664e+02,0.000000000000000000e+00
8.808000000000000000e+03,9.451026725826888253e+01,0.000000000000000000e+00
8.809000000000000000e+03,1.014346425707944235e+02,0.000000000000000000e+00
8.810000000000000000e+03,1.045447977276983806e+02,0.000000000000000000e+00
8.811000000000000000e+03,1.065822361457096861e+02,0.000000000000000000e+00
8.812000000000000000e+03,9.687965342745717123e+01,0.000000000000000000e+00
8.813000000000000000e+03,1.000478940907588452e+02,0.000000000000000000e+00
8.814000000000000000e+03,1.061821683292347984e+02,0.000000000000000000e+00
8.815000000000000000e+03,1.014112827726927719e+02,0.000000000000000000e+00
8.816000000000000000e+03,1.019788632851791164e+02,0.000000000000000000e+00
8.817000000000000000e+03,1.024443297744241193e+02,0.000000000000000000e+00
8.818000000000000000e+03,9.936519923305650082e+01,0.000000000000000000e+00
8.819000000000000000e+03,9.737944478735505527e+01,0.000000000000000000e+00
8.820000000000000000e+03,1.036357105198640056e+02,0.000000000000000000e+00
8.821000000000000000e+03,1.010858795968325836e+02,0.000000000000000000e+00
8.822000000000000000e+03,9.773555812605314941e+01,0.000000000000000000e+00
8.823000000000000000e+03,9.786405926573024772e+01,0.000000000000000000e+00
8.824000000000000000e+03,1.016526762954476055e+02,0.000000000000000000e+00
8.825000000000000000e+03,1.030388685889475511e+02,0.000000000000000000e+00
8.826000000000000000e+03,9.988954111221093513e+01,0.000000000000000000e+00
8.827000000000000000e+03,9.998756920434394146e+01,0.000000000000000000e+00
8.828000000000000000e+03,1.016960882949446869e+02,0.000000000000000000e+00
8.829000000000000000e+03,1.039301635396935382e+02,0.000000000000000000e+00
8.830000000000000000e+03,9.997443295660384877e+01,0.000000000000000000e+00
8.831000000000000000e+03,1.055084003859003445e+02,0.000000000000000000e+00
8.832000000000000000e+03,1.016130061310042549e+02,0.000000000000000000e+00
8.833000000000000000e+03,9.991459968851737017e+01,0.000000000000000000e+00
8.834000000000000000e+03,1.036415331051484259e+02,0.000000000000000000e+00
8.835000000000000000e+03,9.682241555761068241e+01,0.000000000000000000e+00
8.836000000000000000e+03,9.825960930989721476e+01,0.000000000000000000e+00
8.837000000000000000e+03,1.031823287652307783e+02,0.000000000000000000e+00
8.838000000000000000e+03,1.010326460037881731e+02,0.000000000000000000e+00
8.839000000000000000e+03,1.072013466196719094e+02,0.000000000000000000e+00
8.840000000000000000e+03,1.015862504215875646e+02,0.000000000000000000e+00
8.841000000000000000e+03,1.034340845893125476e+02,0.000000000000000000e+00
8.842000000000000000e+03,9.799444501513694661e+01,0.000000000000000000e+00
8.843000000000000000e+03,1.044991170301669712e+02,0.000000000000000000e+00
8.844000000000000000e+03,9.826768198578646718e+01,0.000000000000000000e+00
8.845000000000000000e+03,1.003850924399564803e+02,0.000000000000000000e+00
8.846000000000000000e+03,1.027441324639506064e+02,0.000000000000000000e+00
8.847000000000000000e+03,9.893299308431993211e+01,0.000000000000000000e+00
8.848000000000000000e+03,1.030712102750663206e+02,0.000000000000000000e+00
8.849000000000000000e+03,9.768384800304446003e+01,0.000000000000000000e+00
8.850000000000000000e+03,1.030617312985804972e+02,0.000000000000000000e+00
8.851000000000000000e+03,9.840745245868866675e+01,0.000000000000000000e+00
8.852000000000000000e+03,1.033543316353811861e+02,0.000000000000000000e+00
8.853000000000000000e+03,1.024985826240898348e+02,0.000000000000000000e+00
8.854000000000000000e+03,9.868883447587134583e+01,0.000000000000000000e+00
8.855000000000000000e+03,1.048924976372594529e+02,0.000000000000000000e+00
8.856000000000000000e+03,9.615174731582031598e+01,0.000000000000000000e+00
8.857000000000000000e+03,1.021623944674603166e+02,0.000000000000000000e+00
8.858000000000000000e+03,9.866734004030210770e+01,0.000000000000000000e+00
8.859000000000000000e+03,1.018493486360747511e+02,0.000000000000000000e+00
8.860000000000000000e+03,1.012001989333131178e+02,0.000000000000000000e+00
8.861000000000000000e+03,1.004125151671231322e+02,0.000000000000000000e+00
8.862000000000000000e+03,1.017876610357277229e+02,0.000000000000000000e+00
8.863000000000000000e+03,9.698318719801480370e+01,0.000000000000000000e+00
8.864000000000000000e+03,9.939541461262919597e+01,0.000000000000000000e+00
8.865000000000000000e+03,1.033071320437726115e+02,0.000000000000000000e+00
8.866000000000000000e+03,9.573116546710100749e+01,0.000000000000000000e+00
8.867000000000000000e+03,1.050636561733871304e+02,0.000000000000000000e+00
8.868000000000000000e+03,1.006189128350494570e+02,0.000000000000000000e+00
8.869000000000000000e+03,9.371896632147088724e+01,0.000000000000000000e+00
8.870000000000000000e+03,1.039478341081846793e+02,0.000000000000000000e+00
8.871000000000000000e+03,9.828976299038279762e+01,0.000000000000000000e+00
8.872000000000000000e+03,1.026808337565718858e+02,0.000000000000000000e+00
8.873000000000000000e+03,1.001819536799922332e+02,0.000000000000000000e+00
8.874000000000000000e+03,9.406019272939738585e+01,0.000000000000000000e+00
8.875000000000000000e+03,1.115207578458478963e+02,0.000000000000000000e+00
8.876000000000000000e+03,1.033241891219419415e+02,0.000000000000000000e+00
8.877000000000000000e+03,9.999293671368712921e+01,0.000000000000000000e+00
8.878000000000000000e+03,1.000133304027568215e+02,0.000000000000000000e+00
8.879000000000000000e+03,1.015765904037284599e+02,0.000000000000000000e+00
8.880000000000000000e+03,9.997212678840554645e+01,0.000000000000000000e+00
8.881000000000000000e+03,1.098686282973724389e+02,0.000000000000000000e+00
8.882000000000000000e+03,9.931337654143389670e+01,0.000000000000000000e+00
8.883000000000000000e+03,1.000094709404973514e+02,0.000000000000000000e+00
8.884000000000000000e+03,1.056571041998272307e+02,0.000000000000000000e+00
8.885000000000000000e+03,1.011620074110371945e+02,0.000000000000000000e+00
8.886000000000000000e+03,1.018910228540491545e+02,0.000000000000000000e+00
8.887000000000000000e+03,9.910058573141621707e+01,0.000000000000000000e+00
8.888000000000000000e+03,9.934212379996655784e+01,0.000000000000000000e+00
8.889000000000000000e+03,9.822290504311961001e+01,0.000000000000000000e+00
8.890000000000000000e+03,1.011908263434521018e+02,0.000000000000000000e+00
8.891000000000000000e+03,1.006327947909593234e+02,0.000000000000000000e+00
8.892000000000000000e+03,9.667414878242212239e+01,0.000000000000000000e+00
8.893000000000000000e+03,1.043310902802794544e+02,0.000000000000000000e+00
8.894000000000000000e+03,1.066538088853300223e+02,0.000000000000000000e+00
8.895000000000000000e+03,1.022279098052109418e+02,0.000000000000000000e+00
8.896000000000000000e+03,1.002016191953733539e+02,0.000000000000000000e+00
8.897000000000000000e+03,1.028460849575011196e+02,0.000000000000000000e+00
8.898000000000000000e+03,1.050981928428461742e+02,0.000000000000000000e+00
8.899000000000000000e+03,1.050223923904105305e+02,0.000000000000000000e+00
8.900000000000000000e+03,1.009117563831988207e+02,0.000000000000000000e+00
8.901000000000000000e+03,1.001316954400124501e+02,0.000000000000000000e+00
8.902000000000000000e+03,1.024245182759811144e+02,0.000000000000000000e+00
8.903000000000000000e+03,1.006091434868352366e+02,0.000000000000000000e+00
8.904000000000000000e+03,1.046797678901964730e+02,0.000000000000000000e+00
8.905000000000000000e+03,9.624570615849532373e+01,0.000000000000000000e+00
8.906000000000000000e+03,9.522201404271756076e+01,0.000000000000000000e+00
8.907000000000000000e+03,1.013659782119727026e+02,0.000000000000000000e+00
8.908000000000000000e+03,9.930019877657402105e+01,0.000000000000000000e+00
8.909000000000000000e+03,1.060354201209393494e+02,0.000000000000000000e+00
8.910000000000000000e+03,1.047520335490561507e+02,0.000000000000000000e+00
8.911000000000000000e+03,1.029516231211504902e+02,0.000000000000000000e+00
8.912000000000000000e+03,9.865569663472342654e+01,0.000000000000000000e+00
8.913000000000000000e+03,1.093172107416351508e+02,0.000000000000000000e+00
8.914000000000000000e+03,1.047126899944041156e+02,0.000000000000000000e+00
8.915000000000000000e+03,1.035229668126892904e+02,0.000000000000000000e+00
8.916000000000000000e+03,1.018798445079520860e+02,0.000000000000000000e+00
8.917000000000000000e+03,1.020164805793844920e+02,0.000000000000000000e+00
8.918000000000000000e+03,9.825873182601471001e+01,0.000000000000000000e+00
8.919000000000000000e+03,1.018055829526825420e+02,0.000000000000000000e+00
8.920000000000000000e+03,1.010074024728028093e+02,0.000000000000000000e+00
8.921000000000000000e+03,9.830660922285410663e+01,0.000000000000000000e+00
8.922000000000000000e+03,1.034456469941721792e+02,0.000000000000000000e+00
8.923000000000000000e+03,1.086509112847022749e+02,0.000000000000000000e+00
8.924000000000000000e+03,9.871185758096969209e+01,0.000000000000000000e+00
8.925000000000000000e+03,1.010221278992336238e+02,0.000000000000000000e+00
8.926000000000000000e+03,1.004313909807787724e+02,0.000000000000000000e+00
8.927000000000000000e+03,9.953138920200792938e+01,0.000000000000000000e+00
8.928000000000000000e+03,1.035307936872094388e+02,0.000000000000000000e+00
8.929000000000000000e+03,9.809039354901452157e+01,0.000000000000000000e+00
8.930000000000000000e+03,1.037721944397424068e+02,0.000000000000000000e+00
8.931000000000000000e+03,1.085431770323864811e+02,0.000000000000000000e+00
8.932000000000000000e+03,9.937672083664446632e+01,0.000000000000000000e+00
8.933000000000000000e+03,1.073807656684787162e+02,0.000000000000000000e+00
8.934000000000000000e+03,1.059417242084897453e+02,0.000000000000000000e+00
8.935000000000000000e+03,1.100549940610363535e+02,0.000000000000000000e+00
8.936000000000000000e+03,1.000758103637740959e+02,0.000000000000000000e+00
8.937000000000000000e+03,1.019478009479571625e+02,0.000000000000000000e+00
8.938000000000000000e+03,1.064964137520220504e+02,0.000000000000000000e+00
8.939000000000000000e+03,1.001198519697415037e+02,0.000000000000000000e+00
8.940000000000000000e+03,9.806433644071640288e+01,0.000000000000000000e+00
8.941000000000000000e+03,1.009711483170266746e+02,0.000000000000000000e+00
8.942000000000000000e+03,1.010747109796924690e+02,0.000000000000000000e+00
8.943000000000000000e+03,9.616236526604932067e+01,0.000000000000000000e+00
8.944000000000000000e+03,1.005940921875121745e+02,0.000000000000000000e+00
8.945000000000000000e+03,1.047328600648268235e+02,0.000000000000000000e+00
8.946000000000000000e+03,9.928265644889160058e+01,0.000000000000000000e+00
8.947000000000000000e+03,9.812476174205666268e+01,0.000000000000000000e+00
8.948000000000000000e+03,1.030773693569673668e+02,0.000000000000000000e+00
8.949000000000000000e+03,1.036176911429444232e+02,0.000000000000000000e+00
8.950000000000000000e+03,9.524283095241696628e+01,0.000000000000000000e+00
8.951000000000000000e+03,1.030511303948476041e+02,0.000000000000000000e+00
8.952000000000000000e+03,1.009417984475883543e+02,0.000000000000000000e+00
8.953000000000000000e+03,9.660923291802717472e+01,0.000000000000000000e+00
8.954000000000000000e+03,1.020635548011365330e+02,0.000000000000000000e+00
8.955000000000000000e+03,1.052456992421621607e+02,0.000000000000000000e+00
8.956000000000000000e+03,9.855239097539924842e+01,0.000000000000000000e+00
8.957000000000000000e+03,9.986138962722110080e+01,0.000000000000000000e+00
8.958000000000000000e+03,1.054765578061319928e+02,0.000000000000000000e+00
8.959000000000000000e+03,1.053624422611428315e+02,0.000000000000000000e+00
8.960000000000000000e+03,9.942275376200240089e+01,0.000000000000000000e+00
8.961000000000000000e+03,1.016256407602385963e+02,0.000000000000000000e+00
8.962000000000000000e+03,9.824147050287582772e+01,0.000000000000000000e+00
8.963000000000000000e+03,1.019509276097848129e+02,0.000000000000000000e+00
8.964000000000000000e+03,9.591223725159503033e+01,0.000000000000000000e+00
8.965000000000000000e+03,1.048493647077817599e+02,0.000000000000000000e+00
8.966000000000000000e+03,1.023252431151383917e+02,0.000000000000000000e+00
8.967000000000000000e+03,9.944929258401904804e+01,0.000000000000000000e+00
8.968000000000000000e+03,1.009027925527844474e+02,0.000000000000000000e+00
8.969000000000000000e+03,1.022671341552249800e+02,0.000000000000000000e+00
8.970000000000000000e+03,1.012584071827458558e+02,0.000000000000000000e+00
8.971000000000000000e+03,9.854239445348504489e+01,0.000000000000000000e+00
8.972000000000000000e+03,1.036367674002080719e+02,0.000000000000000000e+00
8.973000000000000000e+03,1.049978324998790100e+02,0.000000000000000000e+00
8.974000000000000000e+03,1.008325392969493350e+02,0.000000000000000000e+00
8.975000000000000000e+03,9.706463502512042396e+01,0.000000000000000000e+00
8.976000000000000000e+03,1.035477782571960290e+02,0.000000000000000000e+00
8.977000000000000000e+03,1.007977725084967489e+02,0.000000000000000000e+00
8.978000000000000000e+03,1.021285313736556191e+02,0.000000000000000000e+00
8.979000000000000000e+03,1.041572743220195179e+02,0.000000000000000000e+00
8.980000000000000000e+03,1.043037733924105481e+02,0.000000000000000000e+00
8.981000000000000000e+03,9.880647712914355907e+01,0.000000000000000000e+00
8.982000000000000000e+03,1.044894786966234363e+02,0.000000000000000000e+00
8.983000000000000000e+03,9.249598633807866577e+01,0.000000000000000000e+00
8.984000000000000000e+03,9.865401636842814526e+01,0.000000000000000000e+00
8.985000000000000000e+03,1.038130080570013263e+02,0.000000000000000000e+00
8.986000000000000000e+03,1.024546707477468175e+02,0.000000000000000000e+00
8.987000000000000000e+03,9.775750657037693259e+01,0.000000000000000000e+00
8.988000000000000000e+03,9.438676424922081765e+01,0.000000000000000000e+00
8.989000000000000000e+03,9.940126175098278338e+01,0.000000000000000000e+00
8.990000000000000000e+03,9.872325249267758807e+01,0.000000000000000000e+00
8.991000000000000000e+03,1.016883083147270099e+02,0.000000000000000000e+00
8.992000000000000000e+03,9.964643856440389413e+01,0.000000000000000000e+00
8.993000000000000000e+03,1.058954005872553523e+02,0.000000000000000000e+00
8.994000000000000000e+03,1.028532565612198937e+02,0.000000000000000000e+00
8.995000000000000000e+03,9.841794195755764463e+01,0.000000000000000000e+00
8.996000000000000000e+03,1.015712256996115173e+02,0.000000000000000000e+00
8.997000000000000000e+03,1.013296365821985177e+02,0.000000000000000000e+00
8.998000000000000000e+03,1.049639735641191862e+02,0.000000000000000000e+00
8.999000000000000000e+03,9.881184753977119328e+01,0.000000000000000000e+00
9.000000000000000000e+03,1.017523389189804846e+02,0.000000000000000000e+00
9.001000000000000000e+03,1.040096291026913775e+02,0.000000000000000000e+00
9.002000000000000000e+03,9.581864090702882208e+01,0.000000000000000000e+00
9.003000000000000000e+03,1.028644307909343922e+02,0.000000000000000000e+00
9.004000000000000000e+03,9.423951998313469858e+01,0.000000000000000000e+00
9.005000000000000000e+03,1.007894414367922167e+02,0.000000000000000000e+00
9.006000000000000000e+03,1.100742462134271591e+02,0.000000000000000000e+00
9.007000000000000000e+03,1.010101109381863580e+02,0.000000000000000000e+00
9.008000000000000000e+03,1.040938332925444314e+02,0.000000000000000000e+00
9.009000000000000000e+03,9.827889443001988923e+01,0.000000000000000000e+00
9.010000000000000000e+03,9.863817314616541410e+01,0.000000000000000000e+00
9.011000000000000000e+03,9.990390194715932637e+01,0.000000000000000000e+00
9.012000000000000000e+03,1.008213182447989169e+02,0.000000000000000000e+00
9.013000000000000000e+03,9.987350238670931901e+01,0.000000000000000000e+00
9.014000000000000000e+03,1.007185406604160818e+02,0.000000000000000000e+00
9.015000000000000000e+03,1.004949572701785456e+02,0.000000000000000000e+00
9.016000000000000000e+03,9.966015080910005963e+01,0.000000000000000000e+00
9.017000000000000000e+03,1.043016664326917180e+02,0.000000000000000000e+00
9.018000000000000000e+03,1.047107928239398404e+02,0.000000000000000000e+00
9.019000000000000000e+03,1.013756078512081444e+02,0.000000000000000000e+00
9.020000000000000000e+03,1.071675514464123609e+02,0.000000000000000000e+00
9.021000000000000000e+03,1.007938653612186783e+02,0.000000000000000000e+00
9.022000000000000000e+03,9.869672440543112657e+01,0.000000000000000000e+00
9.023000000000000000e+03,9.711157938080567931e+01,0.000000000000000000e+00
9.024000000000000000e+03,9.571404991146573593e+01,0.000000000000000000e+00
9.025000000000000000e+03,1.003684391407736882e+02,0.000000000000000000e+00
9.026000000000000000e+03,1.015699187669899999e+02,0.000000000000000000e+00
9.027000000000000000e+03,9.715481338706571535e+01,0.000000000000000000e+00
9.028000000000000000e+03,1.037623380799344091e+02,0.000000000000000000e+00
9.029000000000000000e+03,9.890290459459096439e+01,0.000000000000000000e+00
9.030000000000000000e+03,9.901127015863995950e+01,0.000000000000000000e+00
9.031000000000000000e+03,9.476396258642400028e+01,0.000000000000000000e+00
9.032000000000000000e+03,1.010496734416044262e+02,0.000000000000000000e+00
9.033000000000000000e+03,9.569238278748122184e+01,0.000000000000000000e+00
9.034000000000000000e+03,1.022726486540265398e+02,0.000000000000000000e+00
9.035000000000000000e+03,9.321903140692209888e+01,0.000000000000000000e+00
9.036000000000000000e+03,1.003454513000350090e+02,0.000000000000000000e+00
9.037000000000000000e+03,9.613615134556629016e+01,0.000000000000000000e+00
9.038000000000000000e+03,1.043740640549622327e+02,0.000000000000000000e+00
9.039000000000000000e+03,9.797254632984825662e+01,0.000000000000000000e+00
9.040000000000000000e+03,9.770927964027342227e+01,0.000000000000000000e+00
9.041000000000000000e+03,1.027107315993432337e+02,0.000000000000000000e+00
9.042000000000000000e+03,1.021897537694370470e+02,0.000000000000000000e+00
9.043000000000000000e+03,9.871137728675049061e+01,0.000000000000000000e+00
9.044000000000000000e+03,9.924086080490982908e+01,0.000000000000000000e+00
9.045000000000000000e+03,9.840927300210898920e+01,0.000000000000000000e+00
9.046000000000000000e+03,9.661528434094938689e+01,0.000000000000000000e+00
9.047000000000000000e+03,1.059914458110327047e+02,0.000000000000000000e+00
9.048000000000000000e+03,1.061482067590321776e+02,0.000000000000000000e+00
9.049000000000000000e+03,9.797536172322253378e+01,0.000000000000000000e+00
9.050000000000000000e+03,9.833474638456934258e+01,0.000000000000000000e+00
9.051000000000000000e+03,1.060276097598143537e+02,0.000000000000000000e+00
9.052000000000000000e+03,9.860584982949904997e+01,0.000000000000000000e+00
9.053000000000000000e+03,9.874430939774944704e+01,0.000000000000000000e+00
9.054000000000000000e+03,9.275191941045663668e+01,0.000000000000000000e+00
9.055000000000000000e+03,1.058064494005765965e+02,0.000000000000000000e+00
9.056000000000000000e+03,9.792276773196167028e+01,0.000000000000000000e+00
9.057000000000000000e+03,9.944128014980819330e+01,0.000000000000000000e+00
9.058000000000000000e+03,1.000508546861380097e+02,0.000000000000000000e+00
9.059000000000000000e+03,1.074104738649906494e+02,0.000000000000000000e+00
9.060000000000000000e+03,1.034785862557628491e+02,0.000000000000000000e+00
9.061000000000000000e+03,9.858609822947856571e+01,0.000000000000000000e+00
9.062000000000000000e+03,9.640297668942588416e+01,0.000000000000000000e+00
9.063000000000000000e+03,1.012155483077316376e+02,0.000000000000000000e+00
9.064000000000000000e+03,1.038453783466844129e+02,0.000000000000000000e+00
9.065000000000000000e+03,1.002636419687308660e+02,0.000000000000000000e+00
9.066000000000000000e+03,1.052782879738588235e+02,0.000000000000000000e+00
9.067000000000000000e+03,1.075093235030245324e+02,0.000000000000000000e+00
9.068000000000000000e+03,9.794814503887438661e+01,0.000000000000000000e+00
9.069000000000000000e+03,1.055744533165261601e+02,0.000000000000000000e+00
9.070000000000000000e+03,9.812137067405362245e+01,0.000000000000000000e+00
9.071000000000000000e+03,1.005220007871077144e+02,0.000000000000000000e+00
9.072000000000000000e+03,9.378757577529032119e+01,0.000000000000000000e+00
9.073000000000000000e+03,9.931860009237040288e+01,0.000000000000000000e+00
9.074000000000000000e+03,9.971053476806009996e+01,0.000000000000000000e+00
9.075000000000000000e+03,1.043293011428691983e+02,0.000000000000000000e+00
9.076000000000000000e+03,1.044453794910426865e+02,0.000000000000000000e+00
9.077000000000000000e+03,1.032009739412572884e+02,0.000000000000000000e+00
9.078000000000000000e+03,1.005330390269440954e+02,0.000000000000000000e+00
9.079000000000000000e+03,1.033615204821604436e+02,0.000000000000000000e+00
9.080000000000000000e+03,1.025892320826177411e+02,0.000000000000000000e+00
9.081000000000000000e+03,1.030740530379744513e+02,0.000000000000000000e+00
9.082000000000000000e+03,1.044200908810726673e+02,0.000000000000000000e+00
9.083000000000000000e+03,9.774741623137528279e+01,0.000000000000000000e+00
9.084000000000000000e+03,1.024350064208972952e+02,0.000000000000000000e+00
9.085000000000000000e+03,9.609519508236679997e+01,0.000000000000000000e+00
9.086000000000000000e+03,9.823301095373793146e+01,0.000000000000000000e+00
9.087000000000000000e+03,1.020853103941606719e+02,0.000000000000000000e+00
9.088000000000000000e+03,1.028500797156141005e+02,0.000000000000000000e+00
9.089000000000000000e+03,1.059354901937760047e+02,0.000000000000000000e+00
9.090000000000000000e+03,1.027870564717504323e+02,0.000000000000000000e+00
9.091000000000000000e+03,1.062397634049382020e+02,0.000000000000000000e+00
9.092000000000000000e+03,9.618271652244413872e+01,0.000000000000000000e+00
9.093000000000000000e+03,9.856286739718562728e+01,0.000000000000000000e+00
9.094000000000000000e+03,1.007246148474477678e+02,0.000000000000000000e+00
9.095000000000000000e+03,1.027001901197864839e+02,0.000000000000000000e+00
9.096000000000000000e+03,9.670705968943029518e+01,0.000000000000000000e+00
9.097000000000000000e+03,1.053683769092317846e+02,0.000000000000000000e+00
9.098000000000000000e+03,1.043077343486731365e+02,0.000000000000000000e+00
9.099000000000000000e+03,9.503625477459524973e+01,0.000000000000000000e+00
9.100000000000000000e+03,9.570660736999329288e+01,0.000000000000000000e+00
9.101000000000000000e+03,1.043021519062056512e+02,0.000000000000000000e+00
9.102000000000000000e+03,1.033176694654174099e+02,0.000000000000000000e+00
9.103000000000000000e+03,1.015797374077353226e+02,0.000000000000000000e+00
9.104000000000000000e+03,9.485625825355829477e+01,0.000000000000000000e+00
9.105000000000000000e+03,1.045373496092166619e+02,0.000000000000000000e+00
9.106000000000000000e+03,1.023864362403748629e+02,0.000000000000000000e+00
9.107000000000000000e+03,1.013700199274933738e+02,0.000000000000000000e+00
9.108000000000000000e+03,9.319707003176634430e+01,0.000000000000000000e+00
9.109000000000000000e+03,9.393829303232497807e+01,0.000000000000000000e+00
9.110000000000000000e+03,1.116822024240203888e+02,0.000000000000000000e+00
9.111000000000000000e+03,9.982114151975719096e+01,0.000000000000000000e+00
9.112000000000000000e+03,9.806710569247997000e+01,0.000000000000000000e+00
9.113000000000000000e+03,9.939601042276188991e+01,0.000000000000000000e+00
9.114000000000000000e+03,9.635470108310556725e+01,0.000000000000000000e+00
9.115000000000000000e+03,1.025390812242142715e+02,0.000000000000000000e+00
9.116000000000000000e+03,1.068207640021266229e+02,0.000000000000000000e+00
9.117000000000000000e+03,1.018654775673382176e+02,0.000000000000000000e+00
9.118000000000000000e+03,1.031275512961532996e+02,0.000000000000000000e+00
9.119000000000000000e+03,9.731534773430648499e+01,0.000000000000000000e+00
9.120000000000000000e+03,9.941508636167768032e+01,0.000000000000000000e+00
9.121000000000000000e+03,1.020814742958057195e+02,0.000000000000000000e+00
9.122000000000000000e+03,1.040416510280034572e+02,0.000000000000000000e+00
9.123000000000000000e+03,1.007834832430538938e+02,0.000000000000000000e+00
9.124000000000000000e+03,9.230485590722457800e+01,0.000000000000000000e+00
9.125000000000000000e+03,9.924190128400000788e+01,0.000000000000000000e+00
9.126000000000000000e+03,9.879042344519861274e+01,0.000000000000000000e+00
9.127000000000000000e+03,9.713540629647903302e+01,0.000000000000000000e+00
9.128000000000000000e+03,1.044918403128314282e+02,0.000000000000000000e+00
9.129000000000000000e+03,1.026426842802749491e+02,0.000000000000000000e+00
9.130000000000000000e+03,1.028894792257950428e+02,0.000000000000000000e+00
9.131000000000000000e+03,1.041216093909903435e+02,0.000000000000000000e+00
9.132000000000000000e+03,1.044047095717573228e+02,0.000000000000000000e+00
9.133000000000000000e+03,1.061329088714902440e+02,0.000000000000000000e+00
9.134000000000000000e+03,9.881804959675088185e+01,0.000000000000000000e+00
9.135000000000000000e+03,1.005750828520263553e+02,0.000000000000000000e+00
9.136000000000000000e+03,1.041508392301565493e+02,0.000000000000000000e+00
9.137000000000000000e+03,1.013515866200890230e+02,0.000000000000000000e+00
9.138000000000000000e+03,1.023821930166084400e+02,0.000000000000000000e+00
9.139000000000000000e+03,1.025242368709477461e+02,0.000000000000000000e+00
9.140000000000000000e+03,9.778421729405668827e+01,0.000000000000000000e+00
9.141000000000000000e+03,1.006899711794818586e+02,0.000000000000000000e+00
9.142000000000000000e+03,1.050130139864786400e+02,0.000000000000000000e+00
9.143000000000000000e+03,1.047735657796563800e+02,0.000000000000000000e+00
9.144000000000000000e+03,1.010651896722148422e+02,0.000000000000000000e+00
9.145000000000000000e+03,1.003060742999862356e+02,0.000000000000000000e+00
9.146000000000000000e+03,9.621224885068008348e+01,0.000000000000000000e+00
9.147000000000000000e+03,1.062886767087120177e+02,0.000000000000000000e+00
9.148000000000000000e+03,1.015843309417502098e+02,0.000000000000000000e+00
9.149000000000000000e+03,9.529520785154899443e+01,0.000000000000000000e+00
9.150000000000000000e+03,1.052512326965695735e+02,0.000000000000000000e+00
9.151000000000000000e+03,1.042886003206670296e+02,0.000000000000000000e+00
9.152000000000000000e+03,9.865166347116173995e+01,0.000000000000000000e+00
9.153000000000000000e+03,1.012982983137873561e+02,0.000000000000000000e+00
9.154000000000000000e+03,1.033111065315823396e+02,0.000000000000000000e+00
9.155000000000000000e+03,9.774715913516376986e+01,0.000000000000000000e+00
9.156000000000000000e+03,9.498250053485166688e+01,0.000000000000000000e+00
9.157000000000000000e+03,9.610535126585347143e+01,0.000000000000000000e+00
9.158000000000000000e+03,9.955607779541175262e+01,0.000000000000000000e+00
9.159000000000000000e+03,1.063835476728900886e+02,0.000000000000000000e+00
9.160000000000000000e+03,1.045883025660075702e+02,0.000000000000000000e+00
9.161000000000000000e+03,1.028409158256812219e+02,0.000000000000000000e+00
9.162000000000000000e+03,1.012988018822870089e+02,0.000000000000000000e+00
9.163000000000000000e+03,1.045594164769273959e+02,0.000000000000000000e+00
9.164000000000000000e+03,1.003704644587545971e+02,0.000000000000000000e+00
9.165000000000000000e+03,9.674093778696968116e+01,0.000000000000000000e+00
9.166000000000000000e+03,1.020825309604517486e+02,0.000000000000000000e+00
9.167000000000000000e+03,1.033636905844197997e+02,0.000000000000000000e+00
9.168000000000000000e+03,9.931082222729399689e+01,0.000000000000000000e+00
9.169000000000000000e+03,1.015289219097622890e+02,0.000000000000000000e+00
9.170000000000000000e+03,1.016443845964118395e+02,0.000000000000000000e+00
9.171000000000000000e+03,1.005740600222376742e+02,0.000000000000000000e+00
9.172000000000000000e+03,9.890757672260465938e+01,0.000000000000000000e+00
9.173000000000000000e+03,1.054610259505519281e+02,0.000000000000000000e+00
9.174000000000000000e+03,1.021766887254842118e+02,0.000000000000000000e+00
9.175000000000000000e+03,9.621285244319989260e+01,0.000000000000000000e+00
9.176000000000000000e+03,9.407393712149101361e+01,0.000000000000000000e+00
9.177000000000000000e+03,1.100211989699570978e+02,0.000000000000000000e+00
9.178000000000000000e+03,9.901712281241135827e+01,0.000000000000000000e+00
9.179000000000000000e+03,1.026337225297094875e+02,0.000000000000000000e+00
9.180000000000000000e+03,1.043074337824939875e+02,0.000000000000000000e+00
9.181000000000000000e+03,9.982937760652515635e+01,0.000000000000000000e+00
9.182000000000000000e+03,1.008847180758330353e+02,0.000000000000000000e+00
9.183000000000000000e+03,1.056675669621692748e+02,0.000000000000000000e+00
9.184000000000000000e+03,1.047379319953375898e+02,0.000000000000000000e+00
9.185000000000000000e+03,1.036975160274346166e+02,0.000000000000000000e+00
9.186000000000000000e+03,1.038354663417069048e+02,0.000000000000000000e+00
9.187000000000000000e+03,1.026461929883744517e+02,0.000000000000000000e+00
9.188000000000000000e+03,9.708442904275133856e+01,0.000000000000000000e+00
9.189000000000000000e+03,1.084035283564513463e+02,0.000000000000000000e+00
9.190000000000000000e+03,1.054292408988530809e+02,0.000000000000000000e+00
9.191000000000000000e+03,1.091332079749028026e+02,0.000000000000000000e+00
9.192000000000000000e+03,1.018198580662587176e+02,0.000000000000000000e+00
9.193000000000000000e+03,1.024895808738491212e+02,0.000000000000000000e+00
9.194000000000000000e+03,9.547750065735314706e+01,0.000000000000000000e+00
9.195000000000000000e+03,1.024550972598786274e+02,0.000000000000000000e+00
9.196000000000000000e+03,1.007654652390633743e+02,0.000000000000000000e+00
9.197000000000000000e+03,9.982717365998065873e+01,0.000000000000000000e+00
9.198000000000000000e+03,1.031561739579312444e+02,0.000000000000000000e+00
9.199000000000000000e+03,9.615709164315451574e+01,0.000000000000000000e+00
9.200000000000000000e+03,1.020308451267377023e+02,0.000000000000000000e+00
9.201000000000000000e+03,1.012202490942661939e+02,0.000000000000000000e+00
9.202000000000000000e+03,1.027479748762453511e+02,0.000000000000000000e+00
9.203000000000000000e+03,1.021525611040413679e+02,0.000000000000000000e+00
9.204000000000000000e+03,9.519609670683610148e+01,0.000000000000000000e+00
9.205000000000000000e+03,1.046360003485155090e+02,0.000000000000000000e+00
9.206000000000000000e+03,1.078487811950795958e+02,0.000000000000000000e+00
9.207000000000000000e+03,1.089390539620978871e+02,0.000000000000000000e+00
9.208000000000000000e+03,9.828363923925758172e+01,0.000000000000000000e+00
9.209000000000000000e+03,1.016692626794212373e+02,0.000000000000000000e+00
9.210000000000000000e+03,9.833130640093101249e+01,0.000000000000000000e+00
9.211000000000000000e+03,1.002822783617108655e+02,0.000000000000000000e+00
9.212000000000000000e+03,1.023397552024737678e+02,0.000000000000000000e+00
9.213000000000000000e+03,1.042130758216205777e+02,0.000000000000000000e+00
9.214000000000000000e+03,1.018309353195483311e+02,0.000000000000000000e+00
9.215000000000000000e+03,9.429220686711211386e+01,0.000000000000000000e+00
9.216000000000000000e+03,1.030003119231248263e+02,0.000000000000000000e+00
9.217000000000000000e+03,1.043588494632633399e+02,0.000000000000000000e+00
9.218000000000000000e+03,9.611979343613434423e+01,0.000000000000000000e+00
9.219000000000000000e+03,1.022504493931353267e+02,0.000000000000000000e+00
9.220000000000000000e+03,9.871805068920225779e+01,0.000000000000000000e+00
9.221000000000000000e+03,1.006804336068033194e+02,0.000000000000000000e+00
9.222000000000000000e+03,1.006770014263197481e+02,0.000000000000000000e+00
9.223000000000000000e+03,9.999232796622403896e+01,0.000000000000000000e+00
9.224000000000000000e+03,1.058856740418007973e+02,0.000000000000000000e+00
9.225000000000000000e+03,1.040401317664527170e+02,0.000000000000000000e+00
9.226000000000000000e+03,1.018893991354863573e+02,0.000000000000000000e+00
9.227000000000000000e+03,1.003651716157972515e+02,0.000000000000000000e+00
9.228000000000000000e+03,9.616219723167014877e+01,0.000000000000000000e+00
9.229000000000000000e+03,1.038003680618447362e+02,0.000000000000000000e+00
9.230000000000000000e+03,1.033923240612553087e+02,0.000000000000000000e+00
9.231000000000000000e+03,1.007245381233647379e+02,0.000000000000000000e+00
9.232000000000000000e+03,9.581379593941294104e+01,0.000000000000000000e+00
9.233000000000000000e+03,1.059434195924029183e+02,0.000000000000000000e+00
9.234000000000000000e+03,9.466087324217109256e+01,0.000000000000000000e+00
9.235000000000000000e+03,9.810991059659239966e+01,0.000000000000000000e+00
9.236000000000000000e+03,9.409395750468435438e+01,0.000000000000000000e+00
9.237000000000000000e+03,1.045973896577842197e+02,0.000000000000000000e+00
9.238000000000000000e+03,9.758523619971228413e+01,0.000000000000000000e+00
9.239000000000000000e+03,1.009836027097994844e+02,0.000000000000000000e+00
9.240000000000000000e+03,1.025690480824385560e+02,0.000000000000000000e+00
9.241000000000000000e+03,9.729536809243734297e+01,0.000000000000000000e+00
9.242000000000000000e+03,1.003413868654675412e+02,0.000000000000000000e+00
9.243000000000000000e+03,1.016439675175088411e+02,0.000000000000000000e+00
9.244000000000000000e+03,9.936079993893898177e+01,0.000000000000000000e+00
9.245000000000000000e+03,9.726061878400341243e+01,0.000000000000000000e+00
9.246000000000000000e+03,1.020106130704215417e+02,0.000000000000000000e+00
9.247000000000000000e+03,9.891755386341007750e+01,0.000000000000000000e+00
9.248000000000000000e+03,1.026908997173804323e+02,0.000000000000000000e+00
9.249000000000000000e+03,1.004870632567189972e+02,0.000000000000000000e+00
9.250000000000000000e+03,9.943761699326984171e+01,0.000000000000000000e+00
9.251000000000000000e+03,1.017115732763762708e+02,0.000000000000000000e+00
9.252000000000000000e+03,9.902075403858404457e+01,0.000000000000000000e+00
9.253000000000000000e+03,9.338455847789164466e+01,0.000000000000000000e+00
9.254000000000000000e+03,9.897413490310947282e+01,0.000000000000000000e+00
9.255000000000000000e+03,1.057575715768491591e+02,0.000000000000000000e+00
9.256000000000000000e+03,9.622784557054542631e+01,0.000000000000000000e+00
9.257000000000000000e+03,1.038183261456267275e+02,0.000000000000000000e+00
9.258000000000000000e+03,1.041549236669269902e+02,0.000000000000000000e+00
9.259000000000000000e+03,1.020260140518026759e+02,0.000000000000000000e+00
9.260000000000000000e+03,1.035739690944709963e+02,0.000000000000000000e+00
9.261000000000000000e+03,1.032799141733895851e+02,0.000000000000000000e+00
9.262000000000000000e+03,1.027769528962767254e+02,0.000000000000000000e+00
9.263000000000000000e+03,1.006679220790462495e+02,0.000000000000000000e+00
9.264000000000000000e+03,9.986860239608500933e+01,0.000000000000000000e+00
9.265000000000000000e+03,9.837532968378175724e+01,0.000000000000000000e+00
9.266000000000000000e+03,9.695733846661249800e+01,0.000000000000000000e+00
9.267000000000000000e+03,1.055361596409197915e+02,0.000000000000000000e+00
9.268000000000000000e+03,1.009321850749766725e+02,0.000000000000000000e+00
9.269000000000000000e+03,1.028310803731798302e+02,0.000000000000000000e+00
9.270000000000000000e+03,1.014042845810648430e+02,0.000000000000000000e+00
9.271000000000000000e+03,1.032522651724595306e+02,0.000000000000000000e+00
9.272000000000000000e+03,1.027949947511148423e+02,0.000000000000000000e+00
9.273000000000000000e+03,1.022471213148519098e+02,0.000000000000000000e+00
9.274000000000000000e+03,9.903830124645132571e+01,0.000000000000000000e+00
9.275000000000000000e+03,9.731398548324699505e+01,0.000000000000000000e+00
9.276000000000000000e+03,9.892917055312938146e+01,0.000000000000000000e+00
9.277000000000000000e+03,9.918853259582512294e+01,0.000000000000000000e+00
9.278000000000000000e+03,9.878736727462755596e+01,0.000000000000000000e+00
9.279000000000000000e+03,1.068218960848579826e+02,0.000000000000000000e+00
9.280000000000000000e+03,1.002556754986868555e+02,0.000000000000000000e+00
9.281000000000000000e+03,9.974521073927805048e+01,0.000000000000000000e+00
9.282000000000000000e+03,1.052932528475853786e+02,0.000000000000000000e+00
9.283000000000000000e+03,1.026799036745327811e+02,0.000000000000000000e+00
9.284000000000000000e+03,9.862146632709391270e+01,0.000000000000000000e+00
9.285000000000000000e+03,9.509755945486368489e+01,0.000000000000000000e+00
9.286000000000000000e+03,1.023658373113415081e+02,0.000000000000000000e+00
9.287000000000000000e+03,1.018845429991632869e+02,0.000000000000000000e+00
9.288000000000000000e+03,1.086551049249768539e+02,0.000000000000000000e+00
9.289000000000000000e+03,1.033607462259391951e+02,0.000000000000000000e+00
9.290000000000000000e+03,9.554631616664562443e+01,0.000000000000000000e+00
9.291000000000000000e+03,1.064499599995878469e+02,0.000000000000000000e+00
9.292000000000000000e+03,9.708020519807146798e+01,0.000000000000000000e+00
9.293000000000000000e+03,9.978502833558667362e+01,0.000000000000000000e+00
9.294000000000000000e+03,1.060465217631524553e+02,0.000000000000000000e+00
9.295000000000000000e+03,1.013315021234519264e+02,0.000000000000000000e+00
9.296000000000000000e+03,9.504453124273737785e+01,0.000000000000000000e+00
9.297000000000000000e+03,9.980201735391176499e+01,0.000000000000000000e+00
9.298000000000000000e+03,1.040132442498268688e+02,0.000000000000000000e+00
9.299000000000000000e+03,1.074001992068801457e+02,0.000000000000000000e+00
9.300000000000000000e+03,1.019498646967934690e+02,0.000000000000000000e+00
9.301000000000000000e+03,9.861686368064724206e+01,0.000000000000000000e+00
9.302000000000000000e+03,1.002946347214448224e+02,0.000000000000000000e+00
9.303000000000000000e+03,9.453682787182813740e+01,0.000000000000000000e+00
9.304000000000000000e+03,9.689838994780060943e+01,0.000000000000000000e+00
9.305000000000000000e+03,9.597548467453297860e+01,0.000000000000000000e+00
9.306000000000000000e+03,1.019213909905051310e+02,0.000000000000000000e+00
9.307000000000000000e+03,1.002256906563731746e+02,0.000000000000000000e+00
9.308000000000000000e+03,1.016002587691306047e+02,0.000000000000000000e+00
9.309000000000000000e+03,9.820262948368987566e+01,0.000000000000000000e+00
9.310000000000000000e+03,1.010189042893879758e+02,0.000000000000000000e+00
9.311000000000000000e+03,9.534258199853535132e+01,0.000000000000000000e+00
9.312000000000000000e+03,9.987344242194399158e+01,0.000000000000000000e+00
9.313000000000000000e+03,1.056055672107438426e+02,0.000000000000000000e+00
9.314000000000000000e+03,9.675848916579495551e+01,0.000000000000000000e+00
9.315000000000000000e+03,1.043766139500968109e+02,0.000000000000000000e+00
9.316000000000000000e+03,9.734778285837141709e+01,0.000000000000000000e+00
9.317000000000000000e+03,1.020829642972327918e+02,0.000000000000000000e+00
9.318000000000000000e+03,1.003741762412246175e+02,0.000000000000000000e+00
9.319000000000000000e+03,1.035741602103696977e+02,0.000000000000000000e+00
9.320000000000000000e+03,1.004424109698017986e+02,0.000000000000000000e+00
9.321000000000000000e+03,1.021546311665470483e+02,0.000000000000000000e+00
9.322000000000000000e+03,9.921895405507906673e+01,0.000000000000000000e+00
9.323000000000000000e+03,1.015224037366147201e+02,0.000000000000000000e+00
9.324000000000000000e+03,9.712895451213734077e+01,0.000000000000000000e+00
9.325000000000000000e+03,9.767998076069179092e+01,0.000000000000000000e+00
9.326000000000000000e+03,1.050512237063416450e+02,0.000000000000000000e+00
9.327000000000000000e+03,9.857829923940722949e+01,0.000000000000000000e+00
9.328000000000000000e+03,1.022760330055189257e+02,0.000000000000000000e+00
9.329000000000000000e+03,9.357170229049560817e+01,0.000000000000000000e+00
9.330000000000000000e+03,9.424713956773523194e+01,0.000000000000000000e+00
9.331000000000000000e+03,1.014614317134664390e+02,0.000000000000000000e+00
9.332000000000000000e+03,1.042385742056913784e+02,0.000000000000000000e+00
9.333000000000000000e+03,9.621808505151616941e+01,0.000000000000000000e+00
9.334000000000000000e+03,1.019657591905960459e+02,0.000000000000000000e+00
9.335000000000000000e+03,1.003148300934507802e+02,0.000000000000000000e+00
9.336000000000000000e+03,1.054441284460560126e+02,0.000000000000000000e+00
9.337000000000000000e+03,1.027179507313697115e+02,0.000000000000000000e+00
9.338000000000000000e+03,1.033913812544296462e+02,0.000000000000000000e+00
9.339000000000000000e+03,1.062778553883336912e+02,0.000000000000000000e+00
9.340000000000000000e+03,1.008157650635937586e+02,0.000000000000000000e+00
9.341000000000000000e+03,9.497030412817861134e+01,0.000000000000000000e+00
9.342000000000000000e+03,1.056120919328019596e+02,0.000000000000000000e+00
9.343000000000000000e+03,1.044399941015488196e+02,0.000000000000000000e+00
9.344000000000000000e+03,1.041967279546308447e+02,0.000000000000000000e+00
9.345000000000000000e+03,1.016925473911369266e+02,0.000000000000000000e+00
9.346000000000000000e+03,1.063438869796244717e+02,0.000000000000000000e+00
9.347000000000000000e+03,1.027870914657860908e+02,0.000000000000000000e+00
9.348000000000000000e+03,9.992613083340712876e+01,0.000000000000000000e+00
9.349000000000000000e+03,1.003789609741607620e+02,0.000000000000000000e+00
9.350000000000000000e+03,1.086728329090547334e+02,0.000000000000000000e+00
9.351000000000000000e+03,1.018770624455094662e+02,0.000000000000000000e+00
9.352000000000000000e+03,1.032936844055376326e+02,0.000000000000000000e+00
9.353000000000000000e+03,9.960551685416972134e+01,0.000000000000000000e+00
9.354000000000000000e+03,1.036090605349091902e+02,0.000000000000000000e+00
9.355000000000000000e+03,1.061739560710987860e+02,0.000000000000000000e+00
9.356000000000000000e+03,9.850281394251408074e+01,0.000000000000000000e+00
9.357000000000000000e+03,1.014430939960099352e+02,0.000000000000000000e+00
9.358000000000000000e+03,9.483200377400731895e+01,0.000000000000000000e+00
9.359000000000000000e+03,9.771578042456012270e+01,0.000000000000000000e+00
9.360000000000000000e+03,1.031501021885457021e+02,0.000000000000000000e+00
9.361000000000000000e+03,1.050079079862281475e+02,0.000000000000000000e+00
9.362000000000000000e+03,9.755397624973373638e+01,0.000000000000000000e+00
9.363000000000000000e+03,9.947980188656718781e+01,0.000000000000000000e+00
9.364000000000000000e+03,1.029562554091049975e+02,0.000000000000000000e+00
9.365000000000000000e+03,9.793941773375495075e+01,0.000000000000000000e+00
9.366000000000000000e+03,9.972716476483452652e+01,0.000000000000000000e+00
9.367000000000000000e+03,9.739733741475212980e+01,0.000000000000000000e+00
9.368000000000000000e+03,9.856329277879927986e+01,0.000000000000000000e+00
9.369000000000000000e+03,1.016121787031742514e+02,0.000000000000000000e+00
9.370000000000000000e+03,1.030954213242184778e+02,0.000000000000000000e+00
9.371000000000000000e+03,1.011845947149891458e+02,0.000000000000000000e+00
9.372000000000000000e+03,9.283978302181849074e+01,0.000000000000000000e+00
9.373000000000000000e+03,1.014799898269040739e+02,0.000000000000000000e+00
9.374000000000000000e+03,9.912353320345857810e+01,0.000000000000000000e+00
9.375000000000000000e+03,9.656614196276464668e+01,0.000000000000000000e+00
9.376000000000000000e+03,1.012223271525150636e+02,0.000000000000000000e+00
9.377000000000000000e+03,1.063790194739855650e+02,0.000000000000000000e+00
9.378000000000000000e+03,1.007557859785425052e+02,0.000000000000000000e+00
9.379000000000000000e+03,9.820335118963355114e+01,0.000000000000000000e+00
9.380000000000000000e+03,1.033997887943024665e+02,0.000000000000000000e+00
9.381000000000000000e+03,1.026114117415521463e+02,0.000000000000000000e+00
9.382000000000000000e+03,9.746607970127467979e+01,0.000000000000000000e+00
9.383000000000000000e+03,1.031511927975587213e+02,0.000000000000000000e+00
9.384000000000000000e+03,9.969044799066240614e+01,0.000000000000000000e+00
9.385000000000000000e+03,1.035370816280812392e+02,0.000000000000000000e+00
9.386000000000000000e+03,1.047375765063370636e+02,0.000000000000000000e+00
9.387000000000000000e+03,1.021359114411425253e+02,0.000000000000000000e+00
9.388000000000000000e+03,1.014681089754032541e+02,0.000000000000000000e+00
9.389000000000000000e+03,9.984366293533726378e+01,0.000000000000000000e+00
9.390000000000000000e+03,1.060783546647707709e+02,0.000000000000000000e+00
9.391000000000000000e+03,1.010416557233439931e+02,0.000000000000000000e+00
9.392000000000000000e+03,1.004942018340176730e+02,0.000000000000000000e+00
9.393000000000000000e+03,1.008512584882291208e+02,0.000000000000000000e+00
9.394000000000000000e+03,9.756476746270318756e+01,0.000000000000000000e+00
9.395000000000000000e+03,1.018990135538837052e+02,0.000000000000000000e+00
9.396000000000000000e+03,1.026957096141300241e+02,0.000000000000000000e+00
9.397000000000000000e+03,1.008711012615478495e+02,0.000000000000000000e+00
9.398000000000000000e+03,9.915746019106913423e+01,0.000000000000000000e+00
9.399000000000000000e+03,1.018050741210608834e+02,0.000000000000000000e+00
9.400000000000000000e+03,9.891953770394410128e+01,0.000000000000000000e+00
9.401000000000000000e+03,9.894582835023940959e+01,0.000000000000000000e+00
9.402000000000000000e+03,9.828939988566260411e+01,0.000000000000000000e+00
9.403000000000000000e+03,1.005187409516557580e+02,0.000000000000000000e+00
9.404000000000000000e+03,1.000252972323668388e+02,0.000000000000000000e+00
9.405000000000000000e+03,9.704618353204921277e+01,0.000000000000000000e+00
9.406000000000000000e+03,1.060203531835887389e+02,0.000000000000000000e+00
9.407000000000000000e+03,9.947810595973264469e+01,0.000000000000000000e+00
9.408000000000000000e+03,1.048505924806760419e+02,0.000000000000000000e+00
9.409000000000000000e+03,1.032244637476028259e+02,0.000000000000000000e+00
9.410000000000000000e+03,9.940449581676224966e+01,0.000000000000000000e+00
9.411000000000000000e+03,1.041193005437439467e+02,0.000000000000000000e+00
9.412000000000000000e+03,1.021848032117419933e+02,0.000000000000000000e+00
9.413000000000000000e+03,1.004397300866007470e+02,0.000000000000000000e+00
9.414000000000000000e+03,1.009251373140493371e+02,0.000000000000000000e+00
9.415000000000000000e+03,1.035044620062850100e+02,0.000000000000000000e+00
9.416000000000000000e+03,1.012647299277596034e+02,0.000000000000000000e+00
9.417000000000000000e+03,1.018312086662232190e+02,0.000000000000000000e+00
9.418000000000000000e+03,1.069814365170570483e+02,0.000000000000000000e+00
9.419000000000000000e+03,9.860957742616955102e+01,0.000000000000000000e+00
9.420000000000000000e+03,9.962796829539217924e+01,0.000000000000000000e+00
9.421000000000000000e+03,1.000190964849386717e+02,0.000000000000000000e+00
9.422000000000000000e+03,9.668781140829298693e+01,0.000000000000000000e+00
9.423000000000000000e+03,1.047721668285155374e+02,0.000000000000000000e+00
9.424000000000000000e+03,9.685974887459519778e+01,0.000000000000000000e+00
9.425000000000000000e+03,1.018074371746082107e+02,0.000000000000000000e+00
9.426000000000000000e+03,9.988597548463667408e+01,0.000000000000000000e+00
9.427000000000000000e+03,1.019613468721713758e+02,0.000000000000000000e+00
9.428000000000000000e+03,9.910235076394813802e+01,0.000000000000000000e+00
9.429000000000000000e+03,1.051270305975800596e+02,0.000000000000000000e+00
9.430000000000000000e+03,1.024519148070004491e+02,0.000000000000000000e+00
9.431000000000000000e+03,1.018500135945634355e+02,0.000000000000000000e+00
9.432000000000000000e+03,1.038632939473388603e+02,0.000000000000000000e+00
9.433000000000000000e+03,1.026063918870699467e+02,0.000000000000000000e+00
9.434000000000000000e+03,1.029267362592634356e+02,0.000000000000000000e+00
9.435000000000000000e+03,9.219640240385247409e+01,0.000000000000000000e+00
9.436000000000000000e+03,1.018619292285289077e+02,0.000000000000000000e+00
9.437000000000000000e+03,9.713030534755067436e+01,0.000000000000000000e+00
9.438000000000000000e+03,9.831697165200058919e+01,0.000000000000000000e+00
9.439000000000000000e+03,9.995648867295081175e+01,0.000000000000000000e+00
9.440000000000000000e+03,1.012010283214515312e+02,0.000000000000000000e+00
9.441000000000000000e+03,9.969832647484805932e+01,0.000000000000000000e+00
9.442000000000000000e+03,9.941505293807338717e+01,0.000000000000000000e+00
9.443000000000000000e+03,1.014911336678287626e+02,0.000000000000000000e+00
9.444000000000000000e+03,1.004468465851372514e+02,0.000000000000000000e+00
9.445000000000000000e+03,1.021820573433729464e+02,0.000000000000000000e+00
9.446000000000000000e+03,9.829797813518781879e+01,0.000000000000000000e+00
9.447000000000000000e+03,1.003973760957167656e+02,0.000000000000000000e+00
9.448000000000000000e+03,1.035080958145442196e+02,0.000000000000000000e+00
9.449000000000000000e+03,9.750699827902292327e+01,0.000000000000000000e+00
9.450000000000000000e+03,1.026164572903985004e+02,0.000000000000000000e+00
9.451000000000000000e+03,1.041486180867080833e+02,0.000000000000000000e+00
9.452000000000000000e+03,1.009342307735466591e+02,0.000000000000000000e+00
9.453000000000000000e+03,1.018124618246988575e+02,0.000000000000000000e+00
9.454000000000000000e+03,1.045993879769847155e+02,0.000000000000000000e+00
9.455000000000000000e+03,9.932999699691676199e+01,0.000000000000000000e+00
9.456000000000000000e+03,1.060990814687542070e+02,0.000000000000000000e+00
9.457000000000000000e+03,1.001479348275009613e+02,0.000000000000000000e+00
9.458000000000000000e+03,1.058441718423294731e+02,0.000000000000000000e+00
9.459000000000000000e+03,1.057294397217513762e+02,0.000000000000000000e+00
9.460000000000000000e+03,1.025066984765743854e+02,0.000000000000000000e+00
9.461000000000000000e+03,9.740528976282035956e+01,0.000000000000000000e+00
9.462000000000000000e+03,1.038759591437764556e+02,0.000000000000000000e+00
9.463000000000000000e+03,1.022504632046136663e+02,0.000000000000000000e+00
9.464000000000000000e+03,1.043806474475371857e+02,0.000000000000000000e+00
9.465000000000000000e+03,9.874662656941541172e+01,0.000000000000000000e+00
9.466000000000000000e+03,1.052643099995657252e+02,0.000000000000000000e+00
9.467000000000000000e+03,9.993557215923358683e+01,0.000000000000000000e+00
9.468000000000000000e+03,1.046440059265402596e+02,0.000000000000000000e+00
9.469000000000000000e+03,9.948863401235762183e+01,0.000000000000000000e+00
9.470000000000000000e+03,1.032353738296074255e+02,0.000000000000000000e+00
9.471000000000000000e+03,9.913563330807392049e+01,0.000000000000000000e+00
9.472000000000000000e+03,1.044010317254002160e+02,0.000000000000000000e+00
9.473000000000000000e+03,1.019748933133296731e+02,0.000000000000000000e+00
9.474000000000000000e+03,9.934784105989237446e+01,0.000000000000000000e+00
9.475000000000000000e+03,1.022178807065147765e+02,0.000000000000000000e+00
9.476000000000000000e+03,1.019305214920663332e+02,0.000000000000000000e+00
9.477000000000000000e+03,9.577971044678555756e+01,0.000000000000000000e+00
9.478000000000000000e+03,9.759253168103592202e+01,0.000000000000000000e+00
9.479000000000000000e+03,1.019105553796866417e+02,0.000000000000000000e+00
9.480000000000000000e+03,1.004444809670985990e+02,0.000000000000000000e+00
9.481000000000000000e+03,1.025563191428651919e+02,0.000000000000000000e+00
9.482000000000000000e+03,9.951911041556968485e+01,0.000000000000000000e+00
9.483000000000000000e+03,1.025463324040581625e+02,0.000000000000000000e+00
9.484000000000000000e+03,1.018477885948798871e+02,0.000000000000000000e+00
9.485000000000000000e+03,1.016549357879361253e+02,0.000000000000000000e+00
9.486000000000000000e+03,9.967762444015937717e+01,0.000000000000000000e+00
9.487000000000000000e+03,9.570644189857613071e+01,0.000000000000000000e+00
9.488000000000000000e+03,9.995757690259567596e+01,0.000000000000000000e+00
9.489000000000000000e+03,9.894996500557346053e+01,0.000000000000000000e+00
9.490000000000000000e+03,1.003053024116535568e+02,0.000000000000000000e+00
9.491000000000000000e+03,9.551691655309033990e+01,0.000000000000000000e+00
9.492000000000000000e+03,1.013078524757634540e+02,0.000000000000000000e+00
9.493000000000000000e+03,9.526779658175165366e+01,0.000000000000000000e+00
9.494000000000000000e+03,9.982826906429262692e+01,0.000000000000000000e+00
9.495000000000000000e+03,9.679075924269267261e+01,0.000000000000000000e+00
9.496000000000000000e+03,1.039161682094717634e+02,0.000000000000000000e+00
9.497000000000000000e+03,1.013101699658171242e+02,0.000000000000000000e+00
9.498000000000000000e+03,9.951772528658266026e+01,0.000000000000000000e+00
9.499000000000000000e+03,9.525814960488902727e+01,0.000000000000000000e+00
9.500000000000000000e+03,9.755409997938356526e+01,0.000000000000000000e+00
9.501000000000000000e+03,9.777039233866153722e+01,0.000000000000000000e+00
9.502000000000000000e+03,1.049838216348807407e+02,0.000000000000000000e+00
9.503000000000000000e+03,1.029308784667999248e+02,0.000000000000000000e+00
9.504000000000000000e+03,9.572892415001189192e+01,0.000000000000000000e+00
9.505000000000000000e+03,9.956748048205039936e+01,0.000000000000000000e+00
9.506000000000000000e+03,1.007389550943122316e+02,0.000000000000000000e+00
9.507000000000000000e+03,1.007063728702088952e+02,0.000000000000000000e+00
9.508000000000000000e+03,9.689660976774135293e+01,0.000000000000000000e+00
9.509000000000000000e+03,1.086454872637261388e+02,0.000000000000000000e+00
9.510000000000000000e+03,1.016470047493540250e+02,0.000000000000000000e+00
9.511000000000000000e+03,1.038990255943689647e+02,0.000000000000000000e+00
9.512000000000000000e+03,1.005770188713305089e+02,0.000000000000000000e+00
9.513000000000000000e+03,1.016356176769208304e+02,0.000000000000000000e+00
9.514000000000000000e+03,1.009173678351702677e+02,0.000000000000000000e+00
9.515000000000000000e+03,1.021489857691985037e+02,0.000000000000000000e+00
9.516000000000000000e+03,9.471176291732761854e+01,0.000000000000000000e+00
9.517000000000000000e+03,9.942040068173723455e+01,0.000000000000000000e+00
9.518000000000000000e+03,9.982133240305743982e+01,0.000000000000000000e+00
9.519000000000000000e+03,9.957749606919318808e+01,0.000000000000000000e+00
9.520000000000000000e+03,1.023517069768332419e+02,0.000000000000000000e+00
9.521000000000000000e+03,1.057308172583772858e+02,0.000000000000000000e+00
9.522000000000000000e+03,9.883292438629062815e+01,0.000000000000000000e+00
9.523000000000000000e+03,9.597386900623200745e+01,0.000000000000000000e+00
9.524000000000000000e+03,1.004233387933558816e+02,0.000000000000000000e+00
9.525000000000000000e+03,9.589996486210064575e+01,0.000000000000000000e+00
9.526000000000000000e+03,1.000792733240266870e+02,0.000000000000000000e+00
9.527000000000000000e+03,1.053848922821383383e+02,0.000000000000000000e+00
9.528000000000000000e+03,1.073630731420926452e+02,0.000000000000000000e+00
9.529000000000000000e+03,1.037959466172384282e+02,0.000000000000000000e+00
9.530000000000000000e+03,1.000206068638724730e+02,0.000000000000000000e+00
9.531000000000000000e+03,1.004317422928888703e+02,0.000000000000000000e+00
9.532000000000000000e+03,1.017213086080809887e+02,0.000000000000000000e+00
9.533000000000000000e+03,1.000386422081796951e+02,0.000000000000000000e+00
9.534000000000000000e+03,1.035155056055705103e+02,0.000000000000000000e+00
9.535000000000000000e+03,9.844906081097091999e+01,0.000000000000000000e+00
9.536000000000000000e+03,9.602700868960572222e+01,0.000000000000000000e+00
9.537000000000000000e+03,1.015425437498604140e+02,0.000000000000000000e+00
9.538000000000000000e+03,1.027332809348174152e+02,0.000000000000000000e+00
9.539000000000000000e+03,9.909888252386483032e+01,0.000000000000000000e+00
9.540000000000000000e+03,1.022499020235842551e+02,0.000000000000000000e+00
9.541000000000000000e+03,1.013282999138314864e+02,0.000000000000000000e+00
9.542000000000000000e+03,9.709975697978592279e+01,0.000000000000000000e+00
9.543000000000000000e+03,1.006470168135076904e+02,0.000000000000000000e+00
9.544000000000000000e+03,9.946330392503224971e+01,0.000000000000000000e+00
9.545000000000000000e+03,1.031127255663937063e+02,0.000000000000000000e+00
9.546000000000000000e+03,9.422978128703168466e+01,0.000000000000000000e+00
9.547000000000000000e+03,1.006205121072308089e+02,0.000000000000000000e+00
9.548000000000000000e+03,1.057753011892315271e+02,0.000000000000000000e+00
9.549000000000000000e+03,9.921703153388124008e+01,0.000000000000000000e+00
9.550000000000000000e+03,9.745352133503750736e+01,0.000000000000000000e+00
9.551000000000000000e+03,1.039730224968905361e+02,0.000000000000000000e+00
9.552000000000000000e+03,9.937657879310987141e+01,0.000000000000000000e+00
9.553000000000000000e+03,1.088103814942146528e+02,0.000000000000000000e+00
9.554000000000000000e+03,1.034820129997797267e+02,0.000000000000000000e+00
9.555000000000000000e+03,1.039485875337192624e+02,0.000000000000000000e+00
9.556000000000000000e+03,9.983506555627714363e+01,0.000000000000000000e+00
9.557000000000000000e+03,9.818962836516246284e+01,0.000000000000000000e+00
9.558000000000000000e+03,9.920091032024085109e+01,0.000000000000000000e+00
9.559000000000000000e+03,9.858371238741197828e+01,0.000000000000000000e+00
9.560000000000000000e+03,1.032188604412442885e+02,0.000000000000000000e+00
9.561000000000000000e+03,1.013399355369552666e+02,0.000000000000000000e+00
9.562000000000000000e+03,9.911302852089993110e+01,0.000000000000000000e+00
9.563000000000000000e+03,9.801171328069818856e+01,0.000000000000000000e+00
9.564000000000000000e+03,9.721427079541311400e+01,0.000000000000000000e+00
9.565000000000000000e+03,1.018691616924699446e+02,0.000000000000000000e+00
9.566000000000000000e+03,1.009972711291081566e+02,0.000000000000000000e+00
9.567000000000000000e+03,1.043501236047533780e+02,0.000000000000000000e+00
9.568000000000000000e+03,9.644057090545159383e+01,0.000000000000000000e+00
9.569000000000000000e+03,1.014570991765921661e+02,0.000000000000000000e+00
9.570000000000000000e+03,1.036585900324355123e+02,0.000000000000000000e+00
9.571000000000000000e+03,1.040571646836381206e+02,0.000000000000000000e+00
9.572000000000000000e+03,1.027746039571004104e+02,0.000000000000000000e+00
9.573000000000000000e+03,9.734336325492535025e+01,0.000000000000000000e+00
9.574000000000000000e+03,9.854352108284693657e+01,0.000000000000000000e+00
9.575000000000000000e+03,1.008002656467934770e+02,0.000000000000000000e+00
9.576000000000000000e+03,1.031397676022483409e+02,0.000000000000000000e+00
9.577000000000000000e+03,1.062585918388835893e+02,0.000000000000000000e+00
9.578000000000000000e+03,9.805440707545463397e+01,0.000000000000000000e+00
9.579000000000000000e+03,1.028161589590925615e+02,0.000000000000000000e+00
9.580000000000000000e+03,9.736190983126896015e+01,0.000000000000000000e+00
9.581000000000000000e+03,9.881506472157072096e+01,0.000000000000000000e+00
9.582000000000000000e+03,9.845591735950526413e+01,0.000000000000000000e+00
9.583000000000000000e+03,9.946949520339013873e+01,0.000000000000000000e+00
9.584000000000000000e+03,9.870771053075262103e+01,0.000000000000000000e+00
9.585000000000000000e+03,1.028583569452748776e+02,0.000000000000000000e+00
9.586000000000000000e+03,9.632574297308545397e+01,0.000000000000000000e+00
9.587000000000000000e+03,1.014661401716902134e+02,0.000000000000000000e+00
9.588000000000000000e+03,9.463102535766772405e+01,0.000000000000000000e+00
9.589000000000000000e+03,1.037240955417315860e+02,0.000000000000000000e+00
9.590000000000000000e+03,1.035097089215487216e+02,0.000000000000000000e+00
9.591000000000000000e+03,9.526792264138497046e+01,0.000000000000000000e+00
9.592000000000000000e+03,9.657121666231310542e+01,0.000000000000000000e+00
9.593000000000000000e+03,1.006284657915648779e+02,0.000000000000000000e+00
9.594000000000000000e+03,1.007791139656406614e+02,0.000000000000000000e+00
9.595000000000000000e+03,1.005075943300613659e+02,0.000000000000000000e+00
9.596000000000000000e+03,1.066918259623954555e+02,0.000000000000000000e+00
9.597000000000000000e+03,1.026340560932801225e+02,0.000000000000000000e+00
9.598000000000000000e+03,1.029582702304237358e+02,0.000000000000000000e+00
9.599000000000000000e+03,1.041011342390459049e+02,0.000000000000000000e+00
9.600000000000000000e+03,1.024393600293202553e+02,0.000000000000000000e+00
9.601000000000000000e+03,1.082700309242761705e+02,0.000000000000000000e+00
9.602000000000000000e+03,1.026619202410870884e+02,0.000000000000000000e+00
9.603000000000000000e+03,1.059076665763280687e+02,0.000000000000000000e+00
9.604000000000000000e+03,1.007524111197518266e+02,0.000000000000000000e+00
9.605000000000000000e+03,1.026246186130301794e+02,0.000000000000000000e+00
9.606000000000000000e+03,1.017295917934747962e+02,0.000000000000000000e+00
9.607000000000000000e+03,1.036743913343631078e+02,0.000000000000000000e+00
9.608000000000000000e+03,9.789731796734052693e+01,0.000000000000000000e+00
9.609000000000000000e+03,9.790702441651941967e+01,0.000000000000000000e+00
9.610000000000000000e+03,9.665860563359430557e+01,0.000000000000000000e+00
9.611000000000000000e+03,1.020223599647428188e+02,0.000000000000000000e+00
9.612000000000000000e+03,1.009887817521301514e+02,0.000000000000000000e+00
9.613000000000000000e+03,9.793932178841441782e+01,0.000000000000000000e+00
9.614000000000000000e+03,1.054762072478874444e+02,0.000000000000000000e+00
9.615000000000000000e+03,9.953645964077901453e+01,0.000000000000000000e+00
9.616000000000000000e+03,9.984688103591307140e+01,0.000000000000000000e+00
9.617000000000000000e+03,9.672020360870244815e+01,0.000000000000000000e+00
9.618000000000000000e+03,1.013763902008242326e+02,0.000000000000000000e+00
9.619000000000000000e+03,9.726638742964215112e+01,0.000000000000000000e+00
9.620000000000000000e+03,1.000075565863414653e+02,0.000000000000000000e+00
9.621000000000000000e+03,1.070284450898417390e+02,0.000000000000000000e+00
9.622000000000000000e+03,9.650772425743194560e+01,0.000000000000000000e+00
9.623000000000000000e+03,9.639727633993047107e+01,0.000000000000000000e+00
9.624000000000000000e+03,1.024966073587243613e+02,0.000000000000000000e+00
9.625000000000000000e+03,9.942856423466712101e+01,0.000000000000000000e+00
9.626000000000000000e+03,1.059645058838679006e+02,0.000000000000000000e+00
9.627000000000000000e+03,1.013933440430762261e+02,0.000000000000000000e+00
9.628000000000000000e+03,9.539344695793889173e+01,0.000000000000000000e+00
9.629000000000000000e+03,9.447682651994313119e+01,0.000000000000000000e+00
9.630000000000000000e+03,9.621338117966266168e+01,0.000000000000000000e+00
9.631000000000000000e+03,1.040526114067670278e+02,0.000000000000000000e+00
9.632000000000000000e+03,1.026915180600032471e+02,0.000000000000000000e+00
9.633000000000000000e+03,9.776754204639560442e+01,0.000000000000000000e+00
9.634000000000000000e+03,1.020831385897678274e+02,0.000000000000000000e+00
9.635000000000000000e+03,1.036385290031161190e+02,0.000000000000000000e+00
9.636000000000000000e+03,1.085610658869041600e+02,0.000000000000000000e+00
9.637000000000000000e+03,1.018646779221308236e+02,0.000000000000000000e+00
9.638000000000000000e+03,1.050468694862212118e+02,0.000000000000000000e+00
9.639000000000000000e+03,9.272313419436291326e+01,0.000000000000000000e+00
9.640000000000000000e+03,9.731568223489627201e+01,0.000000000000000000e+00
9.641000000000000000e+03,9.824328310407248921e+01,0.000000000000000000e+00
9.642000000000000000e+03,1.013987824062309215e+02,0.000000000000000000e+00
9.643000000000000000e+03,1.072865443053707253e+02,0.000000000000000000e+00
9.644000000000000000e+03,9.962629643797247070e+01,0.000000000000000000e+00
9.645000000000000000e+03,1.073639638293805376e+02,0.000000000000000000e+00
9.646000000000000000e+03,1.039781014294258199e+02,0.000000000000000000e+00
9.647000000000000000e+03,1.009271233584034348e+02,0.000000000000000000e+00
9.648000000000000000e+03,1.089287379934816045e+02,0.000000000000000000e+00
9.649000000000000000e+03,1.036532612849090214e+02,0.000000000000000000e+00
9.650000000000000000e+03,1.035949474725291424e+02,0.000000000000000000e+00
9.651000000000000000e+03,1.019265525468569820e+02,0.000000000000000000e+00
9.652000000000000000e+03,1.046206004208303852e+02,0.000000000000000000e+00
9.653000000000000000e+03,9.874322388530686112e+01,0.000000000000000000e+00
9.654000000000000000e+03,1.028916119794220805e+02,0.000000000000000000e+00
9.655000000000000000e+03,1.002113746865374395e+02,0.000000000000000000e+00
9.656000000000000000e+03,1.027647298064272263e+02,0.000000000000000000e+00
9.657000000000000000e+03,9.344177117704505520e+01,0.000000000000000000e+00
9.658000000000000000e+03,1.022611730410050086e+02,0.000000000000000000e+00
9.659000000000000000e+03,1.003023473437706201e+02,0.000000000000000000e+00
9.660000000000000000e+03,1.042517978681372597e+02,0.000000000000000000e+00
9.661000000000000000e+03,1.025594133474577063e+02,0.000000000000000000e+00
9.662000000000000000e+03,9.364677647428651142e+01,0.000000000000000000e+00
9.663000000000000000e+03,1.041342318845132127e+02,0.000000000000000000e+00
9.664000000000000000e+03,9.536726969595845560e+01,0.000000000000000000e+00
9.665000000000000000e+03,1.031899740985480207e+02,0.000000000000000000e+00
9.666000000000000000e+03,9.583669050458382799e+01,0.000000000000000000e+00
9.667000000000000000e+03,9.806977190570614766e+01,0.000000000000000000e+00
9.668000000000000000e+03,9.912422700256765040e+01,0.000000000000000000e+00
9.669000000000000000e+03,1.032386444407874109e+02,0.000000000000000000e+00
9.670000000000000000e+03,9.949859200383035329e+01,0.000000000000000000e+00
9.671000000000000000e+03,1.064418901833678746e+02,0.000000000000000000e+00
9.672000000000000000e+03,1.007875396514727271e+02,0.000000000000000000e+00
9.673000000000000000e+03,1.013033424610980120e+02,0.000000000000000000e+00
9.674000000000000000e+03,1.025705609356103594e+02,0.000000000000000000e+00
9.675000000000000000e+03,1.011486416398346933e+02,0.000000000000000000e+00
9.676000000000000000e+03,1.042804097573900464e+02,0.000000000000000000e+00
9.677000000000000000e+03,9.731909927654685077e+01,0.000000000000000000e+00
9.678000000000000000e+03,1.028739438739818155e+02,0.000000000000000000e+00
9.679000000000000000e+03,9.773471328123699209e+01,0.000000000000000000e+00
9.680000000000000000e+03,1.019898896608870871e+02,0.000000000000000000e+00
9.681000000000000000e+03,1.005590302028423082e+02,0.000000000000000000e+00
9.682000000000000000e+03,1.084164738763792002e+02,0.000000000000000000e+00
9.683000000000000000e+03,9.641874422662715460e+01,0.000000000000000000e+00
9.684000000000000000e+03,1.051729454581762013e+02,0.000000000000000000e+00
9.685000000000000000e+03,9.667931979124774955e+01,0.000000000000000000e+00
9.686000000000000000e+03,1.041675607037056750e+02,0.000000000000000000e+00
9.687000000000000000e+03,1.138371886717644941e+02,0.000000000000000000e+00
9.688000000000000000e+03,9.981206647340286509e+01,0.000000000000000000e+00
9.689000000000000000e+03,1.036758535892122808e+02,0.000000000000000000e+00
9.690000000000000000e+03,1.014337510513868352e+02,0.000000000000000000e+00
9.691000000000000000e+03,9.584936454104909842e+01,0.000000000000000000e+00
9.692000000000000000e+03,1.025995959934479913e+02,0.000000000000000000e+00
9.693000000000000000e+03,1.000369874582396790e+02,0.000000000000000000e+00
9.694000000000000000e+03,1.053927764706949972e+02,0.000000000000000000e+00
9.695000000000000000e+03,9.862414731126689560e+01,0.000000000000000000e+00
9.696000000000000000e+03,1.017580831595582254e+02,0.000000000000000000e+00
9.697000000000000000e+03,1.044765447413176105e+02,0.000000000000000000e+00
9.698000000000000000e+03,9.816704912974005026e+01,0.000000000000000000e+00
9.699000000000000000e+03,9.814581904403985391e+01,0.000000000000000000e+00
9.700000000000000000e+03,1.000444670616604270e+02,0.000000000000000000e+00
9.701000000000000000e+03,1.008821145640207959e+02,0.000000000000000000e+00
9.702000000000000000e+03,1.005886330738263155e+02,0.000000000000000000e+00
9.703000000000000000e+03,1.027756204718781277e+02,0.000000000000000000e+00
9.704000000000000000e+03,1.046842416841770245e+02,0.000000000000000000e+00
9.705000000000000000e+03,1.051594764424008304e+02,0.000000000000000000e+00
9.706000000000000000e+03,1.045086356030561205e+02,0.000000000000000000e+00
9.707000000000000000e+03,1.005251344230432125e+02,0.000000000000000000e+00
9.708000000000000000e+03,1.019937141389874142e+02,0.000000000000000000e+00
9.709000000000000000e+03,9.447629949989992326e+01,0.000000000000000000e+00
9.710000000000000000e+03,1.040282924743500388e+02,0.000000000000000000e+00
9.711000000000000000e+03,1.059148991407139562e+02,0.000000000000000000e+00
9.712000000000000000e+03,1.064135814838739833e+02,0.000000000000000000e+00
9.713000000000000000e+03,1.015181811726283314e+02,0.000000000000000000e+00
9.714000000000000000e+03,1.030897837942338100e+02,0.000000000000000000e+00
9.715000000000000000e+03,1.063777714004224890e+02,0.000000000000000000e+00
9.716000000000000000e+03,1.011920371815334079e+02,0.000000000000000000e+00
9.717000000000000000e+03,1.020427613572868353e+02,0.000000000000000000e+00
9.718000000000000000e+03,1.017589271923574898e+02,0.000000000000000000e+00
9.719000000000000000e+03,9.128431590315312860e+01,0.000000000000000000e+00
9.720000000000000000e+03,9.736694401404251664e+01,0.000000000000000000e+00
9.721000000000000000e+03,9.989733146326852875e+01,0.000000000000000000e+00
9.722000000000000000e+03,1.024400320005253064e+02,0.000000000000000000e+00
9.723000000000000000e+03,1.007379176975224198e+02,0.000000000000000000e+00
9.724000000000000000e+03,1.079236838092200657e+02,0.000000000000000000e+00
9.725000000000000000e+03,9.598986304065263653e+01,0.000000000000000000e+00
9.726000000000000000e+03,1.053878368096143845e+02,0.000000000000000000e+00
9.727000000000000000e+03,1.013991180633112918e+02,0.000000000000000000e+00
9.728000000000000000e+03,1.032704645118223539e+02,0.000000000000000000e+00
9.729000000000000000e+03,1.008628933497147102e+02,0.000000000000000000e+00
9.730000000000000000e+03,9.506303476848911771e+01,0.000000000000000000e+00
9.731000000000000000e+03,9.951169933708521853e+01,0.000000000000000000e+00
9.732000000000000000e+03,1.052207691626605595e+02,0.000000000000000000e+00
9.733000000000000000e+03,9.883507243319668589e+01,0.000000000000000000e+00
9.734000000000000000e+03,9.971065812966514841e+01,0.000000000000000000e+00
9.735000000000000000e+03,1.056039745280003928e+02,0.000000000000000000e+00
9.736000000000000000e+03,1.019468247323875261e+02,0.000000000000000000e+00
9.737000000000000000e+03,1.015835275670765299e+02,0.000000000000000000e+00
9.738000000000000000e+03,1.001113767883099257e+02,0.000000000000000000e+00
9.739000000000000000e+03,1.072380088461998184e+02,0.000000000000000000e+00
9.740000000000000000e+03,9.900560417168750860e+01,0.000000000000000000e+00
9.741000000000000000e+03,1.034615650181200266e+02,0.000000000000000000e+00
9.742000000000000000e+03,9.837073008969451848e+01,0.000000000000000000e+00
9.743000000000000000e+03,1.007050027319877330e+02,0.000000000000000000e+00
9.744000000000000000e+03,1.085927393307920426e+02,0.000000000000000000e+00
9.745000000000000000e+03,1.033360485448381354e+02,0.000000000000000000e+00
9.746000000000000000e+03,9.875124196912754826e+01,0.000000000000000000e+00
9.747000000000000000e+03,1.032295435689384249e+02,0.000000000000000000e+00
9.748000000000000000e+03,1.055774602920007794e+02,0.000000000000000000e+00
9.749000000000000000e+03,1.009736780135770715e+02,0.000000000000000000e+00
9.750000000000000000e+03,1.052334157734474189e+02,0.000000000000000000e+00
9.751000000000000000e+03,1.002073716463062425e+02,0.000000000000000000e+00
9.752000000000000000e+03,1.049883936522446675e+02,0.000000000000000000e+00
9.753000000000000000e+03,1.031641072972545885e+02,0.000000000000000000e+00
9.754000000000000000e+03,9.755850512187193146e+01,0.000000000000000000e+00
9.755000000000000000e+03,1.000300569732956149e+02,0.000000000000000000e+00
9.756000000000000000e+03,1.009612360368595034e+02,0.000000000000000000e+00
9.757000000000000000e+03,1.051903113404587202e+02,0.000000000000000000e+00
9.758000000000000000e+03,1.052786257015627029e+02,0.000000000000000000e+00
9.759000000000000000e+03,9.838999451180973210e+01,0.000000000000000000e+00
9.760000000000000000e+03,1.023230228652812315e+02,0.000000000000000000e+00
9.761000000000000000e+03,1.044513641397517603e+02,0.000000000000000000e+00
9.762000000000000000e+03,1.041197900175423285e+02,0.000000000000000000e+00
9.763000000000000000e+03,1.029670661948931212e+02,0.000000000000000000e+00
9.764000000000000000e+03,1.024659276525672595e+02,0.000000000000000000e+00
9.765000000000000000e+03,9.834468534857704469e+01,0.000000000000000000e+00
9.766000000000000000e+03,1.046459875505739916e+02,0.000000000000000000e+00
9.767000000000000000e+03,1.006542448530503151e+02,0.000000000000000000e+00
9.768000000000000000e+03,9.201141611567454959e+01,0.000000000000000000e+00
9.769000000000000000e+03,1.065523568894089976e+02,0.000000000000000000e+00
9.770000000000000000e+03,9.957868302311926811e+01,0.000000000000000000e+00
9.771000000000000000e+03,1.037000480075240318e+02,0.000000000000000000e+00
9.772000000000000000e+03,1.021880887616026854e+02,0.000000000000000000e+00
9.773000000000000000e+03,1.052093528193185392e+02,0.000000000000000000e+00
9.774000000000000000e+03,1.049149792504813092e+02,0.000000000000000000e+00
9.775000000000000000e+03,1.079542233878088382e+02,0.000000000000000000e+00
9.776000000000000000e+03,9.542926174450371946e+01,0.000000000000000000e+00
9.777000000000000000e+03,9.972897002228008034e+01,0.000000000000000000e+00
9.778000000000000000e+03,9.950314560042176026e+01,0.000000000000000000e+00
9.779000000000000000e+03,9.849993059931090045e+01,0.000000000000000000e+00
9.780000000000000000e+03,9.524714008992397396e+01,0.000000000000000000e+00
9.781000000000000000e+03,1.021594269464252278e+02,0.000000000000000000e+00
9.782000000000000000e+03,1.064369256336149761e+02,0.000000000000000000e+00
9.783000000000000000e+03,1.051766253095919552e+02,0.000000000000000000e+00
9.784000000000000000e+03,1.012966215479840315e+02,0.000000000000000000e+00
9.785000000000000000e+03,9.260316299315992694e+01,0.000000000000000000e+00
9.786000000000000000e+03,9.771205596765717871e+01,0.000000000000000000e+00
9.787000000000000000e+03,9.800231281606785672e+01,0.000000000000000000e+00
9.788000000000000000e+03,1.025849664780661357e+02,0.000000000000000000e+00
9.789000000000000000e+03,1.011318934949990762e+02,0.000000000000000000e+00
9.790000000000000000e+03,9.658220647152057836e+01,0.000000000000000000e+00
9.791000000000000000e+03,1.006710175795234932e+02,0.000000000000000000e+00
9.792000000000000000e+03,1.045226578654924339e+02,0.000000000000000000e+00
9.793000000000000000e+03,9.935851780167924119e+01,0.000000000000000000e+00
9.794000000000000000e+03,9.267290722425121885e+01,0.000000000000000000e+00
9.795000000000000000e+03,1.023950547563933782e+02,0.000000000000000000e+00
9.796000000000000000e+03,9.896534045612656882e+01,0.000000000000000000e+00
9.797000000000000000e+03,9.620691108553258175e+01,0.000000000000000000e+00
9.798000000000000000e+03,9.739983371611519658e+01,0.000000000000000000e+00
9.799000000000000000e+03,9.732598432946753064e+01,0.000000000000000000e+00
9.800000000000000000e+03,1.012378441133041633e+02,0.000000000000000000e+00
9.801000000000000000e+03,1.104569484586298103e+02,0.000000000000000000e+00
9.802000000000000000e+03,9.994252754730310073e+01,0.000000000000000000e+00
9.803000000000000000e+03,9.526381858345925480e+01,0.000000000000000000e+00
9.804000000000000000e+03,9.998391888192281840e+01,0.000000000000000000e+00
9.805000000000000000e+03,1.000778224735344111e+02,0.000000000000000000e+00
9.806000000000000000e+03,9.672924914642300109e+01,0.000000000000000000e+00
9.807000000000000000e+03,1.034586744285064697e+02,0.000000000000000000e+00
9.808000000000000000e+03,9.756370956578815878e+01,0.000000000000000000e+00
9.809000000000000000e+03,1.029234850584511634e+02,0.000000000000000000e+00
9.810000000000000000e+03,1.002208986268496460e+02,0.000000000000000000e+00
9.811000000000000000e+03,9.572236108637142138e+01,0.000000000000000000e+00
9.812000000000000000e+03,9.953848374535282062e+01,0.000000000000000000e+00
9.813000000000000000e+03,9.755130457589331172e+01,0.000000000000000000e+00
9.814000000000000000e+03,1.057000225362172046e+02,0.000000000000000000e+00
9.815000000000000000e+03,9.969571990910277748e+01,0.000000000000000000e+00
9.816000000000000000e+03,1.010407526785076158e+02,0.000000000000000000e+00
9.817000000000000000e+03,9.308037179791418225e+01,0.000000000000000000e+00
9.818000000000000000e+03,9.926667662171442430e+01,0.000000000000000000e+00
9.819000000000000000e+03,1.025580674353698356e+02,0.000000000000000000e+00
9.820000000000000000e+03,1.084145887170525242e+02,0.000000000000000000e+00
9.821000000000000000e+03,1.004553733981093586e+02,0.000000000000000000e+00
9.822000000000000000e+03,1.044239246712225366e+02,0.000000000000000000e+00
9.823000000000000000e+03,1.044520061923236227e+02,0.000000000000000000e+00
9.824000000000000000e+03,9.877797640632876153e+01,0.000000000000000000e+00
9.825000000000000000e+03,1.051476758071393220e+02,0.000000000000000000e+00
9.826000000000000000e+03,9.854305949816684063e+01,0.000000000000000000e+00
9.827000000000000000e+03,1.086638706318955911e+02,0.000000000000000000e+00
9.828000000000000000e+03,1.001783789041389241e+02,0.000000000000000000e+00
9.829000000000000000e+03,1.009423667542166640e+02,0.000000000000000000e+00
9.830000000000000000e+03,1.031650814546044757e+02,0.000000000000000000e+00
9.831000000000000000e+03,9.550543996013124115e+01,0.000000000000000000e+00
9.832000000000000000e+03,9.856779988097801493e+01,0.000000000000000000e+00
9.833000000000000000e+03,1.012893946875442310e+02,0.000000000000000000e+00
9.834000000000000000e+03,1.047568573278086461e+02,0.000000000000000000e+00
9.835000000000000000e+03,1.032502035060989272e+02,0.000000000000000000e+00
9.836000000000000000e+03,1.006183344417153194e+02,0.000000000000000000e+00
9.837000000000000000e+03,1.041100072642294379e+02,0.000000000000000000e+00
9.838000000000000000e+03,1.021671379218616948e+02,0.000000000000000000e+00
9.839000000000000000e+03,1.045124871998418428e+02,0.000000000000000000e+00
9.840000000000000000e+03,1.040155682494183935e+02,0.000000000000000000e+00
9.841000000000000000e+03,1.008938736720871674e+02,0.000000000000000000e+00
9.842000000000000000e+03,1.041781689585215389e+02,0.000000000000000000e+00
9.843000000000000000e+03,1.004128239098147759e+02,0.000000000000000000e+00
9.844000000000000000e+03,1.072237281108185982e+02,0.000000000000000000e+00
9.845000000000000000e+03,1.002114211045694390e+02,0.000000000000000000e+00
9.846000000000000000e+03,1.085181833327082188e+02,0.000000000000000000e+00
9.847000000000000000e+03,1.021578220969431499e+02,0.000000000000000000e+00
9.848000000000000000e+03,1.014787223977579771e+02,0.000000000000000000e+00
9.849000000000000000e+03,9.837594841951791125e+01,0.000000000000000000e+00
9.850000000000000000e+03,1.001735029381634661e+02,0.000000000000000000e+00
9.851000000000000000e+03,9.415549787913421653e+01,0.000000000000000000e+00
9.852000000000000000e+03,1.042871291364927941e+02,0.000000000000000000e+00
9.853000000000000000e+03,9.859716691201279559e+01,0.000000000000000000e+00
9.854000000000000000e+03,1.020974586812739346e+02,0.000000000000000000e+00
9.855000000000000000e+03,1.006028471310156505e+02,0.000000000000000000e+00
9.856000000000000000e+03,1.006462529914046939e+02,0.000000000000000000e+00
9.857000000000000000e+03,9.791616064109454953e+01,0.000000000000000000e+00
9.858000000000000000e+03,1.003493061457470361e+02,0.000000000000000000e+00
9.859000000000000000e+03,9.583730380028455897e+01,0.000000000000000000e+00
9.860000000000000000e+03,1.012340559924830359e+02,0.000000000000000000e+00
9.861000000000000000e+03,9.223322973683019654e+01,0.000000000000000000e+00
9.862000000000000000e+03,1.006069687913849577e+02,0.000000000000000000e+00
9.863000000000000000e+03,9.227287817013022675e+01,0.000000000000000000e+00
9.864000000000000000e+03,1.010861098547849366e+02,0.000000000000000000e+00
9.865000000000000000e+03,1.017892045199960620e+02,0.000000000000000000e+00
9.866000000000000000e+03,9.626367384765762836e+01,0.000000000000000000e+00
9.867000000000000000e+03,1.059184003228816380e+02,0.000000000000000000e+00
9.868000000000000000e+03,1.036408988928615287e+02,0.000000000000000000e+00
9.869000000000000000e+03,9.889988679023288398e+01,0.000000000000000000e+00
9.870000000000000000e+03,1.036662157388516334e+02,0.000000000000000000e+00
9.871000000000000000e+03,1.037246262979535771e+02,0.000000000000000000e+00
9.872000000000000000e+03,1.078670200828318144e+02,0.000000000000000000e+00
9.873000000000000000e+03,1.092198009963301217e+02,0.000000000000000000e+00
9.874000000000000000e+03,1.076383595371695066e+02,0.000000000000000000e+00
9.875000000000000000e+03,9.899132166673460631e+01,0.000000000000000000e+00
9.876000000000000000e+03,9.694608612751467547e+01,0.000000000000000000e+00
9.877000000000000000e+03,1.041936566199795351e+02,0.000000000000000000e+00
9.878000000000000000e+03,1.030423061546357673e+02,0.000000000000000000e+00
9.879000000000000000e+03,1.022367800390613723e+02,0.000000000000000000e+00
9.880000000000000000e+03,9.628161675334511926e+01,0.000000000000000000e+00
9.881000000000000000e+03,1.000075549584493615e+02,0.000000000000000000e+00
9.882000000000000000e+03,1.025343476908468858e+02,0.000000000000000000e+00
9.883000000000000000e+03,1.026284184316046577e+02,0.000000000000000000e+00
9.884000000000000000e+03,1.029881844290492694e+02,0.000000000000000000e+00
9.885000000000000000e+03,9.494889951539195749e+01,0.000000000000000000e+00
9.886000000000000000e+03,1.065187485764770656e+02,0.000000000000000000e+00
9.887000000000000000e+03,9.741284526043075687e+01,0.000000000000000000e+00
9.888000000000000000e+03,9.736860962561313215e+01,0.000000000000000000e+00
9.889000000000000000e+03,1.050678303922422714e+02,0.000000000000000000e+00
9.890000000000000000e+03,1.058528175012161796e+02,0.000000000000000000e+00
9.891000000000000000e+03,1.088132739807320775e+02,0.000000000000000000e+00
9.892000000000000000e+03,1.061305697849763021e+02,0.000000000000000000e+00
9.893000000000000000e+03,1.001704731227881666e+02,0.000000000000000000e+00
9.894000000000000000e+03,1.069084119099337755e+02,0.000000000000000000e+00
9.895000000000000000e+03,1.064628556842168905e+02,0.000000000000000000e+00
9.896000000000000000e+03,1.048713915133764374e+02,0.000000000000000000e+00
9.897000000000000000e+03,1.000215176529127632e+02,0.000000000000000000e+00
9.898000000000000000e+03,1.039450476695369758e+02,0.000000000000000000e+00
9.899000000000000000e+03,1.012412852007604585e+02,0.000000000000000000e+00
9.900000000000000000e+03,9.484546437243989203e+01,0.000000000000000000e+00
9.901000000000000000e+03,1.033176121160449128e+02,0.000000000000000000e+00
9.902000000000000000e+03,9.825119018040766150e+01,0.000000000000000000e+00
9.903000000000000000e+03,9.564758540871063985e+01,0.000000000000000000e+00
9.904000000000000000e+03,9.972252886771325109e+01,0.000000000000000000e+00
9.905000000000000000e+03,9.508717693748175748e+01,0.000000000000000000e+00
9.906000000000000000e+03,1.001607371605076366e+02,0.000000000000000000e+00
9.907000000000000000e+03,9.859577022467516372e+01,0.000000000000000000e+00
9.908000000000000000e+03,9.599821628458312262e+01,0.000000000000000000e+00
9.909000000000000000e+03,9.611307207131486052e+01,0.000000000000000000e+00
9.910000000000000000e+03,1.020460526070498304e+02,0.000000000000000000e+00
9.911000000000000000e+03,1.014998714962359259e+02,0.000000000000000000e+00
9.912000000000000000e+03,1.069375246932367816e+02,0.000000000000000000e+00
9.913000000000000000e+03,1.003787833805814529e+02,0.000000000000000000e+00
9.914000000000000000e+03,9.988129703273827431e+01,0.000000000000000000e+00
9.915000000000000000e+03,9.695033376798593849e+01,0.000000000000000000e+00
9.916000000000000000e+03,9.853281161923545994e+01,0.000000000000000000e+00
9.917000000000000000e+03,1.038822925662851731e+02,0.000000000000000000e+00
9.918000000000000000e+03,1.044648014782276846e+02,0.000000000000000000e+00
9.919000000000000000e+03,9.714815882589971352e+01,0.000000000000000000e+00
9.920000000000000000e+03,1.029604991359940129e+02,0.000000000000000000e+00
9.921000000000000000e+03,1.038571892043671454e+02,0.000000000000000000e+00
9.922000000000000000e+03,1.026096050420061658e+02,0.000000000000000000e+00
9.923000000000000000e+03,1.032517653822432635e+02,0.000000000000000000e+00
9.924000000000000000e+03,1.039557560135748560e+02,0.000000000000000000e+00
9.925000000000000000e+03,1.026603262129885934e+02,0.000000000000000000e+00
9.926000000000000000e+03,1.089604990008137975e+02,0.000000000000000000e+00
9.927000000000000000e+03,9.938240649780301794e+01,0.000000000000000000e+00
9.928000000000000000e+03,1.028538182603103621e+02,0.000000000000000000e+00
9.929000000000000000e+03,1.044410925786697959e+02,0.000000000000000000e+00
9.930000000000000000e+03,9.874816647719666207e+01,0.000000000000000000e+00
9.931000000000000000e+03,9.905578397264351054e+01,0.000000000000000000e+00
9.932000000000000000e+03,1.013946292366399575e+02,0.000000000000000000e+00
9.933000000000000000e+03,1.025406411059514227e+02,0.000000000000000000e+00
9.934000000000000000e+03,9.924453699390586792e+01,0.000000000000000000e+00
9.935000000000000000e+03,9.637732392037500517e+01,0.000000000000000000e+00
9.936000000000000000e+03,9.818991320998954109e+01,0.000000000000000000e+00
9.937000000000000000e+03,1.014966831258344229e+02,0.000000000000000000e+00
9.938000000000000000e+03,1.027721482478787607e+02,0.000000000000000000e+00
9.939000000000000000e+03,1.048009011119347917e+02,0.000000000000000000e+00
9.940000000000000000e+03,1.090619115292223285e+02,0.000000000000000000e+00
9.941000000000000000e+03,1.041532769958520817e+02,0.000000000000000000e+00
9.942000000000000000e+03,9.609426623511222942e+01,0.000000000000000000e+00
9.943000000000000000e+03,1.014329933038866898e+02,0.000000000000000000e+00
9.944000000000000000e+03,1.014847830646404958e+02,0.000000000000000000e+00
9.945000000000000000e+03,1.023337503586267871e+02,0.000000000000000000e+00
9.946000000000000000e+03,9.920646201584189328e+01,0.000000000000000000e+00
9.947000000000000000e+03,1.001896956546682702e+02,0.000000000000000000e+00
9.948000000000000000e+03,9.837020868959770326e+01,0.000000000000000000e+00
9.949000000000000000e+03,1.009007767711496797e+02,0.000000000000000000e+00
9.950000000000000000e+03,1.059109082485882283e+02,0.000000000000000000e+00
9.951000000000000000e+03,1.022765107233855417e+02,0.000000000000000000e+00
9.952000000000000000e+03,9.740345329588375023e+01,0.000000000000000000e+00
9.953000000000000000e+03,1.018803467823121451e+02,0.000000000000000000e+00
9.954000000000000000e+03,1.029332849390435598e+02,0.000000000000000000e+00
9.955000000000000000e+03,1.070788071918326381e+02,0.000000000000000000e+00
9.956000000000000000e+03,1.030499315440177241e+02,0.000000000000000000e+00
9.957000000000000000e+03,1.067205406961400769e+02,0.000000000000000000e+00
9.958000000000000000e+03,1.035522064682218115e+02,0.000000000000000000e+00
9.959000000000000000e+03,1.028389732349859997e+02,0.000000000000000000e+00
9.960000000000000000e+03,9.597697355255947116e+01,0.000000000000000000e+00
9.961000000000000000e+03,9.867467649030025711e+01,0.000000000000000000e+00
9.962000000000000000e+03,1.007835543571647179e+02,0.000000000000000000e+00
9.963000000000000000e+03,1.055431903664827757e+02,0.000000000000000000e+00
9.964000000000000000e+03,1.027906705424402816e+02,0.000000000000000000e+00
9.965000000000000000e+03,1.026489682686489999e+02,0.000000000000000000e+00
9.966000000000000000e+03,1.011405853674758930e+02,0.000000000000000000e+00
9.967000000000000000e+03,1.006761086327944668e+02,0.000000000000000000e+00
9.968000000000000000e+03,1.022124658492943752e+02,0.000000000000000000e+00
9.969000000000000000e+03,9.967919242835417037e+01,0.000000000000000000e+00
9.970000000000000000e+03,1.041112812666083443e+02,0.000000000000000000e+00
9.971000000000000000e+03,9.875989363775794061e+01,0.000000000000000000e+00
9.972000000000000000e+03,9.374233153505127802e+01,0.000000000000000000e+00
9.973000000000000000e+03,9.767103084463997220e+01,0.000000000000000000e+00
9.974000000000000000e+03,1.024410734168376820e+02,0.000000000000000000e+00
9.975000000000000000e+03,1.011765649128148965e+02,0.000000000000000000e+00
9.976000000000000000e+03,9.973981111110130371e+01,0.000000000000000000e+00
9.977000000000000000e+03,1.083069533478270188e+02,0.000000000000000000e+00
9.978000000000000000e+03,1.034862117035826969e+02,0.000000000000000000e+00
9.979000000000000000e+03,9.754338634424829024e+01,0.000000000000000000e+00
9.980000000000000000e+03,1.009072361146201473e+02,0.000000000000000000e+00
9.981000000000000000e+03,1.002687989677899907e+02,0.000000000000000000e+00
9.982000000000000000e+03,1.032775973371760188e+02,0.000000000000000000e+00
9.983000000000000000e+03,1.066683433202949658e+02,0.000000000000000000e+00
9.984000000000000000e+03,1.045542266473194104e+02,0.000000000000000000e+00
9.985000000000000000e+03,9.479309012983463845e+01,0.000000000000000000e+00
9.986000000000000000e+03,1.018718136472389943e+02,0.000000000000000000e+00
9.987000000000000000e+03,1.012551940960044590e+02,0.000000000000000000e+00
9.988000000000000000e+03,9.831947976453056981e+01,0.000000000000000000e+00
9.989000000000000000e+03,1.015244859570991309e+02,0.000000000000000000e+00
9.990000000000000000e+03,9.725808684281842886e+01,0.000000000000000000e+00
9.991000000000000000e+03,1.021753323418544284e+02,0.000000000000000000e+00
9.992000000000000000e+03,1.011316655086331622e+02,0.000000000000000000e+00
9.993000000000000000e+03,9.899770130742280116e+01,0.000000000000000000e+00
9.994000000000000000e+03,1.026446833869931226e+02,0.000000000000000000e+00
9.995000000000000000e+03,1.064054597341491757e+02,0.000000000000000000e+00
9.996000000000000000e+03,9.917565261540107713e+01,0.000000000000000000e+00
9.997000000000000000e+03,1.022211008035185387e+02,0.000000000000000000e+00
9.998000000000000000e+03,1.018973184616539243e+02,0.000000000000000000e+00
9.999000000000000000e+03,1.043587954607263129e+02,0.000000000000000000e+00
